getInstallerPackageName,_newselect,mprotect,getPackageInfo,CREATE_FOLDER_____,mkdir,pread64,munmap,statfs64,getActivityInfo,FS_ACCESS(READ)____,getApplicationInfo,rename,access,gettid,queryIntentServices,NETWORK_ACCESS____,stat64,open,lstat64,Class
0,0,298,4,3,5,230,102,2,0,38,5,6,484,217,0,29,327,227,93,3
0,0,3051,11,14,27,208,526,13,4,1398,7,12,264,375,1,22,404,2050,118,1
0,0,333,6,4,8,33,78,0,0,26,5,2,30,54,0,3,41,77,10,0
0,0,113,2,3,3,2,29,0,0,9,0,1,14,57,0,0,35,28,7,1
1,9,2336,11,19,26,70,91,3,0,36,13,6,141,71,0,2,128,155,32,4
1,3,1572,20,7,8,150,187,2,2,76,5,7,88,42,0,1,145,227,25,4
0,0,50,1,3,3,24,28,0,0,8,0,1,8,23,0,0,21,26,5,2
0,0,554,7,7,11,165,165,4,1,766,1,2,147,284,0,10,199,996,64,1
0,0,281,1,3,3,20,40,0,0,16,0,1,15,27,0,0,29,49,6,2
0,0,1203,21,11,13,1741,326,1,2,1007,26,16,291,358,1,11,238,1174,147,0
0,0,269,1,3,3,48,84,0,0,14,0,2,22,35,0,0,54,45,6,2
0,0,166,1,0,0,49,55,0,2,8,0,0,3,24,0,0,27,22,3,0
0,0,56,1,0,0,1,2,0,0,9,0,0,3,21,0,0,11,24,3,1
0,0,105,1,0,0,1,5,0,0,10,3,2,11,29,0,3,35,27,5,3
0,0,55,1,3,3,24,28,0,0,8,0,3,12,23,0,0,25,28,7,2
0,0,42,1,2,2,1,3,0,0,9,0,0,3,21,0,0,9,25,3,3
0,0,224,3,4,4,35,82,0,0,15,1,2,40,49,0,0,62,55,12,0
0,0,782,40,15,19,80,277,2,0,956,4,17,231,470,0,16,206,1186,70,3
0,0,180,1,3,3,22,47,0,0,14,0,0,12,26,0,0,40,44,4,2
0,0,56,1,3,3,24,28,0,0,8,0,3,12,23,0,1,25,28,7,2
2,21,1432,34,12,18,447,475,6,3,68,27,39,338,169,1,5,346,344,63,4
0,0,710,4,10,12,25,719,1,2,70,2,1,48,402,0,8,83,176,24,1
0,0,2879,11,29,48,538,564,10,0,375,18,26,691,296,0,34,718,1137,143,3
0,0,555,75,0,6,589,472,8,0,48,5,2,514,164,0,6,644,567,42,3
0,0,466,3,5,5,29,192,0,2,987,1,1,22,315,0,10,55,1095,13,2
0,0,0,0,0,0,0,0,0,0,0,0,0,0,0,0,0,0,0,0,4
0,0,84,2,2,2,6,13,0,0,14,0,0,5,29,0,0,19,42,3,1
15,26,791,31,6,6,402,374,1,5,33,12,2,150,215,0,8,256,203,13,4
0,0,440,1,11,12,6,63,1,0,64,1,0,22,31,0,7,42,136,15,3
0,0,179,2,2,2,31,45,0,0,35,0,0,9,37,0,0,21,61,3,2
0,0,295,3,5,5,6,155,0,1,748,1,2,44,496,0,10,73,861,25,3
0,0,215,1,4,4,14,32,0,0,18,0,0,16,22011,9,1,69,38,4,1
0,0,325,8,7,9,54,113,0,0,30,11,5,63,53,0,0,74,79,25,0
0,0,55,1,3,3,24,28,0,0,8,0,3,12,23,0,0,25,28,7,2
0,0,88,1,0,2,74,50,1,0,10,0,0,80,21,0,0,90,99,16,3
0,0,186,1,4,4,259,54,1,0,17,0,0,192,33,0,0,259,178,4,2
0,0,228,2,2,8,45,73,0,3,16,0,0,5,28,0,0,25,59,3,3
3,5,897,102,17,20,439,492,4,4,687,10,33,427,288,3,12,603,1049,54,4
0,0,5726,3,3,3,9,27,0,0,18,1,0,12,36,0,0,16,44,5,4
0,0,170,1,3,3,5,18,0,0,16,0,0,8,33,0,0,74,40,4,1
0,0,318,3,5,5,31,93,0,5,932,1,2,46,538,0,11,88,1035,28,3
0,0,295,3,5,5,27,72,0,4,635,1,3,50,302,0,10,83,708,30,1
0,0,238,9,7,9,32,118,0,0,15,13,3,66,63,0,0,70,63,19,0
0,0,328,1,4,5,6,55,1,0,64,0,0,12,31,0,0,52,139,14,1
0,0,492,75,0,6,381,430,8,0,56,4,0,339,153,0,6,443,460,30,3
1,14,713,6,10,11,12,66,3,0,55,6,16,130,52,0,2,62,148,25,4
0,0,55,1,3,3,24,28,0,0,8,0,3,12,23,0,0,25,28,7,2
0,0,96,2,3,3,19,32,0,0,10,0,3,17,26,0,0,37,33,8,2
0,0,108,2,0,2,26,29,0,0,10,0,0,11,22,0,0,22,33,16,3
1,6,1596,17,8,8,351,375,1,1,41,5,7,168,222,0,9,273,244,21,4
3,24,1009,20,14,15,477,404,4,7,72,23,49,450,77,3,5,446,526,68,4
3,32,1032,298,14,16,525,727,4,4,153,12,46,611,149,0,5,845,475,61,4
0,0,419,3,6,6,19,129,0,1,709,1,7,39,292,0,11,72,798,20,2
0,0,243,4,5,5,43,112,0,0,15,10,5,64,62,0,0,64,63,20,0
0,0,90,1,2,2,21,29,0,0,14,0,0,7,24,0,0,16,34,3,2
0,0,249,1,2,2,43,63,0,0,15,0,0,5,31,0,0,31,44,3,2
0,0,509,2,3,3,18,40,0,0,25,2,0,11,32,0,0,27,59,7,0
0,0,59,1,0,1,88,52,1,0,10,1,0,92,21,0,0,104,113,15,3
0,0,67,1,0,0,2,3,0,0,8,0,0,3,21,0,0,15,22,3,3
0,0,56,1,3,3,24,28,0,0,8,0,3,12,23,0,0,25,28,7,2
1,10,634,25,10,11,170,260,2,5,537,7,4,149,518,0,11,239,777,28,4
0,0,413,3,5,5,28,180,0,1,762,1,1,22,301,0,11,48,870,13,2
0,0,54,1,3,3,24,28,0,0,8,0,3,12,23,0,0,25,28,7,2
0,0,2659,1,3,3,7,20,0,0,18,0,0,6,31,0,0,19,42,3,4
0,0,38,1,2,2,1,5,0,0,8,0,0,5,22,1,0,10,23,3,4
0,0,55,1,3,3,24,28,0,0,8,0,3,12,23,0,0,25,28,7,2
0,24,282,4,5,7,46,125,0,0,25,9,6,61,72,0,0,56,101,21,0
0,0,881,3,5,5,19,115,0,1,803,1,1,22,281,0,10,38,888,13,2
2,8,300,8,5,5,249,163,1,0,29,7,18,233,37,3,2,290,325,24,4
0,0,198,1,3,3,20,40,0,0,16,0,1,15,27,0,0,29,49,6,2
0,0,307,11,6,6,204,143,1,1,61,15,7,194,68,0,5,237,289,19,0
2,17,558,13,8,11,283,208,3,0,65,19,43,340,63,3,5,425,473,52,4
0,0,328,1,4,5,6,55,1,0,64,0,0,12,31,0,0,52,139,14,1
0,0,22,1,0,1,2,3,0,0,9,1,0,8,21,0,0,17,27,15,3
0,0,183,2,2,2,32,46,0,0,35,0,0,9,28,0,0,25,61,3,2
0,0,125,2,2,2,31,42,0,0,14,0,0,9,29,0,0,21,35,3,2
0,0,170,10,1,1,31,19,1,0,12,2,1,43,29,0,0,52,58,4,3
0,0,418,3,5,5,19,127,0,1,781,1,1,22,281,0,10,46,866,13,2
0,0,554,6,2,3,49,129,2,0,36,4,0,93,223,0,8,73,93,30,3
0,0,154,1,2,2,15,25,0,0,15,0,0,5,27,0,0,21,37,3,2
0,0,312,15,10,12,13,122,0,1,703,6,5,92,305,0,13,87,803,45,0
0,3,429,3,7,7,104,29,1,3,15,1,2,100,201,11,9,149,107,15,3
0,0,428,3,5,5,19,141,0,1,770,1,1,22,290,0,10,48,857,13,2
0,0,87,1,3,3,20,27,0,0,10,0,3,12,24,0,0,33,32,7,2
0,0,614,4,3,4,104,166,2,0,77,3,8,488,209,0,25,222,249,100,3
1,0,529,6,7,7,48,298,0,1,1587,1,4,57,935,0,11,125,1746,34,4
0,0,51,1,3,3,24,28,0,0,8,0,1,8,23,0,0,21,26,5,2
0,0,267,1,2,2,18,22,0,0,14,0,0,5,30,0,0,17,42,3,2
0,0,348,2,3,3,18,40,0,0,25,2,0,11,32,0,0,27,59,7,0
0,0,50,1,3,3,24,28,0,0,8,0,1,8,23,0,0,21,26,5,2
0,0,403,1,3,3,6,74,0,0,21,0,4,16,40,0,0,37,50,8,1
1,4,4155,23,0,3,350,518,2,0,276,26,2,325,113,0,1,421,598,11,4
0,0,662,4,6,12,56,114,7,1,103,2,9,91,209,0,8,112,287,39,3
0,0,1220,9,9,9,383,478,1,11,66,1,11,282,253,0,9,289,471,25,3
0,0,33,1,0,0,3,3,0,0,8,0,0,3,21,0,0,15,22,3,3
0,0,364,3,6,6,80,231,0,1,965,1,1,51,1367,0,10,154,1182,19,3
0,0,270,3,3,3,41,267,0,1,63,2,2,47,630,0,11,70,289,16,0
0,0,873,3,7,8,51,116,1,0,66,1,11,44,30,0,0,68,166,27,3
0,0,54,1,3,3,24,28,0,0,8,0,3,12,23,0,0,25,28,7,2
0,0,77,3,3,3,2,3,0,1,8,0,0,5,31,0,0,15,24,3,1
0,0,242,1,3,3,6,13,0,0,10,0,14,14254,52,0,0,60,43,18,1
0,0,54,1,3,3,24,28,0,0,8,0,3,12,23,0,0,25,28,7,2
0,0,379,6,5,5,63,48,1,2,25,1,0,55,189,0,8,67,88,10,1
0,0,920,51,4,17,415,226,13,3,103,19,94,751,286,2,13,447,642,164,3
0,0,55,1,3,3,24,28,0,0,8,0,3,12,23,0,0,25,28,7,2
0,0,20,1,0,0,1,2,0,0,8,0,0,3,21,0,0,11,22,3,1
0,0,16,0,0,1,0,5,0,0,729,0,0,10,12,0,0,0,751,0,3
0,0,122,1,3,3,33,61,0,0,14,0,0,16,29,0,0,33,44,4,2
0,0,236,1,2,2,43,61,0,0,15,0,0,5,27,0,0,31,44,3,2
0,0,56,1,3,3,24,28,0,0,8,0,3,12,23,0,0,25,28,7,2
0,0,161,1,3,3,56,46,1,0,18,0,0,27,30,0,0,56,62,3,1
0,0,268,1,2,2,18,22,0,0,14,0,0,5,26,0,0,17,42,3,2
0,0,167,1,2,2,16,31,0,0,15,0,0,5,31,0,0,17,37,3,2
0,0,376,1,3,3,28,44,0,0,95,0,0,8,35,0,0,27,143,9,4
0,0,324,1,0,2,3,42,1,0,71,2,0,12,25,0,0,32,139,15,3
0,0,55,1,3,3,24,28,0,0,8,0,3,12,23,0,0,25,28,7,2
0,0,359,3,6,6,24,130,0,1,1217,1,4,48,276,0,10,405,1304,22,1
0,7,655,5,8,18,143,215,0,8,787,2,3,57,261,0,11,93,871,19,4
0,0,110,1,3,3,33,49,0,0,14,0,2,12,25,0,1,35,46,6,2
0,0,55,1,3,3,24,28,0,0,8,0,3,12,23,0,0,25,28,7,2
0,0,262,1,2,2,18,22,0,0,14,0,0,5,26,0,0,17,42,3,2
0,0,170,1,3,3,5,18,0,0,16,0,0,8,33,0,0,72,40,4,1
0,0,181,1,2,2,21,40,0,0,16,0,0,20,34,0,0,32,58,31,1
0,0,232,2,0,2,2,48,3,0,20,2,2,66,48,0,7,77,47,38,3
0,0,138,3,3,3,48,29,1,0,10,0,0,37,29,0,0,65,62,3,1
0,304,906,11,4,6,209,406,0,4,81,0,9,113,57,0,0,273,209,22,4
0,0,55,1,3,3,24,28,0,0,8,0,3,12,27,0,0,25,28,7,2
1,0,695,19,8,8,91,185,0,4,711,9,10,72,453,1,10,99,818,27,4
1,79,1817,65,13,15,4943,2878,4,11,101,29,39,5429,121,10,9,4221,4869,69,4
0,160,3175,12,28,58,134,603,30,0,991,19,31,383,461,0,38,304,1674,341,3
0,0,175,1,2,2,17,28,0,0,15,0,0,5,27,0,0,17,37,3,2
0,0,31,1,3,3,1,0,0,0,8,0,0,5,23,0,6,19,23,3,3
0,0,261,1,2,2,18,22,0,0,14,0,0,5,26,0,0,17,42,3,2
0,0,142,3,0,0,6,23,0,0,15,4,1,28,32,0,0,25,33,9,0
0,0,116,2,3,3,2,29,0,0,9,0,1,14,57,0,0,35,28,7,1
0,0,194,1,3,3,41,73,0,0,15,0,1,18,33,0,0,48,38,5,2
0,0,744,7,20,29,192,271,1,3,714,5,3,168,291,0,11,94,979,41,4
0,0,59,1,0,0,13,14,0,0,8,0,0,3,21,0,0,15,22,3,4
0,0,456,3,5,5,19,120,0,1,713,1,1,22,272,0,10,40,796,13,2
0,0,58,1,0,1,86,51,1,0,10,1,0,90,21,0,0,102,111,15,3
8,22,979,60,8,8,247,492,6,4,873,1,22,135,900,0,16,170,1057,37,4
0,0,149,1,3,3,1,6,0,0,35,0,0,6,28,0,0,33,59,4,1
0,0,937,21,11,16,77,272,3,0,207,13,21,140,92,0,1,154,621,97,0
0,0,366,3,6,6,70,108,1,1,442,1,2,53,228,2,10,101,513,13,1
0,7,280,11,7,10,64,96,0,0,28,3,15,40,58,2,2,65,77,19,4
0,0,34,1,2,2,1,0,0,0,8,0,0,3,21,0,0,11,23,3,2
0,0,146,1,3,3,16,29,0,0,16,0,0,10,28,0,0,20,38,4,2
0,0,288,3,5,5,6,145,0,1,764,1,2,44,495,0,10,72,878,25,3
0,0,577,2,10,14,90,153,0,1,365,3,1,721,54,0,2,44,471,13,3
1,3,1305,109,5,5,437,486,1,9,23,134,29,205,66,1,1,244,207,41,4
0,0,181,1,3,3,64,94,1,0,15,0,0,45,34,0,0,69,61,3,4
0,0,144,2,3,3,4,5,0,0,10,1,0,6,27,0,0,17,30,3,3
0,0,98,1,0,0,19,7,1,0,9,0,0,19,22,0,0,32,35,3,1
0,160,2989,14,29,49,149,502,10,1,565,21,29,385,343,0,33,316,1120,338,3
0,0,411,9,1,2,80,134,5,0,34,6,4,112,195,0,8,144,120,35,3
0,153,690,20,9,15,164,334,7,0,107,17,12,216,353,0,10,252,332,43,0
0,0,588,8,11,25,50,170,2,4,825,17,31,163,338,0,13,284,975,51,1
0,23,271,4,5,7,43,125,0,0,24,8,7,68,67,0,0,63,93,23,0
0,0,295,3,5,5,7,148,0,1,786,1,2,44,507,0,10,72,897,25,3
0,0,338,4,7,7,54,286,0,1,67,6,3,67,613,0,11,103,286,25,0
0,0,953,3,5,5,19,132,0,1,771,1,1,22,285,0,10,38,856,13,2
0,0,25,1,0,1,16,5,1,0,10,1,0,20,21,0,0,32,41,15,3
0,0,271,1,3,3,29,39,0,0,15,0,0,73,55,0,0,79,44,3,1
0,0,59,1,0,1,88,52,1,0,10,1,0,92,21,0,0,104,113,15,3
0,0,56,1,3,3,24,28,0,0,8,0,2,10,23,0,0,29,27,6,2
0,0,207,3,3,3,25,42,0,1,23,1,0,20,182,0,8,25,51,10,1
0,160,2946,13,29,49,149,503,10,1,556,21,29,385,333,0,33,316,1111,338,3
0,0,16,0,0,1,0,5,0,0,718,0,0,10,12,0,0,0,741,0,3
0,0,155,1,2,2,15,27,0,0,15,0,0,5,27,0,0,21,37,3,2
0,0,409,3,6,6,19,129,0,1,832,1,7,39,285,0,11,71,925,20,2
0,0,302,3,5,5,7,148,0,1,862,1,2,44,506,0,11,72,975,25,3
0,0,93,1,0,0,3,7,0,0,9,0,1,9,23,0,0,25,24,4,3
0,0,248,1,2,2,43,65,0,0,15,0,0,5,27,0,0,31,44,3,2
1,4,558,7,10,13,128,157,1,2,628,3,14,138,266,0,12,122,756,28,4
0,0,53,1,3,3,24,28,0,0,8,0,3,12,23,0,0,25,28,7,2
0,0,326,1,2,2,159,211,0,0,16,0,0,5,29,0,0,45,54,3,1
0,0,209,1,2,2,1,6,0,0,9,0,0,5,26,1,0,16,26,3,4
0,0,398,3,5,5,19,143,0,1,782,1,1,22,286,0,11,48,874,13,2
0,0,166,1,0,0,49,55,0,2,8,0,0,3,24,0,0,27,22,3,0
0,0,149,1,3,3,5,15,0,0,16,0,0,8,31,0,0,32,40,4,2
0,0,58,1,0,1,86,51,1,0,10,1,0,90,21,0,0,102,111,15,3
0,0,183,1,3,3,22,47,0,0,14,0,0,12,30,0,0,40,44,4,2
0,0,289,4,0,0,53,61,1,0,20,7,2,93,193,0,10,91,97,26,3
0,0,183,2,3,3,18,40,0,0,25,2,0,11,32,0,0,27,59,7,0
0,0,31,1,2,2,1,2,0,0,8,0,0,3,21,0,0,21,23,3,1
0,0,90,2,3,3,28,41,0,0,10,0,2,15,26,0,0,35,32,7,2
0,0,51,1,3,3,24,28,0,0,8,0,1,8,23,0,0,21,26,5,2
0,0,347,3,3,3,9,14,0,1,14,1,0,18,177,0,8,19,40,10,2
0,0,441,9,6,10,55,185,4,2,51,14,10,107,231,0,9,101,157,34,0
0,0,879,3,5,5,19,120,0,1,735,1,1,22,278,0,9,38,818,13,2
0,0,329,1,4,5,6,55,1,0,64,0,0,12,31,0,0,52,139,14,1
0,0,495,3,10,9,163,211,1,1,1014,1,5,85,268,0,10,82,1119,19,4
6,72,1806,68,15,16,531,470,6,6,104,35,45,605,335,2,23,624,709,80,4
0,0,285,3,2,8,68,94,0,3,16,0,0,6,32,0,0,30,51,3,3
0,0,268,1,2,2,18,22,0,0,14,0,0,5,26,0,0,17,42,3,2
0,159,3856,19,28,62,1031,755,30,0,494,20,31,1351,366,0,60,1314,1738,382,3
0,0,394,3,6,6,17,112,0,1,763,1,7,39,281,0,11,72,849,20,2
0,0,236,1,3,3,5,12,0,0,10,0,8,13931,52,0,0,54,37,12,1
0,0,31,1,3,3,1,0,0,0,8,0,0,5,23,0,6,19,23,3,3
0,0,31,1,3,3,1,0,0,0,8,0,0,5,23,0,6,19,23,3,3
0,0,56,1,0,0,1,2,0,0,9,0,0,3,21,0,0,11,24,3,1
0,28,457,5,4,6,51,176,0,1,840,6,6,178,326,0,11,109,974,125,0
0,0,761,11,14,18,798,679,3,0,117,6,6,469,243,0,0,475,307,62,0
0,0,959,3,8,10,49,158,2,0,122,0,10,44,39,0,0,92,269,37,3
0,0,313,1,2,2,160,179,0,0,14,0,0,5,34,0,0,35,41,3,1
0,0,471,4,7,7,75,145,0,1,711,3,4,55,298,0,10,92,784,26,1
0,0,271,3,6,6,15,58,0,1,472,1,2,46,256,0,11,70,536,13,2
0,0,517,5,7,7,161,191,1,2,885,5,7,116,322,0,10,179,1020,25,0
0,0,123,1,3,3,17,29,0,0,15,0,0,8,25,0,0,20,46,4,2
0,0,74,1,2,2,36,43,0,0,8,0,0,7,24,0,0,18,23,3,2
0,0,2945,11,29,48,538,563,10,0,375,18,27,677,296,0,31,709,1138,144,3
0,0,328,1,4,5,6,55,1,0,64,0,0,12,31,0,0,52,139,14,1
0,0,386,6,6,6,45,148,0,0,18,13,7,101,223,0,8,112,82,32,0
0,0,341,3,6,6,70,108,1,1,455,1,2,53,232,2,10,101,526,13,1
0,0,642,6,5,11,72,189,7,4,67,3,0,68,89,0,0,143,174,4,0
0,0,499,3,5,5,19,134,0,1,730,1,1,22,282,0,11,48,819,13,2
0,0,476,4,7,8,32,153,1,0,114,1,2,63,293,0,10,104,226,32,4
0,0,230,2,4,4,41,83,0,0,20,1,0,21,35,0,0,29,50,9,0
0,0,227,1,3,3,5,12,0,0,10,0,7,22,52,0,0,53,36,11,1
0,0,235,3,10,14,20,30,1,2,19,1,1,36,39,0,0,56,66,7,3
0,0,52,1,3,3,24,28,0,0,8,0,1,8,23,0,0,21,26,5,2
4,46,1328,49,19,23,417,366,7,10,80,19,56,464,156,4,16,459,474,88,4
0,0,132,3,3,3,5,9,0,0,11,1,1,20,192,0,8,35,39,13,4
0,0,437,1,4,4,11,23,0,0,18,0,0,16,34,0,0,73,38,4,2
0,0,302,2,4,4,112,116,1,0,26,0,2,33,32,0,0,55,74,7,4
0,0,93,2,3,3,1,2,0,0,8,1,0,4,21,0,0,11,23,3,3
0,0,356,3,4,4,36,127,0,1,719,1,0,23,266,0,11,28,783,11,2
0,0,260,1,2,2,18,22,0,0,14,0,0,5,26,0,0,17,42,3,2
0,0,59,1,0,0,1,2,0,0,9,0,0,3,21,0,0,11,24,3,1
0,0,142,3,3,3,48,29,1,0,10,0,0,37,29,0,0,65,62,3,1
0,160,2944,13,29,49,149,502,10,1,556,21,29,387,334,0,33,316,1111,338,3
0,0,157,1,2,2,15,27,0,0,15,0,0,5,31,0,0,21,37,3,2
0,0,829,1,4,4,415,506,0,0,91,0,3,22,57,0,0,266,131,7,3
0,0,335,3,5,5,76,184,0,1,826,1,1,50,1285,0,13,139,1027,22,3
0,0,238,3,6,8,24,40,0,2,16,0,0,5,26,0,0,21,44,3,3
0,0,140,1,3,3,1,21,0,0,10,0,0,6,45,0,8,31,29,4,1
0,0,419,1,2,2,154,188,0,0,26,0,0,5,29,0,0,37,58,3,1
0,0,54,1,3,3,24,28,0,0,8,0,3,12,23,0,0,25,28,7,2
0,0,52,1,3,3,24,28,0,0,8,0,1,8,23,0,0,21,26,5,2
0,0,299,3,4,4,37,144,0,0,558,2,0,23,336,0,11,35,635,11,1
0,0,257,3,8,8,69,109,0,0,15,0,0,22,37,0,0,37,58,7,3
0,0,161,1,3,3,56,46,1,0,18,0,0,27,30,0,0,56,62,3,1
0,0,145,1,2,2,11,61,0,0,15,0,0,33,44,0,0,50,37,3,1
0,0,16,0,0,1,0,5,0,0,730,0,0,10,12,0,0,0,754,0,3
0,0,232,3,10,14,20,30,1,2,19,1,1,36,38,0,0,56,66,7,3
0,0,270,1,2,2,18,22,0,0,14,0,0,5,26,0,0,17,42,3,2
0,0,245,1,2,2,43,61,0,0,15,0,0,5,31,0,0,31,44,3,2
0,0,625,14,0,2,72,203,3,0,217,47,14,217,662,3,8,226,308,78,4
0,0,56,1,0,0,1,2,0,0,9,0,0,3,21,0,0,11,24,3,1
0,0,92,1,3,3,26,33,0,0,10,0,3,12,24,0,0,33,32,7,2
0,0,135,1,2,2,11,61,0,0,15,0,0,33,40,0,0,50,37,3,1
0,0,55,1,3,3,24,28,0,0,8,0,3,12,23,0,0,25,28,7,2
0,0,390,3,6,6,17,117,0,1,744,1,7,39,282,0,11,72,829,20,2
0,160,3206,13,28,58,134,594,30,0,628,18,31,380,362,0,35,304,1305,341,3
0,0,154,1,3,3,16,29,0,0,16,0,0,10,24,0,0,20,38,4,2
0,0,193,1,2,2,23,37,0,0,14,0,0,5,26,0,0,27,42,3,2
0,0,57,1,3,3,24,28,0,0,8,0,3,12,23,0,0,25,28,7,2
0,0,166,1,0,0,49,55,0,2,8,0,0,3,24,0,0,27,22,3,0
0,0,1511,7,24,33,156,283,5,0,187,6,8,274,256,0,15,312,511,74,3
0,0,189,2,4,4,13,40,0,1,15,4,0,20,37,0,0,38,51,7,0
0,0,56,1,3,3,24,28,0,0,8,0,3,12,23,0,0,25,28,7,2
0,0,255,1,2,2,18,22,0,0,14,0,0,5,26,0,0,17,42,3,2
3,6,1215,29,12,13,185,233,4,3,39,15,18,114,93,0,1,118,140,20,4
0,0,347,3,3,3,9,13,0,1,13,1,0,18,177,0,8,19,37,10,2
0,0,2901,11,29,48,551,564,10,0,375,17,29,691,296,0,26,723,1147,146,3
0,0,201,3,3,3,13,68,0,1,547,1,0,22,256,0,11,21,607,10,1
0,0,2905,11,29,48,551,565,10,0,375,17,29,707,300,0,26,733,1147,146,3
0,0,101,1,2,2,13,19,0,0,14,0,0,5,22,0,0,17,42,3,2
0,0,387,4,5,7,9,196,2,2,1564,2,3,52,617,0,10,90,1730,22,0
0,0,203,9,3,5,38,126,0,0,35,2,0,135,73,0,0,53,76,184,2
0,0,324,1,3,3,28,44,0,0,75,0,0,8,35,0,0,27,119,9,4
0,0,324,4,4,4,100,235,0,0,36,3,0,69,68,0,0,192,74,12,0
0,88,1457,5,12,18,66,170,1,0,81,1,3,46,55,1,1,78,181,23,4
4,24,2275,50,20,21,383,254,4,2,143,15,80,515,154,0,3,534,582,100,4
1,10,690,37,5,18,1268,332,3,0,63,5,29,861,70,0,3,1025,884,50,4
0,0,507,12,10,10,170,528,1,2,1841,15,21,183,1134,0,11,252,2314,43,0
0,0,170,1,3,3,5,18,0,0,16,0,0,8,33,0,0,74,40,4,1
0,0,1051,5,22,27,9,126,2,0,127,4,0,91,50,0,0,102,290,52,3
0,0,139,1,4,4,48,43,1,0,15,0,0,16,26,0,0,32,48,3,1
0,0,83,1,2,2,21,21,0,0,10,0,0,3,21,0,0,19,27,3,1
0,0,52,1,3,3,24,28,0,0,8,0,1,8,23,0,0,21,26,5,2
0,0,373,3,13,23,83,274,0,1,142,1,2,54,409,0,11,70,251,27,4
0,0,145,2,3,3,4,5,0,0,10,1,0,6,27,0,0,17,30,3,3
0,0,2900,11,29,48,538,563,10,0,375,19,29,681,300,0,26,711,1140,146,3
0,0,214,2,3,3,35,51,0,1,14,0,0,19,30,0,0,48,53,4,1
1,402,1726,80,19,38,670,512,10,7,473,32,66,415,210,11,14,730,809,80,4
0,0,143,1,2,2,25,36,0,0,15,0,0,7,26,0,0,18,44,3,1
0,0,123,5,4,4,85,21,1,0,16,0,7,85,40,0,0,152,98,11,2
0,0,409,3,6,6,16,113,0,1,708,1,7,39,287,0,11,72,790,20,2
0,0,497,9,8,9,23,169,1,1,119,3,7,92,437,0,10,113,243,35,4
0,0,323,1,2,2,160,180,0,0,14,0,0,5,30,0,0,35,41,3,1
0,159,4179,12,36,76,550,781,32,0,564,21,44,1038,368,0,61,863,1639,419,3
3,18,543,16,12,13,359,219,2,2,55,30,26,369,65,6,4,447,518,37,4
0,0,243,1,2,2,18,22,0,0,14,0,0,5,26,0,0,17,42,3,2
0,4,318,3,3,3,47,60,0,1,19,1,0,7,38,0,0,23,49,3,4
3,38,8252,19,13,15,178,132,3,1,91,9,16,167,127,0,4,223,322,20,4
0,3,318,5,2,2,321,62,2,0,51,0,125,625,39,0,0,553,481,139,4
0,160,2904,13,29,49,149,503,10,1,559,22,29,387,337,0,33,316,1114,338,3
0,0,262,1,2,2,18,22,0,0,14,0,0,5,34,0,0,17,42,3,2
1,0,601,10,5,5,307,273,1,10,17,19,25,182,50,3,0,268,254,30,4
0,0,108,1,2,2,27,46,0,0,14,0,0,7,27,0,0,22,41,3,1
0,3,592,1,5,11,74,103,7,1,109,0,15,96,44,0,1,140,296,36,3
0,0,305,4,3,3,49,64,0,1,18,1,0,20,186,0,9,30,54,10,3
0,0,356,3,4,4,36,126,0,1,718,1,0,23,266,0,11,28,781,11,2
0,0,93,1,2,2,12,22,0,0,14,0,0,5,24,0,0,21,34,3,2
0,0,188,1,2,2,37,38,0,1,8,0,0,3,22,0,0,15,23,3,4
3,43,1797,25,19,23,421,378,5,10,113,19,436,2067,175,5,9,806,1078,450,4
0,160,3897,21,28,62,407,648,30,0,496,21,31,888,354,0,60,674,1402,382,3
0,0,209,3,5,5,15,51,0,1,604,1,2,41,243,0,10,58,668,16,3
0,0,199,4,5,5,6,23,1,1,21,4,19,62,188,0,8,45,70,36,3
0,0,209,2,3,3,112,123,1,0,11,0,0,87,63,0,7,133,94,3,1
0,0,176,1,2,2,16,32,0,0,15,0,0,5,27,0,0,21,37,3,2
0,0,866,3,5,5,19,118,0,1,696,1,1,22,266,0,10,38,779,13,2
0,0,196,11,8,10,57,98,1,0,17,7,1,90,57,0,0,89,82,41,0
0,0,410,1,6,6,367,336,1,0,71,0,0,314,137,0,0,534,357,5,3
2,0,201,5,4,4,90,76,1,0,10,1,6,46,36,1,0,58,61,11,4
0,0,58,1,0,1,84,50,1,0,10,1,0,88,21,0,0,100,109,15,3
3,91,1270,29,17,18,687,359,4,5,415,12,43,1231,295,0,20,1694,965,68,4
0,0,42,1,2,2,1,3,0,0,9,0,0,3,21,0,0,9,25,3,3
1,28,582,18,10,11,60,184,0,3,747,11,29,160,449,0,18,204,886,55,4
0,0,93,1,3,3,26,33,0,0,10,0,3,12,24,0,0,33,32,7,2
0,0,376,11,4,4,31,143,0,3,751,1,8,98,308,0,10,119,818,21,0
0,0,326,2,13,18,15,91,0,0,15,0,0,36,41,0,6,73,47,19,3
0,0,69,1,3,3,37,41,0,0,8,0,0,6,23,0,0,20,25,4,2
0,0,297,4,1,3,231,103,2,0,42,6,10,501,217,0,29,348,235,96,3
0,0,89,1,2,2,21,26,0,0,14,0,0,5,23,0,0,15,34,3,2
0,0,2117,4,5,5,190,4242,1,1,74,410,0,2707,1354,0,1,3105,142,6,0
0,0,669,4,6,12,56,114,7,1,103,2,9,91,209,0,8,112,287,39,3
0,0,51,1,3,3,24,28,0,0,8,0,1,8,23,0,0,21,26,5,2
1,3,408,6,14,18,186,118,1,2,23,2,5,151,38,0,1,185,194,16,4
0,12,880,18,13,14,205,408,4,5,2237,11,40,226,940,1,14,324,2577,71,4
0,0,351,2,3,3,18,40,0,0,25,2,0,11,36,0,0,27,59,7,0
0,0,216,1,3,3,5,12,0,0,10,0,7,22,54,0,1,53,36,11,1
0,0,55,1,3,3,24,28,0,0,8,0,3,12,23,0,0,25,28,7,2
0,0,359,3,4,4,36,130,0,1,650,1,0,23,266,0,11,28,712,11,2
0,0,219,3,3,3,25,42,0,1,33,1,0,20,182,0,8,25,63,10,1
0,0,298,3,0,8,21,49,4,0,135,18,0,50,84,0,5,46,212,26,3
0,0,421,3,19,30,116,276,2,1,1096,1,5,121,1527,0,13,227,1325,46,4
0,0,410,3,5,5,19,135,0,1,746,1,1,22,290,0,11,48,837,13,2
0,0,160,1,2,2,15,25,0,0,30,0,0,5,24,0,0,21,55,3,2
0,0,409,2,3,3,88,130,0,6,14,0,2,24,34,0,0,52,48,6,4
0,0,92,1,3,3,26,33,0,0,10,0,3,12,24,0,0,33,32,7,2
0,0,272,1,2,2,18,22,0,0,14,0,0,5,26,0,0,17,42,3,2
0,0,394,4,5,9,81,152,4,2,52,6,2,53,62,0,0,60,143,13,0
0,0,119,1,3,3,47,57,0,0,14,0,0,8,24,0,0,21,36,4,4
0,0,250,5,10,12,12,103,0,2,1526,6,3,79,321,0,11,90,1635,39,0
0,0,163,1,3,3,56,46,1,0,18,0,0,27,30,0,0,56,62,3,1
0,0,208,2,3,3,18,49,0,0,25,2,0,11,32,0,0,27,59,7,0
0,0,121,1,2,2,49,65,0,0,14,0,0,7,31,0,0,24,41,3,2
0,0,53,1,3,3,24,28,0,0,8,0,3,12,23,0,0,25,28,7,2
0,0,234,3,3,3,21,44,0,1,19,1,0,28,189,0,8,47,57,10,2
0,0,209,1,4,4,8,76,0,0,61,0,0,13,77,8,0,153,95,4,3
0,0,86,2,3,3,26,39,0,0,10,0,3,17,26,0,0,37,33,8,2
0,0,55,1,3,3,24,28,0,0,8,0,3,12,23,0,0,25,28,7,2
0,0,494,9,1,2,80,124,5,0,34,6,4,112,195,0,8,142,120,35,3
0,0,201,2,5,5,77,91,1,0,16,1,1,80,44,0,0,105,82,11,3
2,20,2909,18,19,25,252,311,13,8,138,16,23,309,186,0,4,262,419,64,4
0,0,51,1,3,3,24,28,0,0,8,0,1,8,23,0,0,21,26,5,2
0,0,2902,10,29,48,564,564,10,0,375,19,29,701,300,0,26,735,1154,146,3
0,0,134,1,2,2,1,5,0,0,10,0,0,13,28,0,0,26,27,19,1
4,25,1151,15,15,16,330,332,4,11,88,17,25,293,112,0,6,299,361,40,4
0,0,53,1,3,3,24,28,0,0,8,0,1,8,23,0,0,21,26,5,2
0,0,62,1,3,3,31,35,0,0,8,0,3,12,23,0,0,25,28,7,2
0,0,57,1,0,1,82,49,1,0,10,1,0,86,21,0,0,98,107,15,3
0,0,330,7,4,4,27,95,0,1,566,1,8,64,244,0,10,71,632,21,0
0,0,405,3,6,6,17,134,0,1,781,1,7,39,285,0,11,72,867,20,2
0,0,746,1,6,8,21,570,1,0,64,3,1,19,64,0,0,74,147,17,3
0,0,120,1,2,2,49,65,0,0,14,0,0,7,27,0,0,24,41,3,2
0,0,47,1,0,1,56,36,1,0,10,1,0,60,25,0,0,72,81,15,3
0,0,263,1,2,2,17,22,0,0,14,0,0,5,26,0,0,17,34,3,2
0,0,314,4,1,3,230,102,2,0,30,4,5,476,221,0,26,326,212,90,3
0,0,87,1,2,2,21,26,0,0,14,0,0,5,23,0,0,15,34,3,2
0,0,251,1,2,2,18,22,0,0,14,0,0,5,26,0,0,17,42,3,2
0,0,54,1,3,3,24,28,0,0,8,0,3,12,23,0,0,25,28,7,2
0,0,86,2,3,3,26,39,0,0,10,0,3,17,26,0,0,37,33,8,2
0,0,56,1,3,3,24,28,0,0,8,0,2,10,23,0,0,23,27,6,2
0,0,958,10,15,19,40,385,3,1,1680,9,4,128,1950,0,11,198,2062,83,0
1,5,608,13,8,9,52,182,2,2,133,4,2,102,501,0,11,157,299,31,4
3,22,934,27,11,14,323,1466,3,7,40,43,53,265,97,11,5,266,265,84,4
0,0,421,3,5,5,19,140,0,1,748,1,1,22,290,0,11,48,839,13,2
0,0,636,11,12,13,80,218,3,3,148,4,4,93,518,0,10,182,309,37,4
0,0,55,1,3,3,24,28,0,0,8,0,3,12,23,0,0,25,28,7,2
0,0,190,8,4,4,29,56,0,0,16,1,1,19,45,0,0,32,56,8,0
0,11,463,5,17,36,163,614,1,2,1531,1,4,123,745,0,21,158,1797,25,4
0,0,333,13,10,12,35,115,0,2,702,6,5,92,371,0,11,89,811,135,0
0,0,329,6,4,4,27,94,0,1,566,1,8,58,249,0,10,65,632,21,0
0,0,79,0,2,2,44,48,0,0,2,5,0,1,7,0,1,20,50,0,1
0,0,299,4,7,7,24,62,0,1,544,3,1,27,258,0,10,41,607,16,0
0,0,1672,28,9,12,224,275,3,1,69,6,7,163,231,0,11,204,284,26,3
0,0,56,1,3,3,24,28,0,0,8,0,2,10,23,0,0,23,27,6,2
1,8,627,39,5,5,651,651,1,84,93,188,19,467,173,0,1,808,559,24,4
0,0,299,3,3,3,9,14,0,1,14,1,0,18,177,0,8,19,40,10,2
0,160,3153,13,28,58,132,595,30,0,803,19,31,379,400,0,37,304,1477,341,3
0,0,51,1,3,3,24,28,0,0,8,0,1,8,23,0,0,21,26,5,2
3,31,1112,24,23,47,737,567,6,4,73,59,77,931,111,13,7,926,1055,270,4
0,0,89,0,2,2,45,48,0,0,2,5,0,1,15,0,1,20,50,0,2
0,0,254,1,2,2,43,63,0,0,15,0,0,5,31,0,0,31,44,3,2
0,0,99,1,2,2,21,30,0,0,14,0,0,5,26,0,0,19,40,3,0
0,0,315,3885,1,1,29,83,0,1,26,5,6,69,213,0,8,55,65,19,0
0,0,51,1,3,3,24,28,0,0,8,0,1,8,23,0,0,21,26,5,2
0,0,268,1,2,2,18,22,0,0,14,0,0,5,34,0,0,17,42,3,2
0,0,135,1,0,0,44,22,1,0,11,0,0,52,25,0,2,77,66,13,3
0,10,3079,181,26,43,1634,1521,40,2,646,19,63,1974,627,0,39,2812,2385,236,3
0,0,558,1,6,8,32,118,3,0,117,2,3,44,37,0,0,84,276,27,0
0,0,54,1,3,3,24,28,0,0,8,0,3,12,23,0,0,25,28,7,2
1,19,952,122,18,22,850,636,24,10,99,74,23,1357,85,0,2,1014,819,58,4
0,0,245,6,5,5,87,87,1,0,21,0,3,57,54,0,0,68,81,8,1
0,0,93,1,3,3,26,33,0,0,10,0,3,12,24,0,0,33,32,7,2
0,0,329,1,4,5,6,55,1,0,64,0,0,12,31,0,0,52,139,14,1
0,0,51,1,3,3,24,28,0,0,8,0,1,8,23,0,0,21,26,5,2
0,0,155,2,3,3,1,2,0,0,10,1,0,7,26,0,0,17,33,3,3
0,0,283,1,3,3,67,112,0,0,15,0,0,14,37,0,0,60,45,4,1
0,0,240,1,3,3,20,40,0,0,16,0,1,15,27,0,0,29,49,6,2
0,0,313,4,1,3,230,102,2,0,30,4,5,476,217,0,26,326,212,90,3
0,0,466,7,0,0,62,94,1,0,41,4,3,82,54,0,0,65,100,10,1
4,117,2533,78,18,27,1034,778,6,11,2083,104,110,1287,797,21,30,1182,3207,225,4
1,3,748,16,9,10,96,253,2,6,1012,6,6,101,571,0,11,158,1194,34,4
0,0,403,3,6,6,17,120,0,1,708,1,7,39,286,0,11,72,792,20,2
0,0,172,1,3,3,5,18,0,0,16,0,0,8,33,0,0,74,40,4,1
0,0,241,1,8,9,96,81,1,0,15,0,0,42,30,0,0,54,77,3,4
0,0,126,1,3,3,34,62,0,0,14,0,0,16,33,0,0,33,44,4,2
3,27,2188,27,19,24,868,899,8,6,135,19,76,498,108,3,5,450,640,104,4
0,0,214,2,0,2,2,60,3,0,21,2,4,73,48,0,9,86,50,40,3
0,160,4092,12,36,65,247,604,12,0,518,21,43,786,338,0,53,538,1297,416,3
0,0,51,1,3,3,24,28,0,0,8,0,1,8,23,0,0,21,26,5,2
0,0,118,1,2,2,49,65,0,0,14,0,0,7,23,0,0,24,41,3,2
0,0,391,1,3,3,6,72,0,0,21,0,4,16,32,0,0,37,50,8,1
0,0,58,1,0,0,1,2,0,0,9,0,0,3,21,0,0,11,24,3,1
0,0,272,3,3,3,9,13,0,1,13,1,0,18,177,0,8,19,38,10,2
0,0,106,2,3,4,8,18,0,0,15,0,0,6,23,0,0,19,45,3,2
0,0,376,3,6,6,72,236,0,1,908,1,1,51,1408,0,10,152,1115,19,3
0,159,3231,11,29,59,132,584,30,0,794,19,32,452,398,0,37,305,1467,364,3
0,0,333,4,4,8,13,95,4,1,49,5,2,46,65,0,0,67,130,13,0
0,0,2640,27,26,51,107,499,41,1,648,20,29,367,342,0,47,341,1345,174,3
0,0,253,1,2,2,43,65,0,0,15,0,0,5,27,0,0,31,44,3,2
0,0,38,1,0,0,1,2,0,0,8,0,0,3,25,0,0,11,22,3,0
0,0,135,1,3,3,5,12,0,0,13,0,0,7,30,2,0,33,31,3,1
0,0,189,1,2,2,70,154,0,0,14,0,0,5,70,0,0,69,33,3,1
0,0,533,75,0,6,590,471,8,0,47,6,2,516,164,0,7,647,573,42,3
0,0,480,3,3,3,9,14,0,1,14,1,0,18,177,0,8,19,40,10,2
0,0,198,1,4,4,28,51,0,0,22,0,0,12,38,0,0,24,64,4,4
0,0,168,1,2,2,15,25,0,0,15,0,0,5,27,0,0,21,37,3,2
0,4,1666,50,26,27,359,578,13,0,259,4,55,396,1252,0,15,320,594,144,4
0,0,58,1,0,1,84,50,1,0,10,1,0,88,21,0,0,100,109,15,3
0,0,54,1,3,3,24,28,0,0,8,0,3,12,23,0,0,25,28,7,2
0,0,199,1,2,2,21,40,0,0,16,0,0,20,38,0,0,32,58,31,1
0,0,154,1,2,2,15,25,0,0,15,0,0,5,27,0,0,21,37,3,2
0,0,263,3,5,5,13,50,0,2,553,1,3,45,276,0,10,77,618,24,1
0,0,157,1,3,3,16,27,0,0,16,0,0,10,24,0,0,20,38,4,2
0,0,67,1,3,3,38,42,0,0,8,0,0,6,23,0,0,20,25,4,2
0,0,358,3,6,6,25,88,0,2,583,1,5,39,250,0,11,81,656,19,2
0,0,268,3,6,6,15,58,0,1,493,1,2,46,249,0,11,70,558,13,2
0,0,170,1,2,2,27,58,0,0,15,0,0,7,33,0,0,26,44,3,1
0,0,124,1,2,2,41,51,0,0,14,0,0,7,23,0,0,20,33,3,2
0,0,381,5,1,4,6,90,4,0,44,5,2,131,219,0,18,115,98,65,3
0,0,41,2,4,5,2,8,0,0,8,0,0,5,28,0,0,21,27,5,1
3,37,1331,34,23,31,151,245,6,3,93,23,33,270,195,6,7,268,288,70,4
0,0,238,1,2,2,21,35,0,0,16,0,0,11,28,0,66,24,46,3,1
0,0,63,1,3,3,30,37,0,0,10,0,2,10,24,0,0,35,31,6,2
0,0,196,3,3,3,9,55,0,1,532,1,0,22,240,0,11,21,585,10,1
0,0,57,1,0,1,82,49,1,0,10,1,0,86,21,0,0,98,107,15,3
0,0,91,1,3,3,26,33,0,0,10,0,3,12,24,0,0,33,32,7,2
0,0,188,1,4,4,155,34,1,0,17,0,0,122,33,0,0,173,129,4,2
2,16,708,41,11,12,531,356,1,4,675,36,55,601,409,12,13,675,1306,83,4
0,0,162,1,3,3,56,46,1,0,18,0,0,27,30,0,0,56,62,3,1
0,0,139,1,2,2,40,79,0,0,14,0,0,5,31,0,0,31,41,3,0
1,37,961,19,7,8,371,303,7,2,67,9,37,297,148,1,5,309,362,51,4
0,0,137,3,3,3,48,29,1,0,10,0,0,37,28,0,0,65,62,3,1
0,0,345,1,3,3,77,98,0,0,15,0,0,21,26,0,0,23,49,3,4
0,0,55,1,3,3,24,28,0,0,8,0,3,12,23,0,0,25,28,7,2
0,0,1581,11,4,9,91,397,4,1,217,14,37,190,101,0,1,260,517,126,0
1,18,1276,12,17,28,70,180,2,0,102,10,9,119,85,0,3,91,245,38,4
0,0,412,3,5,5,19,137,0,1,782,1,1,22,290,0,11,48,874,13,2
0,658,460,6,5,13,98,267,4,0,66,11,7,79,94,0,0,82,210,21,0
1,39,752,11,5,7,225,316,3,0,43,2,3,179,67,1,2,233,269,12,4
0,160,2939,14,29,49,149,503,10,1,745,22,29,387,380,0,33,316,1302,338,3
0,0,108,1,2,2,28,48,0,0,14,0,0,7,27,0,0,22,41,3,1
0,0,327,4,3,4,24,42,0,1,19,1,0,22,193,0,9,30,58,10,3
0,0,175,1,3,3,11,18,0,0,15,0,0,71,53,0,0,71,43,3,1
0,0,238,3,10,14,20,30,1,2,19,1,1,36,38,0,0,56,66,7,3
0,0,252,1,3,3,44,82,0,0,16,0,3,30,39,0,0,85,42,7,2
0,0,120,1,2,2,49,65,0,0,14,0,0,7,23,0,0,24,41,3,2
0,0,115,1,1,1,64,25,1,0,15,0,0,68,22,0,0,78,87,11,3
0,0,274,3,4,4,10,27,0,1,20,2,0,26,187,0,8,35,51,11,0
0,0,806,3,11,16,33,135,3,0,119,4,21,226,58,0,0,205,432,90,3
0,0,151,1,3,3,56,46,1,0,18,0,0,27,30,0,0,56,62,3,1
2,11,966,24,16,21,429,384,4,10,44,13,19,166,81,5,2,160,203,28,4
4,61,2385,48,16,34,312,363,4,5,59,15,134,630,206,2,8,434,521,272,4
0,22,320,5,4,8,27,182,2,1,45,8,6,89,80,0,0,88,121,16,0
0,0,109,1,2,2,28,48,0,0,14,0,0,7,31,0,0,22,41,3,1
0,0,182,2,2,2,31,45,0,0,35,0,0,9,33,0,0,25,61,3,2
0,0,618,6,8,9,91,188,2,0,776,2,2,95,411,0,10,155,942,31,4
0,0,173,2,2,2,31,45,0,0,35,0,0,9,29,0,0,21,61,3,2
0,0,214,2,2,2,31,45,0,0,75,0,0,9,33,0,0,27,109,3,2
0,0,387,3,6,6,17,116,0,1,834,1,7,39,282,0,11,72,922,20,2
0,0,157,1,2,2,15,27,0,0,15,0,0,5,27,0,0,21,37,3,2
0,3,417,11,6,6,10,65,0,0,104,5,7,61,85,2,2,47,160,22,3
0,0,46,1,0,1,56,36,1,0,10,1,0,60,21,0,0,72,81,15,3
0,0,259,3,5,5,11,42,0,2,504,1,3,45,267,0,10,72,568,24,1
0,0,23,1,0,0,1,2,0,0,8,0,0,3,21,0,0,15,22,3,4
0,0,172,1,3,3,18,27,0,0,16,0,0,8,31,0,0,21,48,4,2
0,0,39,1,0,0,1,2,0,0,8,0,0,3,21,0,0,11,22,3,0
0,0,59,1,0,0,1,2,0,0,9,0,0,3,21,0,0,11,24,3,1
0,0,56,1,0,0,1,2,0,0,9,0,0,3,21,0,0,11,24,3,1
0,0,187,2,3,3,18,40,0,0,25,2,0,11,32,0,0,27,59,7,0
0,0,57,1,3,3,24,28,0,0,8,0,3,12,23,0,0,25,28,7,2
0,0,90,2,3,3,28,41,0,0,10,0,2,15,26,0,0,35,32,7,2
0,0,51,1,3,3,24,28,0,0,8,0,1,8,23,0,0,21,26,5,2
0,0,406,3,5,5,19,138,0,1,727,1,1,22,283,0,11,48,818,13,2
0,0,151,1,3,3,16,27,0,0,16,0,0,10,24,0,0,20,38,4,2
0,0,631,17,14,16,308,640,0,12,20,21,0,396,137,0,0,290,190,182,0
0,0,244,1,2,2,18,22,0,0,14,0,0,5,26,0,0,17,42,3,2
0,0,151,1,2,2,15,26,0,0,15,0,0,5,27,0,0,21,37,3,2
0,0,256,3,4,4,51,95,0,0,15,1,1,39,52,0,0,56,54,11,0
0,0,370,5,1,4,46,82,2,0,36,4,2,148,217,0,17,150,114,57,3
0,0,423,1,3,3,107,391,0,0,792,0,3,118,171,0,1,678,952,8,1
0,0,270,3,6,6,15,59,0,1,540,1,2,46,256,0,11,70,606,13,2
0,0,144,1,2,2,11,61,0,0,15,0,0,33,40,0,0,50,37,3,1
0,0,210,5,8,10,97,101,1,0,16,5,1,79,42,0,0,73,84,25,0
0,0,87,2,3,3,26,39,0,0,10,0,3,17,26,0,0,37,33,8,2
0,0,174,1,2,2,16,32,0,0,15,0,0,5,31,0,0,17,37,3,2
0,0,161,1,2,2,15,25,0,0,30,0,0,5,24,0,0,21,55,3,2
0,0,896,4,7,7,181,152,1,4,15,0,4,65,27,2,0,86,96,12,4
0,0,51,1,3,3,24,28,0,0,8,0,1,8,23,0,0,21,26,5,2
0,0,51,1,3,3,24,28,0,0,8,0,1,8,23,0,0,21,26,5,2
0,0,944,3,5,5,19,127,0,1,737,1,1,22,284,0,10,38,821,13,2
0,0,136,1,3,3,34,53,0,0,14,0,0,34,28,0,0,22,51,4,1
1,10,930,18,10,11,136,317,2,1,1512,21,13,181,607,0,13,244,1797,45,4
0,0,285,3,3,3,9,14,0,1,14,1,0,18,177,0,8,19,40,10,2
0,0,270,3,6,6,15,58,0,1,473,1,2,46,256,0,11,70,537,13,2
1,2,294,5,7,7,195,100,1,0,25,3,32,204,37,0,1,232,233,38,4
0,0,270,1,3,3,13,31,0,0,17,0,2,17,36,0,0,45,52,6,1
0,0,57,1,3,3,24,28,0,0,8,0,3,12,23,0,0,25,28,7,2
1,26,1089,25,10,26,234,398,2,0,65,5,6,172,240,1,13,144,166,30,4
0,0,650,49,0,9,171,194,10,0,133,15,3,292,308,0,9,236,420,44,3
0,0,156,1,3,3,16,27,0,0,16,0,0,10,28,0,0,20,38,4,2
0,6550,2242,17,10,27,657,918,19,2,983,22,83,1046,449,0,67,939,1932,220,3
0,0,60,1,3,3,24,28,0,0,9,0,2,10,23,0,0,27,29,6,2
3,10,1701,16,8,9,311,298,4,4,83,21,18,238,70,3,2,322,410,48,4
3,19,818,28,12,13,420,318,2,1,846,32,39,451,466,6,14,548,1375,61,4
0,0,836,10,7,9,61,187,3,0,120,4,6,80,57,0,1,126,287,39,0
0,0,87,1,3,3,20,28,0,0,9,0,1,8,25,0,0,21,28,5,2
0,0,402,5,1,2,19,94,5,0,44,5,2,136,223,0,23,134,107,52,3
0,0,155,1,2,2,15,25,0,0,15,0,0,5,27,0,0,21,37,3,2
1,6,569,16,14,17,194,151,1,4,36,4,7,198,77,1,1,231,211,16,4
0,0,427,3,5,5,19,130,0,1,697,1,1,22,290,0,10,48,782,13,2
0,0,118,1,2,2,15,13,0,0,8,0,0,3,22,0,0,15,23,3,2
0,0,302,3,5,5,7,146,0,1,729,1,2,44,487,0,10,72,840,25,3
0,0,63,1,3,3,36,43,0,0,10,0,2,10,24,0,0,35,31,6,2
1,801,1153,28,7,45,219,623,37,0,274,1,3,190,231,0,1,215,877,26,3
0,0,270,1,4,5,3,50,1,0,69,0,0,14,28,0,0,43,144,14,3
0,0,243,1,2,2,43,61,0,0,15,0,0,5,31,0,0,31,44,3,2
2,0,191,9,5,5,30,22,1,0,10,5,9,59,32,2,0,60,67,15,4
0,0,162,1,3,3,56,46,1,0,18,0,0,27,30,0,0,56,62,3,1
0,0,206,1,4,4,14,32,0,0,18,0,0,15,8455,8,0,65,38,4,1
0,0,3970,4,4,4,3,79,0,0,12,5,1,53,56,0,0,62,35,5,3
0,0,206,1,3,3,6,13,0,0,10,0,19,13784,52,0,0,65,48,23,1
0,0,1614,26,8,11,222,274,3,0,71,6,7,148,72,0,4,199,279,19,3
0,0,55,1,3,3,24,28,0,0,8,0,3,12,23,0,0,25,28,7,2
0,0,331,1,6,6,358,147,1,0,21,2,0,297,37,0,0,455,292,4,0
0,0,219,1,3,3,5,33,0,0,16,0,0,8,49,0,0,40,45,4,1
0,0,54,1,3,3,24,28,0,0,8,0,3,12,23,0,0,25,28,7,2
0,0,90,2,3,3,28,41,0,0,10,0,2,15,26,0,0,41,32,7,2
5,302,660,50,7,7,90,512,4,1,1152,1,19,113,607,0,16,432,1286,36,4
0,0,239,2,4,4,39,80,0,0,16,1,0,27,38,0,0,60,55,15,0
0,0,497,3,5,5,19,133,0,1,765,1,1,22,297,0,11,48,856,13,2
0,0,222,1,3,3,5,12,0,0,10,0,8,13878,56,0,0,54,37,12,1
0,0,270,3,6,6,15,58,0,1,507,1,2,46,256,0,11,70,572,13,2
0,0,325,1,3,3,815,223,1,2,15,0,0,488,51,0,0,567,372,3,4
0,0,431,3,5,5,19,137,0,1,820,1,1,22,290,0,11,48,911,13,2
0,168,598,4,11,15,339,259,1,0,27,10,4,230,56,0,0,276,269,20,0
0,0,130,1,2,2,5,6,0,0,8,0,0,3,26,0,0,15,23,3,3
0,0,162,1,3,3,56,46,1,0,18,0,0,27,30,0,0,56,62,3,1
0,0,156,1,2,2,15,27,0,0,15,0,0,5,27,0,0,21,37,3,2
0,0,73,1,0,0,3,8,0,0,11,0,0,14,22,0,0,24,32,23,3
0,6,430,3,5,5,92,126,0,0,16,0,1,17,40,0,0,51,44,5,4
0,0,717,15,0,5,105,182,10,2,82,11,5,146,268,0,16,125,240,36,3
0,0,261,1,2,2,18,22,0,0,14,0,0,5,26,0,0,17,42,3,2
0,0,428,9,8,8,208,409,1,5,72,7,3,163,635,0,12,212,368,41,0
0,0,448,4,7,8,43,162,1,0,114,1,2,63,287,0,10,97,224,32,4
0,0,493,3,5,5,19,134,0,1,971,1,1,22,311,0,11,48,1067,13,2
0,0,207,1,4,4,8,76,0,0,61,0,0,13,73,8,0,153,95,4,3
0,0,122,3,0,1,22,17,1,0,14,0,0,17,25,0,0,32,47,3,0
0,0,161,1,2,2,15,25,0,0,30,0,0,5,24,0,0,21,55,3,2
0,0,57,1,0,1,82,49,1,0,10,1,0,86,21,0,0,98,107,15,3
0,0,114,1,2,2,15,15,0,0,8,0,0,3,22,0,1,15,23,3,2
0,0,44,1,2,2,1,3,0,0,9,0,0,3,21,0,0,9,25,3,3
0,0,475,3,5,5,19,137,0,1,831,1,1,22,283,0,11,52,925,13,2
0,0,619,7,0,1,42,153,6,0,106,4,0,272,276,0,18,166,186,72,3
0,0,92,1,3,3,26,33,0,0,10,0,3,12,24,0,0,33,32,7,2
0,0,311,4,7,7,50,132,1,1,139,1,2,68,314,0,11,97,257,17,0
0,0,374,3,4,4,36,126,0,1,651,1,0,23,266,0,12,28,713,11,2
0,0,193,1,3,3,15,22,0,0,16,0,0,7,22,0,0,23,38,3,2
0,0,56,1,0,0,1,2,0,0,9,0,0,3,21,0,0,11,24,3,1
0,0,31,1,3,3,1,0,0,0,8,0,0,5,23,0,6,19,23,3,3
0,0,1267,1,3,3,78,95,0,0,20,0,0,10,29,0,0,26,48,4,1
0,0,399,3,5,5,19,136,0,1,728,1,1,22,298,0,11,52,818,13,2
0,0,448,3,5,5,22,137,0,1,839,1,1,22,296,0,10,49,929,13,2
0,0,313,4,3,3,24,41,0,1,18,1,0,20,186,0,9,30,55,10,3
4,57,855,36,21,22,289,1451,3,2,81,18,30,351,310,1,13,404,410,51,4
0,0,56,1,3,3,24,28,0,0,8,0,2,10,23,0,0,23,27,6,2
0,0,41,2,4,5,2,8,0,0,8,0,0,5,28,0,0,21,27,5,1
0,0,843,1,4,6,4,79,2,0,106,0,0,12,28,0,0,56,226,27,3
0,0,530,5,8,9,64,115,2,1,73,2,7,105,225,0,22,116,199,29,3
0,0,400,3,5,5,17,119,0,1,798,1,1,22,279,0,11,48,886,13,2
0,0,467,1,5,6,116,125,2,0,70,0,12,131,41,0,0,192,250,55,0
0,0,119,1,2,2,49,65,0,0,14,0,0,7,23,0,0,24,41,3,2
0,90,372,2,7,11,297,172,1,0,34,8,6,255,59,0,0,299,345,13,0
0,0,49,1,0,0,12,13,0,0,8,0,0,3,23,0,0,15,22,3,3
0,0,254,4,2,4,230,102,2,0,38,5,7,514,219,0,33,328,228,94,3
0,14,332,5,5,5,40,84,0,2,27,7,1,51,199,0,8,76,67,23,1
0,0,119,1,0,0,3,24,4,0,10,4,0,26,31,0,4,19,26,23,3
0,0,173,1,3,3,95,102,0,0,26,0,0,44,24,0,0,16,70,4,3
2,4,526,18,6,6,293,193,1,2,23,19,21,255,42,3,1,304,347,27,4
0,0,62,1,3,3,30,37,0,0,10,0,2,10,24,0,0,29,31,6,2
0,0,57,1,0,1,82,49,1,0,10,1,0,86,21,0,0,98,107,15,3
0,0,52,1,3,3,19,23,0,0,9,0,1,8,23,0,0,27,28,5,2
0,0,131,1,0,0,3,24,4,0,10,4,0,26,31,0,4,19,26,23,3
0,0,218,1,3,3,46,59,0,0,14,0,1,10,28,0,0,22,43,5,1
0,0,32,1,0,1,2,13,0,0,9,1,0,8,21,0,0,17,27,15,3
0,0,303,2,3,5,77,136,2,0,32,3,0,21,54,0,0,46,84,4,0
0,0,84,2,3,3,28,41,0,0,10,0,2,15,26,0,0,35,32,7,2
0,0,130,3,3,3,48,29,1,0,10,0,0,37,28,0,0,65,62,3,1
0,0,58,1,3,3,24,28,0,0,9,0,2,10,23,0,0,27,29,6,2
0,0,114,2,3,3,2,29,0,0,9,0,1,14,57,0,0,35,28,7,1
0,0,274,14,8,10,187,71,1,1,18,8,2,68,200,0,8,54,72,25,0
0,0,370,3,6,6,19,124,0,1,689,1,7,39,285,0,11,71,778,20,2
0,0,2901,11,29,48,486,555,10,0,375,18,29,641,292,0,26,663,1112,146,3
0,0,247,1,2,2,43,63,0,0,15,0,0,5,31,0,0,31,44,3,2
2,17,720,8,15,20,271,223,4,0,61,8,21,282,70,1,3,251,311,30,4
0,0,274,3,6,6,29,51,1,1,642,1,2,55,257,0,10,81,726,19,2
0,0,2535,87,13,22,120,583,23,0,741,6,8,228,150,0,14,449,1202,196,3
0,0,56,1,3,3,24,28,0,0,8,0,2,10,23,0,0,23,27,6,2
2,3,245,10,5,5,50,48,1,0,17,6,9,59,34,2,0,73,75,14,4
0,0,124,1,2,2,41,51,0,0,14,0,0,7,23,0,0,20,33,3,2
0,0,201,1,2,2,41,46,0,0,9,0,0,5,29,0,0,28,25,3,1
0,0,198,1,5,6,52,83,0,0,14,0,0,11,32,0,0,57,54,4,0
0,0,125,1,2,2,41,51,0,0,14,0,0,7,27,0,0,20,33,3,2
0,0,812,5,9,13,12,112,4,0,235,0,3,118,57,0,1,173,357,56,3
2,6,225,3,0,0,4,30,2,0,29,7,8,30,47,0,0,23,84,12,4
0,0,240,1,3,3,44,85,0,0,16,0,3,30,39,0,0,86,42,7,2
0,0,118,1,2,2,15,13,0,0,8,0,0,3,22,0,0,15,23,3,2
0,0,130,1,2,2,1,5,0,0,10,0,0,13,28,0,0,26,27,19,1
0,0,162,1,2,2,15,25,0,0,30,0,0,5,24,0,0,21,55,3,2
0,0,847,15,9,12,141,265,2,1,73,1,12,324,73,0,0,758,248,107,0
0,0,122,1,3,3,40,56,0,0,14,0,5,18,25,0,0,49,49,9,2
0,0,80,2,3,3,19,32,0,0,10,0,3,17,26,0,0,37,33,8,2
0,0,433,1,2,2,154,188,0,0,26,0,0,5,33,0,0,37,58,3,1
0,0,323,4,3,3,37,54,0,1,18,1,0,20,182,0,9,30,55,10,3
1,0,478,9,5,5,1619,179,1,1,26,14,12,874,75,3,0,1092,765,17,4
0,0,132,3,3,3,5,9,0,0,11,1,1,20,192,0,8,35,39,13,4
4,27,954,66,29,35,352,556,6,6,146,36,47,326,273,0,15,522,394,87,4
0,0,67,1,0,0,2,3,0,0,8,0,0,3,21,0,0,15,22,3,3
0,0,62,1,3,3,30,37,0,0,10,0,2,10,24,0,0,29,31,6,2
0,0,249,1,2,2,18,22,0,0,14,0,0,5,26,0,0,17,42,3,2
0,0,59,1,0,1,90,53,1,0,10,1,0,94,21,0,0,106,115,15,3
0,0,180,2,6,6,52,77,0,0,16,1,0,15,32,0,0,34,50,22,0
0,0,108,1,2,2,27,46,0,0,14,0,0,7,27,0,0,22,41,3,1
0,0,417,1,4,4,107,107,1,0,17,0,0,34,32,0,0,88,73,4,1
0,0,285,3,3,3,9,14,0,1,14,1,0,18,177,0,8,19,40,10,2
0,0,54,1,3,3,24,28,0,0,8,0,3,12,23,0,0,25,28,7,2
0,0,238,3,5,5,60,75,1,1,16,3,0,39,57,0,0,73,81,7,0
0,0,152,2,3,3,4,5,0,0,10,1,0,6,27,0,0,17,30,3,3
1,12,1112,65,7,8,257,582,1,18,1873,27,19,137,1199,0,14,207,2208,47,4
0,0,198,1,3,3,20,40,0,0,16,0,1,15,27,0,0,29,49,6,2
0,0,246,1,3,3,20,37,0,0,16,0,0,10,26,0,0,23,47,4,2
0,0,54,1,3,3,24,28,0,0,8,0,3,12,23,0,0,25,28,7,2
0,0,253,1,2,2,18,22,0,0,14,0,0,5,26,0,0,17,42,3,2
0,0,252,1,2,2,18,22,0,0,14,0,0,5,26,0,0,17,42,3,2
0,3,598,1,5,11,74,103,7,1,109,0,15,96,44,0,1,140,296,36,3
0,0,426,3,5,5,28,182,0,1,676,1,1,22,309,0,11,48,781,13,2
0,0,321,1,2,2,31,39,0,1,15,0,0,5,22,0,0,17,43,3,3
0,0,875,1,4,4,431,544,0,0,116,0,3,22,39,0,1,284,161,7,3
0,0,65,1,3,3,38,42,0,0,8,0,0,6,23,0,0,20,25,4,2
0,0,57,1,3,3,24,28,0,0,8,0,3,12,23,0,0,25,28,7,2
0,0,131,3,3,3,10,38,0,0,52,2,0,17,42,0,0,28,76,5,0
0,0,175,1,2,2,37,64,0,0,14,0,0,5,38,0,0,30,44,11,1
0,0,298,4,13,19,59,111,0,0,19,4,4,43,34,0,3,51,59,14,4
1,3,431,4,11,15,123,115,1,2,28,3,5,82,74,1,1,116,114,16,4
0,160,2942,13,29,49,149,504,10,1,556,21,29,387,334,0,33,316,1111,338,3
0,0,87,1,0,2,70,48,1,0,10,0,0,76,21,0,0,86,95,16,3
0,0,187,2,4,4,11,44,0,0,16,1,1,25,41,0,0,28,53,11,0
0,0,155,1,2,2,15,25,0,0,15,0,0,5,31,0,0,21,37,3,2
0,0,339,4,8,8,45,280,0,2,68,6,3,72,635,0,11,99,290,25,0
1,0,4047,4,10,14,8,145,0,0,13,1,38,386,116,1,0,60,223,42,4
0,0,747,3,2,3,67,169,1,2,80,2,0,10,39,0,0,63,163,11,3
0,0,1516,3,7,9,43,153,2,0,123,1,11,39,40,0,0,89,265,38,3
0,0,807,3,5,5,15,96,0,1,770,1,1,22,277,0,10,39,845,13,2
0,0,90,2,3,3,28,41,0,0,10,0,2,15,26,0,0,35,32,7,2
1,19,935,31,9,10,330,533,2,5,2006,25,7,225,1014,0,15,335,2393,38,4
0,0,157,5,0,0,14,27,0,0,21,3,0,25,36,0,0,21,41,11,0
0,0,167,1,2,2,15,24,0,0,30,0,0,5,32,0,0,21,55,3,2
0,0,436,1,2,2,139,180,0,0,26,0,0,5,33,0,0,49,60,3,1
0,0,154,1,2,2,15,25,0,0,15,0,0,5,27,0,0,21,37,3,2
0,0,119,1,2,2,49,65,0,0,14,0,0,7,23,0,0,24,41,3,2
0,0,704,17,14,16,1362,1708,0,12,20,21,0,934,147,0,0,296,456,182,0
0,0,108,2,0,2,26,29,0,0,10,0,0,11,22,0,0,22,33,16,3
0,0,119,1,2,2,49,65,0,0,14,0,0,7,23,0,0,24,41,3,2
0,0,259,3,4,4,50,115,0,1,549,1,5,59,243,0,10,45,618,23,4
0,0,31,1,3,3,1,0,0,0,8,0,0,5,23,0,6,19,23,3,3
0,0,286,3,4,4,9,24,0,2,18,1,0,29,180,0,8,32,53,10,3
0,0,55,1,3,3,24,28,0,0,8,0,3,12,23,0,0,25,28,7,2
0,0,419,1,2,2,154,182,0,0,26,0,0,5,29,0,0,37,58,3,1
0,0,337,3,6,6,15,58,0,1,521,1,2,46,263,0,11,70,586,13,1
0,0,183,1,3,3,1,5,0,0,8,0,0,6,23,0,0,29,25,4,1
0,160,2936,13,29,49,149,503,10,1,568,21,29,387,350,0,33,316,1123,338,3
0,0,202,7,7,9,8,45,0,0,15,5,5,53,45,0,1,47,64,29,0
0,0,153,1,3,3,16,27,0,0,16,0,0,10,24,0,0,20,38,4,2
1,0,140,4,0,0,45,28,1,0,9,1,0,40,25,1,0,50,53,3,4
0,0,263,1,2,2,18,22,0,0,14,0,0,5,30,0,0,17,42,3,2
0,0,253,1,2,2,18,22,0,0,14,0,0,5,26,0,0,17,42,3,2
0,0,88,1,2,2,21,26,0,0,14,0,0,5,23,0,0,15,34,3,2
0,0,179,2,2,2,31,45,0,0,35,0,0,9,29,0,0,25,61,3,2
0,12,724,170,20,33,81,559,7,1,1946,73,17,184,444,8,24,182,2179,55,3
0,0,84,0,2,2,45,48,0,0,2,5,0,1,11,0,1,20,50,0,2
0,0,55,1,3,3,24,28,0,0,8,0,3,12,23,0,0,25,28,7,2
0,0,53,1,3,3,24,28,0,0,8,0,3,12,23,0,0,25,28,7,2
0,0,3126,17,14,27,238,535,13,4,1380,14,11,291,366,1,20,439,2050,115,3
0,0,448,11,11,13,8,178,0,1,819,14,7,200,430,0,11,102,1001,135,0
0,0,56,1,0,0,1,2,0,0,9,0,0,3,21,0,0,11,24,3,1
3,33,724,33,17,18,439,304,4,3,88,38,41,496,94,8,7,513,582,68,4
0,0,247,1,3,3,5,12,0,0,10,0,8,14383,52,0,0,54,37,12,1
0,0,156,1,2,2,15,27,0,0,15,0,0,5,27,0,0,21,37,3,2
3,12,335,15,11,12,32,53,2,1,35,9,9,79,61,0,4,93,120,17,4
0,0,154,1,3,3,16,29,0,0,16,0,0,10,24,0,0,20,38,4,2
0,0,146,1,2,2,11,61,0,0,15,0,0,33,40,0,0,50,37,3,1
0,0,90,2,3,3,28,41,0,0,10,0,2,15,26,0,0,35,32,7,2
0,0,144,1,0,0,11,36,0,0,19,0,0,14,39,0,0,20,42,3,0
4,25,2265,22,15,20,265,298,7,8,121,22,64,452,118,3,5,523,662,103,4
0,0,59,1,3,3,31,35,0,0,8,0,3,12,23,0,0,25,28,7,2
0,0,2940,10,29,48,551,566,10,0,375,17,29,691,300,0,26,723,1147,146,3
0,0,154,1,3,3,16,27,0,0,16,0,0,10,24,0,0,20,38,4,2
0,0,110,1,3,3,3,24,0,0,10,0,0,8,37,2,0,39,27,4,1
0,0,287,4,5,5,30,62,0,1,18,2,0,46,196,0,8,45,64,17,0
0,72,492,5,5,7,203,213,1,2,966,1,6,150,369,0,11,399,1150,19,1
0,0,73,1,2,2,1,3,0,0,9,0,0,3,25,0,0,17,25,3,4
0,0,34,1,2,2,1,2,0,0,8,0,0,3,21,0,0,9,23,3,4
0,3718,380,2,0,2,461,349,5,0,38,4,12,552,126,0,8,639,371,122,3
0,0,255,1,2,2,37,41,0,0,14,0,0,5,26,0,0,17,41,3,2
0,0,54,1,3,3,24,28,0,0,8,0,3,12,23,0,0,25,28,7,2
0,0,290,3,4,4,83,253,0,2,769,2,0,22,334,0,11,28,857,10,4
0,0,136,3,3,3,48,29,1,0,10,0,0,37,29,0,0,69,62,3,1
0,0,952,3,5,5,19,126,0,1,716,1,1,22,277,0,10,38,800,13,2
0,0,56,1,3,3,24,28,0,0,8,0,2,10,23,0,0,23,27,6,2
0,0,53,1,3,3,24,28,0,0,8,0,1,8,23,0,0,21,26,5,2
0,0,474,1,6,7,65,75,2,0,118,1,0,56,53,0,3,97,228,13,3
0,0,157,1,2,2,15,27,0,0,15,0,0,5,27,0,0,21,37,3,2
0,0,208,3,3,3,31,51,0,2,28,1,0,20,183,0,8,29,57,10,1
0,0,51,1,3,3,24,28,0,0,8,0,1,8,23,0,0,21,26,5,2
0,0,324,6,4,4,27,101,0,1,552,1,8,58,243,0,11,75,618,21,0
0,0,354,2,0,0,30,21,1,0,15,0,0,35,31,0,0,46,59,11,3
2,13,1032,25,13,14,204,403,4,5,1947,13,21,222,1112,0,14,375,2324,62,4
0,0,409,5,1,2,45,100,5,0,44,5,2,156,223,0,23,160,121,52,3
0,0,2151,4393,12,18,397,562,4,3,173,1,15,427,133,0,1,422,620,88,0
0,0,395,3,8,11,9,51,0,0,32,3,0,59,196,0,11,38,90,54,1
0,0,437,5,9,11,152,169,1,1,39,5,5,99,201,0,8,114,149,30,0
0,0,88,1,3,3,20,27,0,0,10,0,3,12,24,0,0,33,32,7,2
0,0,57,1,3,3,24,28,0,0,8,0,3,12,23,0,0,25,28,7,2
0,0,375,5,6,6,85,160,1,2,549,3,0,44,253,0,10,66,624,14,0
1,30,639,14,0,2,120,157,1,2,45,6,4,99,119,0,2,113,103,13,4
0,0,109,1,2,2,27,46,0,0,14,0,0,7,31,0,0,22,41,3,1
0,0,26,1,0,1,2,9,0,0,9,1,0,8,21,0,0,17,27,15,3
0,4,319,3,4,4,54,73,0,1,20,0,0,18,35,0,0,28,49,4,3
0,0,47,1,0,1,56,36,1,0,10,1,0,60,25,0,0,72,81,15,3
0,0,130,1,2,2,16,23,0,0,41,0,0,7,44,0,3,23,60,3,3
0,0,302,3,3,3,9,14,0,1,14,1,0,18,177,0,8,19,40,10,2
0,0,206,5,2,2,31,42,0,0,16,3,0,16,31,0,0,22,40,3,1
0,0,40,1,3,3,1,0,0,0,8,0,0,5,23,0,0,19,23,3,3
0,0,309,3,4,4,25,126,0,0,54,4,0,25,301,0,11,48,116,11,1
0,0,58,1,0,1,84,50,1,0,10,1,0,88,21,0,0,100,109,15,3
0,0,1923,90,8,9,1143,810,2,23,1632,48,59,699,1081,0,10,741,2382,86,4
0,0,59,1,0,0,1,2,0,0,9,0,0,3,21,0,0,11,24,3,1
0,0,834,6,6,7,46,174,1,0,1632,2,2,58,420,0,10,109,1785,28,4
0,0,355,3,5,5,8,121,0,1,659,1,2,43,285,0,10,81,726,19,2
2,16,2274,13,16,19,48,160,3,2,115,10,34,178,232,0,12,148,298,74,4
0,0,135,2,3,3,4,5,0,0,10,1,0,6,26,0,0,17,29,3,3
0,112,712,7,8,27,150,304,2,1,90,21,15,142,270,0,8,156,337,37,0
0,0,881,3,7,8,51,115,1,0,66,1,11,44,34,0,0,68,166,27,3
0,0,741,16,0,6,93,222,11,2,103,14,4,186,288,0,24,134,268,55,3
0,0,483,9,6,7,28,170,1,0,809,3,2,60,406,0,10,123,940,28,4
0,0,2952,12,29,48,590,570,10,0,375,17,29,721,300,0,25,759,1168,146,3
0,0,546,6,10,11,52,159,3,1,817,2,4,77,441,0,10,173,984,31,4
0,0,937,3,5,5,19,130,0,1,666,1,1,22,284,0,10,38,748,13,2
0,0,1489,7,24,33,94,285,5,0,187,6,8,210,241,0,15,268,447,74,3
0,32188,848,4,11,14,197,306,1,2,1463,2,4,55,296,0,12,152,1564,20,3
0,0,256,1,2,2,43,65,0,0,15,0,0,5,27,0,0,31,44,3,2
0,0,297,4,3,3,49,64,0,1,18,1,0,20,182,0,9,30,54,10,3
0,5,738,13,6,7,172,164,2,0,81,3,3,139,41,1,1,213,274,20,4
0,0,52,1,3,3,24,28,0,0,8,0,1,8,23,0,0,21,26,5,2
0,0,57,1,3,3,24,28,0,0,8,0,3,12,23,0,0,25,28,7,2
0,0,721,3,7,7,121,462,0,1,3647,1,4,156,760,0,10,532,3941,25,1
0,0,124,1,3,3,125,22,1,0,11,0,0,97,27,0,0,135,99,3,1
0,0,58,1,0,0,1,2,0,0,9,0,0,3,21,0,0,11,24,3,1
0,12,2685,11,37,67,30,392,8,4,1550,9,17,202,386,0,12,953,1951,108,3
3,14,825,15,11,14,234,242,5,4,63,36,41,242,238,3,10,251,356,67,4
0,0,459,5,7,7,25,268,0,1,686,5,5,89,1658,0,11,136,948,239,3
0,0,31,1,3,3,1,0,0,0,8,0,0,5,23,0,6,19,23,3,3
0,0,268,3,6,6,28,47,1,1,574,1,2,55,255,0,10,81,654,19,2
3,32,841,34,16,18,192,242,7,3,141,27,30,388,276,4,15,368,524,71,4
0,0,505,7,15,26,39,139,0,1,881,5,7,90,311,0,11,86,985,57,0
0,0,57,1,3,3,24,28,0,0,8,0,3,12,23,0,0,25,28,7,2
0,0,55,1,3,3,24,28,0,0,8,0,3,12,23,0,0,25,28,7,2
0,0,44,1,2,2,1,2,0,0,8,0,0,3,21,0,0,15,23,3,0
0,0,67,1,0,0,2,3,0,0,8,0,0,3,21,0,0,15,22,3,3
0,0,315,3,6,6,16,75,0,2,534,1,5,39,241,0,11,81,597,19,2
0,0,186,1,4,4,258,53,1,0,17,0,0,192,29,0,0,259,178,4,2
0,0,118,1,3,3,5,14,0,0,13,0,0,7,30,2,0,33,32,3,1
0,0,174,1,3,3,95,102,0,0,26,0,0,44,28,0,0,16,70,4,1
0,0,166,2,5,6,37,69,0,0,16,1,1,26,30,0,0,51,56,6,0
0,0,678,5,10,12,57,189,0,1,1215,7,5,102,338,0,10,143,1349,41,0
0,0,268,1,4,4,21,89,0,0,23,0,17,50,63,13,0,116,65,21,1
0,0,328,6,4,4,27,101,0,1,565,1,8,58,246,0,10,71,632,21,0
0,0,305,3,3,3,9,14,0,1,14,1,0,18,177,0,8,19,40,10,2
0,0,408,4,6,6,71,167,0,2,1184,9,5,61,435,0,10,110,1285,47,1
3,28,795,26,13,14,522,580,3,3,1358,16,38,516,2478,2,15,712,2152,99,4
0,0,54,1,3,3,24,28,0,0,8,0,3,12,23,0,0,25,28,7,2
0,0,253,1,2,2,43,65,0,0,15,0,0,5,27,0,0,31,44,3,2
0,0,86,3,3,3,28,41,0,0,10,0,2,15,26,0,0,35,32,7,2
0,0,59,1,0,1,86,51,1,0,10,1,0,90,25,0,0,102,111,15,3
0,0,840,1,4,4,428,518,0,0,91,0,3,22,45,0,0,274,131,7,3
0,3,5516,4,10,16,107,232,6,0,540,0,3,218,68,0,0,538,706,26,4
0,0,147,1,2,2,25,36,0,0,15,0,0,7,30,0,0,18,44,3,1
0,0,270,3,6,6,15,58,0,1,541,1,2,46,256,0,11,70,607,13,2
0,0,477,3,3,3,9,14,0,1,14,1,0,18,177,0,8,19,40,10,2
0,0,181,1,3,3,22,47,0,0,14,0,0,12,26,0,0,40,44,4,2
0,0,271,3,5,7,59,108,3,1,32,5,2,69,63,0,0,99,117,15,0
0,43,4337,2,57,56,11,111,0,0,80,0,0,101,27,0,0,96,386,5,3
0,0,53,1,3,3,24,28,0,0,8,0,3,12,23,0,0,25,28,7,2
3,29,1840,26,19,24,371,339,6,4,108,9,25,421,149,3,6,416,558,56,4
0,0,116,1,2,2,27,35,0,0,14,0,0,5,22,0,0,13,40,3,1
0,0,115,2,3,3,2,29,0,0,9,0,1,14,61,0,0,35,28,7,1
0,0,109,1,2,2,27,46,0,0,14,0,0,7,27,0,0,22,41,3,1
0,34,544,3,0,1,67,101,0,0,130,2,0,13,35,0,46,33,171,13,3
0,0,332,6,0,1,14,57,1,0,62,2,0,24,186,0,8,43,137,22,4
0,0,340,3,8,8,162,1177,0,2,1455,1,4,50,632,0,12,87,1714,18,1
0,0,110,1,2,2,29,48,0,0,14,0,0,7,31,0,0,22,43,3,1
0,0,750,1,6,8,21,576,1,0,64,3,1,19,68,0,0,74,147,17,3
0,0,106,1,0,2,2,10,1,0,17,2,0,10,28,0,0,17,47,17,0
0,0,42,1,2,2,1,3,0,0,9,0,0,3,21,0,0,9,25,3,3
0,0,162,2,3,3,17,33,0,0,15,1,0,12,32,0,4,23,46,4,0
0,160,3164,11,29,59,134,594,30,0,778,19,34,462,394,0,36,307,1460,366,3
1,19,807,5,11,12,135,212,4,5,55,4,16,137,81,0,3,87,150,25,4
0,58,486,5,5,7,203,209,1,2,1007,1,6,150,372,0,11,402,1192,19,1
0,0,280,7,6,6,165,114,1,1,644,1,2,135,275,0,10,178,782,16,1
0,0,285,4,7,7,58,111,1,3,26,8,3,62,205,0,8,84,89,22,0
0,0,561,27,0,14,75,278,15,0,117,15,2,183,143,0,2,220,335,36,3
0,0,314,3,5,5,31,91,0,5,854,1,2,46,547,0,11,88,955,28,3
0,0,415,3,6,6,17,113,0,1,742,1,7,39,274,0,11,72,828,20,2
0,102,706,7,9,12,41,283,0,3,92,11,12,123,365,0,10,190,199,37,1
0,0,389,4,3,3,55,72,0,1,18,1,0,20,182,0,9,30,54,10,3
3,16,697,17,7,10,307,281,80,0,173,20,30,473,206,2,11,399,581,49,4
0,0,103,2,3,3,20,36,0,0,10,0,3,17,26,0,0,43,33,8,2
0,0,54,1,3,3,24,28,0,0,8,0,3,12,23,0,0,25,28,7,2
2,24,4373,16,19,21,46,170,5,1,120,10,26,217,96,0,6,158,329,59,4
0,0,108,2,0,2,26,29,0,0,10,0,0,11,22,0,0,22,33,16,3
0,0,281,3,4,4,15,109,0,1,676,1,0,27,269,0,11,24,744,10,2
0,0,339,7,7,7,67,98,1,1,20,6,3,93,209,0,8,95,96,30,1
0,0,263,1,2,2,18,22,0,0,14,0,0,5,26,0,0,17,42,3,2
0,0,46,1,0,1,56,36,1,0,10,1,0,60,21,0,0,72,81,15,3
0,0,53,1,3,3,24,28,0,0,8,0,3,12,23,0,0,25,28,7,2
0,0,179,4,1,1,13,24,0,1,17,1,0,20,177,0,8,24,52,10,0
0,3,365,5,8,10,43,308,0,1,78,7,5,84,633,0,12,93,320,30,0
0,0,244,1,3,3,29,45,0,0,59,0,0,8,43,0,0,27,91,9,4
0,0,458,6,5,6,16,86,1,1,104,2,1,27,239,1,11,59,194,25,4
0,0,243,2,3,3,112,180,1,0,11,0,0,87,86,0,12,137,94,3,1
0,0,68,1,3,3,36,43,0,0,10,0,2,10,24,0,0,29,31,6,2
0,0,55,1,3,3,24,28,0,0,8,0,3,12,23,0,0,25,28,7,2
0,0,54,1,3,3,24,28,0,0,8,0,3,12,23,0,0,25,28,7,2
0,0,57,1,0,1,82,49,1,0,10,1,0,86,21,0,0,98,107,15,3
0,0,339,6,10,15,11,83,0,1,707,3,2,47,293,0,11,64,784,27,0
0,0,686,16,7,8,84,224,2,0,1028,4,3,92,452,0,10,144,1190,29,4
92,15,1445,53,10,11,217,576,6,21,2187,17,24,178,1173,0,14,246,2494,65,4
0,0,226,1,3,3,61,75,0,0,15,0,0,11,32,6,0,21,38,6,4
0,0,268,1,2,2,18,22,0,0,14,0,0,5,26,0,0,17,42,3,2
0,0,51,1,3,3,24,28,0,0,8,0,1,8,23,0,0,21,26,5,2
0,0,302,4,3,3,24,41,0,1,18,1,0,20,182,0,9,30,54,10,3
0,0,54,1,3,3,24,28,0,0,8,0,3,12,23,0,0,25,28,7,2
0,0,544,12,15,17,328,294,3,1,731,10,22,323,434,0,13,404,1064,62,0
0,0,1038,4,0,1,781,209,2,0,74,6,0,660,77,0,3,807,596,48,3
0,160,3976,13,36,66,420,679,12,0,488,20,42,946,337,0,57,703,1359,416,3
0,0,687,5,22,31,150,573,0,4,1080,9,3,117,1066,0,16,118,1420,24,3
0,0,134,1,3,3,40,48,0,0,14,0,0,8,28,0,0,19,36,4,4
0,0,302,3,5,5,6,147,0,1,694,1,2,44,490,0,10,72,806,25,3
0,0,157,3,12,21,8,37,0,0,17,1,4,30,34,0,0,33,49,8,4
0,0,3185,18,22,43,358,653,13,2,1426,26,43,630,445,0,51,620,2259,201,3
0,0,142,2,3,3,36,46,0,0,14,2,0,8,25,0,0,21,35,4,4
0,0,211,1,2,2,31,47,0,0,16,0,0,5,32,0,0,28,38,3,1
0,0,99,2,3,3,20,36,0,0,10,0,3,17,26,0,0,37,33,8,2
0,0,50,2,2,2,23,24,0,0,8,0,0,3,22,0,0,15,23,3,2
0,0,56,1,3,3,24,28,0,0,8,0,3,12,23,0,0,25,28,7,2
0,0,244,1,2,2,43,61,0,0,15,0,0,5,27,0,0,31,44,3,2
0,6012,2014,12,4,21,747,902,18,2,917,23,75,1148,450,0,35,1118,1898,292,3
0,0,256,1,2,2,18,22,0,0,14,0,0,5,26,0,0,17,42,3,2
0,0,56,1,0,0,1,2,0,0,9,0,0,3,21,0,0,11,24,3,1
0,0,154,1,2,2,15,25,0,0,15,0,0,5,27,0,0,21,37,3,2
0,0,213,3,6,7,46,100,0,0,15,1,3,45,54,0,0,65,64,14,0
0,0,88,1,3,3,20,27,0,0,10,0,3,12,24,0,0,33,32,7,2
0,6504,2277,12,6,24,608,853,19,2,978,22,82,1015,405,0,60,955,1900,246,3
2,24,1527,76,19,20,653,871,2,6,1510,30,38,672,644,8,16,714,2317,87,4
0,0,42,1,2,2,1,3,0,0,9,0,0,3,21,0,0,9,25,3,3
0,0,152,1,3,3,2,23,0,0,21,0,5,22,29,0,0,35,50,9,1
0,0,31,1,0,1,2,13,0,0,9,1,0,8,25,0,0,17,27,15,3
0,0,154,1,2,2,15,25,0,0,15,0,0,5,27,0,0,21,37,3,2
0,0,155,1,2,2,15,27,0,0,15,0,0,5,27,0,0,21,37,3,2
0,0,52,1,3,3,24,28,0,0,8,0,1,8,23,0,0,21,26,5,2
0,0,51,1,3,3,24,28,0,0,8,0,1,8,23,0,0,21,26,5,2
0,0,389,4,5,6,31,79,0,1,18,1,0,24,189,0,9,30,65,10,3
0,0,164,1,2,2,23,36,0,0,15,0,0,5,24,0,2,25,46,3,1
0,0,34,1,2,2,1,0,0,0,8,0,0,3,21,0,0,11,23,3,2
0,0,95,2,3,3,1,2,0,0,8,1,0,4,21,0,0,11,23,3,3
0,0,121,1,2,2,49,65,0,0,14,0,0,7,27,0,0,24,41,3,2
0,0,3212,19,22,43,262,619,13,2,1407,19,43,544,431,0,44,523,2184,200,3
0,0,63,1,3,3,30,37,0,0,10,0,2,10,24,0,0,30,31,6,2
0,0,556,4,6,7,41,71,2,1,68,2,0,58,197,0,8,83,178,24,3
0,0,368,5,1,2,4,46,1,0,26,3,0,80,193,0,8,64,70,40,3
5,50,2996,46,23,31,722,686,7,7,164,70,75,729,140,16,10,729,950,123,4
0,0,38,2,4,5,2,8,0,0,8,0,0,5,28,0,0,21,27,5,1
0,0,872,5,1,5,99,195,3,0,88,4,9,276,248,0,16,561,283,125,3
0,0,267,3,3,5,21,71,2,0,32,2,0,24,42,0,0,35,83,4,0
0,0,328,4,10,13,102,126,1,0,36,2,3,99,44,0,0,163,109,17,3
0,0,86,2,2,2,1,3,0,0,10,0,0,3,21,0,0,25,30,3,1
0,0,170,1,3,3,5,18,0,0,16,0,0,8,33,0,0,74,40,4,1
0,0,58,1,3,3,24,28,0,0,8,0,2,10,23,0,0,23,27,6,2
0,0,157,1,2,2,15,27,0,0,15,0,0,5,27,0,0,21,37,3,2
0,0,121,1,2,2,36,48,0,0,14,0,0,5,22,0,0,19,33,3,4
0,0,466,3,5,5,29,187,0,2,1011,1,1,22,319,0,10,55,1119,13,2
0,0,173,1,3,3,95,102,0,0,26,0,0,44,24,0,0,16,70,4,3
0,0,411,3,6,6,25,88,0,2,468,1,5,39,246,0,11,81,538,19,2
0,0,40,2,2,2,7,10,0,0,8,0,0,3,22,0,0,15,23,3,4
1,14,896,16,12,15,237,231,1,0,54,9,8,261,88,0,2,304,335,22,4
0,0,152,1,3,3,16,27,0,0,16,0,0,10,24,0,0,20,38,4,2
0,0,461,3,7,7,93,114,0,2,17,1,9,50,184,0,9,44,63,20,3
0,0,43,1,3,3,1,2,0,0,8,0,0,8,21,0,0,18,23,3,3
0,0,33,2,2,2,1,5,0,0,8,0,0,5,22,0,0,10,23,3,4
0,5,1251,496,16,659,1067,1833,27,4,829,209,33,526,505,0,10,795,2213,99,3
0,0,58,1,0,1,84,50,1,0,10,1,0,88,21,0,0,100,109,15,3
0,0,435,9,3,4,12,64,1,1,68,4,0,26,171,0,8,46,147,22,4
0,0,410,3,5,5,19,138,0,1,987,1,1,22,298,0,11,52,1084,13,2
2,17,1156,161,12,13,951,595,1,3,81,90,90,772,145,0,2,826,734,106,4
0,0,175,2,2,2,31,45,0,0,35,0,0,9,29,0,0,21,61,3,2
0,0,57,1,3,3,24,28,0,0,8,0,3,12,23,0,0,25,28,7,2
0,0,56,1,0,0,1,2,0,0,9,0,0,3,21,0,0,11,24,3,1
2,19,747,8,12,14,168,206,2,2,55,10,42,201,73,0,3,170,239,52,4
2,163,434,21,29,50,104,156,0,0,114,28,57,246,71,0,9,239,326,191,4
0,0,296,4,7,7,24,65,0,1,472,3,1,27,240,0,10,41,533,16,0
0,0,120,1,2,2,49,65,0,0,14,0,0,7,23,0,0,24,41,3,2
0,8942,4039,28,5,16,360,300,14,0,9209,19,15,503,299,0,26,496,10135,23230,3
0,0,973,2,3,3,112,191,0,2,15,0,7,29,88,0,0,58,57,13,4
0,0,54,1,3,3,24,28,0,0,8,0,3,12,23,0,0,25,28,7,2
0,0,168,1,2,2,16,28,0,0,15,0,0,5,27,0,0,23,37,3,2
0,0,183,1,2,2,16,31,0,0,15,0,0,5,31,0,0,17,37,3,2
0,0,161,1,2,2,15,25,0,0,30,0,0,5,24,0,0,21,55,3,2
0,0,115,1,3,3,35,60,0,0,14,0,0,14,28,0,0,31,44,4,2
2,9,1869,49,16,20,322,344,2,7,198,18,25,320,566,0,14,397,605,60,4
0,0,195,1,3,3,15,22,0,0,16,0,0,7,22,0,0,23,38,3,2
0,0,58,1,0,1,84,50,1,0,10,1,0,88,21,0,0,100,109,15,3
0,0,420,5,1,2,19,91,5,0,36,4,2,139,224,0,15,132,95,52,3
0,160,2946,14,29,49,163,503,10,1,562,21,29,399,337,0,33,331,1130,338,3
0,0,450,5,5,6,51,122,1,0,65,2,3,30,50,0,0,62,196,17,3
0,0,269,4,5,5,53,122,0,0,15,10,6,65,58,0,0,65,64,21,0
0,0,57,1,3,3,24,28,0,0,8,0,3,12,23,0,0,25,28,7,2
0,0,983,50,23,27,281,741,2,0,359,11,13,371,85,0,0,769,514,93,1
0,0,1658,5,10,12,58,208,2,1,700,3,13,77,300,0,10,135,894,51,3
0,0,499,6,4,4,138,284,0,1,19,3,1,104,223,0,8,114,61,12,3
0,0,154,1,2,2,15,25,0,0,15,0,0,5,27,0,0,21,37,3,2
0,0,397,924,8,8,138,226,0,2,1193,1,2,62,480,0,11,114,1298,18,2
0,0,163,1,3,3,95,102,0,0,26,0,0,44,24,0,0,16,70,4,3
0,0,1562,25,8,11,221,272,3,0,71,6,7,148,80,0,3,199,279,19,3
0,0,302,3,5,5,7,148,0,1,712,1,2,44,492,0,10,72,822,25,3
1,116,2001,10,16,125,1706,610,4,4,1185,5,30,1335,402,0,50,2031,2846,336,4
0,0,81,1,3,3,38,42,0,0,8,0,0,6,23,0,0,20,25,4,2
0,0,162,1,3,3,149,17,1,0,11,0,0,117,28,0,0,167,115,3,1
0,0,283,3,5,5,6,152,0,1,784,1,2,44,497,0,11,73,898,25,3
0,0,54,1,3,3,24,28,0,0,8,0,3,12,23,0,0,25,28,7,2
0,0,199,1,3,3,33,43,0,0,14,1,4,17,29,0,0,23,39,8,1
0,0,118,1,2,2,49,65,0,0,14,0,0,7,23,0,0,24,41,3,2
1,38,1064,29,12,13,375,431,3,20,243,15,19,415,629,0,22,514,733,68,4
0,0,109,1,2,2,29,48,0,0,14,0,0,7,27,0,0,22,43,3,1
0,0,664,4,6,12,56,114,7,1,103,2,9,91,209,0,8,112,287,39,3
2,13,1212,13,15,17,56,75,1,1,40,13,20,116,65,0,5,129,139,30,4
0,0,142,2,3,3,4,5,0,0,10,1,0,6,27,0,0,17,30,3,3
0,0,108,2,0,2,26,29,0,0,10,0,0,11,22,0,0,22,33,16,3
0,0,366,3,5,5,63,129,0,2,558,1,2,43,271,0,10,79,631,16,0
0,6,678,7,6,6,71,50,2,4,29,3,0,75,231,0,8,100,123,13,4
0,0,55,1,3,3,24,28,0,0,8,0,3,12,23,0,0,25,28,7,2
0,0,531,1,7,7,212,194,1,4,53,0,37,76,76,0,0,94,133,35,4
0,0,56,1,0,0,1,2,0,0,9,0,0,3,21,0,0,11,24,3,1
0,0,93,1,3,3,26,33,0,0,10,0,3,12,24,0,0,39,32,7,2
0,0,373,9,7,7,77,188,0,1,727,8,10,81,315,0,12,96,814,32,3
0,0,705,11,11,14,71,151,2,1,818,5,2,107,280,0,11,160,992,32,0
0,0,949,3,5,5,19,131,0,1,841,1,1,22,284,0,10,38,928,13,2
1,35,1081,6,21,24,192,225,3,1,96,1,99,330,109,3,7,273,340,44,4
0,0,207,3,3,3,25,42,0,1,23,1,0,20,182,0,8,25,51,10,1
0,0,527,1,0,0,13,32,0,0,27,1,0,10,23,0,0,25,58,15,4
0,0,154,2,3,3,1,2,0,0,10,1,0,7,26,0,0,17,33,3,3
0,0,173,1,2,2,16,31,0,0,15,0,0,5,27,0,0,17,37,3,2
0,0,941,3,5,5,19,124,0,1,701,1,1,22,284,0,10,38,784,13,2
0,160,4174,12,36,76,550,786,32,0,561,19,39,1028,376,0,69,860,1628,414,3
0,0,199,1,4,4,15,35,0,0,19,0,0,16,21956,9,1,69,39,4,1
0,0,1263,1,3,3,78,96,0,0,20,0,1,12,25,0,0,27,49,5,1
0,0,155,1,2,2,15,27,0,0,15,0,0,5,27,0,0,21,37,3,2
0,0,243,4,5,5,52,121,0,0,15,10,6,65,58,0,1,65,64,21,0
0,0,329,1,4,5,6,55,1,0,64,0,0,12,31,0,0,52,139,14,1
0,0,295,3,5,5,7,150,0,1,764,1,2,44,490,0,10,73,876,25,3
0,0,143,2,3,3,4,5,0,0,10,1,0,6,27,0,0,17,30,3,3
0,0,428,1,2,2,215,253,0,0,16,0,0,5,29,0,0,45,46,3,1
0,0,211,3,7,9,31,73,0,0,25,4,2,52,48,0,1,43,74,25,0
0,0,124,1,2,2,41,51,0,0,14,0,0,7,23,0,0,20,33,3,2
1,14,882,25,10,11,257,493,2,4,2329,21,26,278,744,3,14,369,2774,61,4
0,0,72,1,3,3,20,27,0,0,10,0,3,12,24,0,0,33,32,7,2
0,111,897,22,5,136,300,526,1,3,1465,22,11,531,448,0,15,376,1841,88,0
1,14,887,10,16,20,137,198,12,1,115,22,18,212,260,0,13,108,234,48,4
4,27,1215,26,17,25,358,437,4,6,1008,24,44,401,430,3,16,418,1413,70,4
3,40,1278,24,14,19,364,389,6,4,86,19,23,415,271,1,18,441,517,56,4
0,0,383,1,2,2,216,251,0,0,26,0,0,5,33,0,0,45,58,3,1
0,0,46,1,0,1,56,36,1,0,10,1,0,60,21,0,0,72,81,15,3
0,0,158,1,3,3,52,83,1,0,16,0,0,18,23,0,0,33,53,3,1
0,0,53,1,3,3,24,28,0,0,8,0,3,12,23,0,0,25,28,7,2
0,0,294,3,5,5,7,146,0,1,765,1,2,44,490,0,10,72,877,25,3
0,0,228,1,3,3,20,42,0,0,16,0,1,15,27,0,0,29,49,6,2
8,37,1300,38,23,27,399,379,7,8,182,25,42,488,364,6,19,448,671,75,4
0,0,425,9,8,10,292,240,2,0,39,8,5,278,110,0,6,500,261,27,3
0,0,368,12,5,5,23,99,0,1,18,4,6,73,228,0,8,72,72,24,0
0,0,206,3,3,3,25,42,0,1,23,1,0,20,182,0,8,25,51,10,1
0,0,1094,9,10,12,49,131,3,1,121,3,11,93,206,0,8,125,304,46,3
0,0,357,1,4,4,172,136,1,0,15,0,0,91,25,0,0,78,86,80,0
0,0,289,4,3,4,22,40,0,1,19,1,0,22,182,0,9,30,57,10,3
0,0,391,10,8,8,357,129,1,0,20,7,3,286,203,0,8,319,262,22,3
0,0,395,5,1,2,19,91,5,0,44,5,2,136,222,0,23,134,106,52,3
0,0,55,1,3,3,24,28,0,0,8,0,3,12,23,0,0,25,28,7,2
0,0,243,3,6,8,28,41,0,2,16,0,0,5,22,0,0,21,44,3,3
0,0,411,3,6,6,19,128,0,1,782,1,7,39,285,0,11,72,873,20,2
0,0,113,1,2,2,2,8,0,0,16,0,0,5,21,0,0,21,37,3,1
0,0,180,2,2,2,31,45,0,0,35,0,0,9,29,0,0,25,61,3,2
0,0,377,3,6,6,17,117,0,1,744,1,7,39,273,0,12,72,830,20,2
0,0,55,1,3,3,24,28,0,0,8,0,3,12,23,0,0,25,28,7,2
0,0,233,1,4,4,22,92,0,0,24,0,18,54,63,15,0,109,67,22,1
1,18,594,19,12,13,806,597,6,3,72,19,46,725,80,0,3,747,928,62,4
0,0,443,3,5,5,19,140,0,1,902,1,1,22,293,0,10,48,992,13,2
0,0,261,1,4,4,22,92,0,0,24,0,17,51,67,14,0,96,66,21,1
2,29,1110,17,14,20,157,200,4,5,55,14,8,142,111,1,5,141,191,26,4
0,0,618,4,6,6,7229,2447,1,0,19,34,1,5949,155,1,8,6950,7249,15,4
0,159,4200,12,36,75,524,775,32,0,563,21,45,1017,365,0,60,844,1619,420,3
0,0,189,2,2,2,44,53,0,0,14,0,0,5,26,0,0,19,40,3,1
0,0,286,2,3,3,18,40,0,0,25,2,0,11,32,0,0,27,59,7,0
0,0,83,1,2,2,21,21,0,0,10,0,0,3,21,0,0,19,27,3,1
0,0,60,1,3,3,31,35,0,0,8,0,3,12,23,0,0,25,28,7,2
0,0,156,1,2,2,15,27,0,0,15,0,0,5,27,0,0,21,37,3,2
0,0,626,17,6,7,50,215,1,3,939,12,3,59,482,0,11,95,1087,32,4
0,0,57,1,0,1,84,50,1,0,10,1,0,88,21,0,0,100,109,15,3
0,0,230,2,3,3,112,162,1,0,11,0,0,87,80,0,10,141,94,3,1
2,25,1918,15,35,76,25,245,15,1,229,12,33,164,120,0,4,249,623,89,4
0,28,469,5,4,6,51,178,0,1,906,6,7,195,335,0,11,117,1050,138,0
73,25,1096,453,20,45,2098,695,110,1,223,28,298,2143,283,0,7,2411,2016,338,4
0,94,681,136,8,18,87,364,0,2,953,19,13,152,913,0,10,180,1210,42,0
0,0,398,3,6,6,18,125,0,1,846,1,5,35,289,0,12,62,934,18,2
0,0,338,6,10,15,11,82,0,1,707,3,2,47,290,0,11,63,784,27,0
0,0,390,3,5,5,19,132,0,1,763,1,1,22,283,0,11,48,855,13,2
0,0,920,3,5,5,19,132,0,1,793,1,1,22,289,0,10,48,885,13,2
2,6,600,8,1,1,49,45,1,0,36,2,0,50,48,0,0,82,112,3,4
0,0,80,0,2,2,44,47,0,0,2,5,0,1,15,0,0,20,50,0,2
1,15,1008,6,62,55,131,190,16,0,121,2,11,166,56,0,1,211,384,64,1
0,0,188,2,3,3,18,40,0,0,25,2,0,11,32,0,0,27,59,7,0
0,0,59,1,0,0,1,2,0,0,9,0,0,3,21,0,0,11,24,3,1
0,0,57,1,0,1,84,50,1,0,10,1,0,88,21,0,0,100,109,15,3
0,0,55,1,3,3,24,28,0,0,8,0,3,12,23,0,0,25,28,7,2
0,0,95,2,3,3,1,2,0,0,8,1,0,4,21,0,0,11,23,3,3
0,0,119,1,2,2,49,65,0,0,14,0,0,7,23,0,0,24,41,3,2
0,0,389,1,0,10,4,25,1,0,23,2,0,11,31,0,0,30,54,7,4
4,50,5180,111,16,18,535,544,5,4,153,30,57,655,206,0,8,716,969,103,4
0,0,2960,9,29,48,551,566,10,0,375,18,29,707,296,0,26,733,1147,146,3
0,0,278,6780,10,12,215,266,1,0,17,0,2,62,69,0,2,64,84,25,0
0,0,272,3,6,6,15,58,0,1,626,1,2,46,265,0,12,70,694,13,2
0,0,211,3,5,5,15,51,0,1,570,1,2,41,257,0,10,58,632,16,3
0,0,57,1,3,3,24,28,0,0,8,0,3,12,23,0,0,25,28,7,2
0,0,269,3,6,6,15,58,0,1,473,1,2,46,258,0,12,70,537,13,2
1,4,1601,8,17,15,130,141,3,2,78,7,20,171,43,0,1,215,294,76,4
0,0,205,1,3,3,6,13,0,0,10,0,19,14671,54,0,0,65,48,23,1
0,0,90,2,3,3,28,41,0,0,10,0,2,15,26,0,0,35,32,7,2
0,6,726,21,11,18,254,345,4,0,216,14,18,331,114,1,0,590,581,46,4
0,0,67,1,0,0,2,3,0,0,8,0,0,3,21,0,0,15,22,3,3
0,0,56,1,3,3,24,28,0,0,8,0,3,12,23,0,0,25,28,7,2
0,0,146,1,2,2,15,26,0,0,15,0,0,5,31,0,0,21,37,3,2
0,0,834,3,2,3,67,167,1,2,80,2,0,10,39,0,0,63,163,11,3
0,0,264,8,3,5,41,51,0,0,15,0,0,35,26,0,0,19,45,3,3
0,0,115,2,3,3,2,29,0,0,9,0,1,14,57,0,0,35,28,7,1
0,0,475,3,5,5,19,136,0,1,746,1,1,22,290,0,11,48,837,13,2
0,0,93,1,2,2,14,19,0,0,14,0,0,5,21,0,0,15,34,3,2
0,0,56,1,0,0,1,2,0,0,9,0,0,3,21,0,0,11,24,3,1
0,0,158,1,3,3,136,13,1,0,11,0,0,107,36,0,0,151,108,3,1
0,0,317,4,3,3,42,59,0,1,18,1,0,20,182,0,9,30,54,10,3
0,0,192,1,4,5,22,29,0,0,40,0,0,194,34,0,0,39,63,385,1
0,0,1575,9,4,36,42,644,25,0,462,15,3,89,224,0,0,142,1117,59,3
0,0,131,1,3,3,34,47,0,0,14,0,0,34,32,0,0,22,44,4,1
0,0,413,4,0,1,53,97,2,0,73,7,6,97,196,0,10,113,205,31,3
0,0,170,1,3,3,5,18,0,0,16,0,0,8,33,0,0,74,40,4,1
0,0,475,6,7,9,72,153,0,0,16,6,6,72,46,0,0,302,71,33,0
0,0,145,2,3,3,4,5,0,0,10,1,0,6,27,0,0,17,30,3,3
0,0,319,12,11,13,64,180,1,3,18,10,6,111,89,0,0,104,100,47,0
0,0,222,1,3,3,6,25,0,0,10,0,13,14146,60,0,0,59,42,17,1
0,0,108,2,0,2,26,29,0,0,10,0,0,11,22,0,0,22,33,16,3
0,75,871,5,5,43,293,515,9,2,1160,1,9,224,523,0,11,563,1586,30,1
0,0,56,1,3,3,24,28,0,0,8,0,3,12,23,0,0,25,28,7,2
0,0,3222,19,22,43,293,648,13,2,1423,26,43,580,435,0,51,556,2221,201,3
1,25,1699,16,13,14,307,234,4,6,95,9,17,295,73,0,9,286,313,26,4
0,0,100,1,3,3,20,28,0,0,9,0,1,8,25,0,0,21,28,5,2
0,0,157,1,3,3,16,27,0,0,16,0,0,10,24,0,0,20,38,4,2
0,0,55,1,0,0,28,29,0,0,8,0,0,3,22,0,0,15,22,3,0
0,0,88,0,2,2,45,48,0,0,2,5,0,1,11,0,1,20,50,0,1
0,0,208,4,5,5,79,110,1,0,16,3,2,40,37,0,0,53,65,9,0
0,0,53,1,3,3,24,28,0,0,8,0,1,8,23,0,0,21,26,5,2
0,0,216,1,3,3,6,25,0,0,10,0,19,10978,58,0,0,65,48,23,1
0,0,33,1,2,2,1,2,0,0,8,0,0,3,21,0,0,9,23,3,4
0,0,42,1,3,3,1,2,0,0,8,0,0,8,21,0,0,18,23,3,3
0,0,195,3,3,3,9,55,0,1,514,1,0,22,248,0,11,21,565,10,3
2,25,721,11,13,21,160,354,2,5,64,11,28,229,103,1,5,187,237,64,4
3,29,3474,90,17,20,492,412,5,4,122,27,67,579,285,3,15,621,784,94,4
0,0,413,3,5,5,19,138,0,1,783,1,1,22,290,0,12,52,875,13,2
0,0,155,1,2,2,15,27,0,0,15,0,0,5,27,0,0,21,37,3,2
0,0,54,1,3,3,24,28,0,0,8,0,3,12,23,0,0,25,28,7,2
0,0,56,1,0,0,1,2,0,0,9,0,0,3,21,0,0,11,24,3,1
2,14,694,14,15,17,367,274,2,0,51,8,15,248,72,2,3,281,314,25,4
0,0,262,1,2,2,18,22,0,0,14,0,0,5,26,0,0,17,42,3,2
0,160,2943,13,29,49,149,503,10,1,565,21,29,387,343,0,33,316,1120,338,3
0,0,227,1,3,3,5,12,0,0,10,0,8,14168,54,0,0,54,37,12,1
0,0,899,36,24,49,309,156,2,0,114,9,25,374,238,3,10,375,512,67,3
0,0,234,3,3,3,21,44,0,1,19,1,0,28,187,0,8,45,57,10,2
0,0,336,1,2,2,159,211,0,0,26,0,0,5,33,0,0,45,66,3,1
0,0,303,3,3,3,29,68,0,0,23,1,0,24,205,0,8,27,53,10,0
0,0,298,3,3,3,9,14,0,1,14,1,0,18,177,0,8,19,40,10,2
0,3,382,11,13,16,12,58,0,0,92,4,7,76,83,2,0,63,144,34,3
0,0,55,1,3,3,24,28,0,0,8,0,1,8,23,0,0,21,26,5,2
0,0,66,1,3,3,38,42,0,0,8,0,0,6,23,0,0,20,25,4,2
0,0,89,1,2,2,13,33,0,0,14,0,0,7,24,0,0,20,47,3,0
0,0,259,1,2,2,18,22,0,0,14,0,0,5,26,0,0,17,42,3,2
0,0,359,2,3,3,18,40,0,0,25,2,0,11,40,0,0,27,59,7,0
0,0,1228,9,9,9,386,481,1,11,65,1,11,282,249,0,8,289,471,25,3
0,0,2903,13,29,48,512,558,10,0,375,18,29,661,296,0,26,687,1126,146,3
0,0,457,3,6,6,19,132,0,1,789,1,7,39,283,0,11,62,878,20,2
0,0,156,1,2,2,15,25,0,0,15,0,0,5,35,0,0,21,37,3,2
1,0,428,6,17,27,100,326,1,1,923,4,3,86,580,0,11,121,1090,21,4
0,0,249,1,2,2,43,61,0,0,15,0,0,5,27,0,0,31,44,3,2
2,67,1079,31,14,16,256,312,7,2,146,25,69,380,147,0,12,332,415,83,4
0,0,56,1,0,0,1,2,0,0,9,0,0,3,21,0,0,11,24,3,1
0,0,564,10,5,13,46,344,8,9,133,5,2,62,921,0,10,116,380,25,0
0,0,133,3,3,3,48,29,1,0,10,0,0,37,29,0,0,65,62,3,1
4,26,1015,29,22,28,252,309,8,6,65,21,41,386,260,3,13,307,394,73,4
1,0,910,9,4,4,226,321,0,0,27,2,2,17,72,3,1,28,59,12,4
0,0,157,1,0,1,110,51,1,0,18,2,5,114,36,0,5,221,111,31,3
0,0,63,1,3,3,36,43,0,0,10,0,2,10,24,0,0,29,31,6,2
0,160,3177,12,29,59,131,603,30,0,626,21,32,476,365,0,39,321,1308,364,3
0,0,231,5,4,4,58,101,0,1,18,2,1,35,186,0,8,47,51,14,0
2,10,469,8,10,10,180,617,3,2,901,4,0,61,555,0,13,78,1123,21,4
0,0,154,1,3,3,16,27,0,0,16,0,0,10,28,0,0,20,38,4,2
0,0,143,3,7,10,18,28,0,0,14,0,0,14,22,0,0,17,46,3,4
0,0,2930,11,29,48,530,567,10,0,375,18,29,671,299,0,26,699,1133,146,3
0,0,392,4,2,3,43,86,1,0,58,3,0,9,36,0,0,36,126,15,4
0,0,542,72,0,6,567,468,8,0,48,5,2,497,161,0,6,623,551,42,3
0,0,121,1,2,2,49,65,0,0,14,0,0,7,27,0,0,24,33,3,2
1,14,2968,5,10,11,134,200,3,4,55,5,15,131,55,0,3,76,151,24,4
0,0,300,2,3,3,18,40,0,0,25,2,0,11,32,0,0,27,59,7,0
0,0,409,3,6,6,19,134,0,1,727,1,7,39,285,0,11,72,817,20,2
0,0,91,1,3,3,22,29,0,0,10,0,2,10,24,0,0,31,31,6,2
1,12,1119,23,9,10,324,413,2,3,1230,23,21,289,619,3,14,380,1647,52,4
1,7,679,13,7,8,339,229,1,2,25,18,17,256,47,7,2,327,351,23,4
0,0,401,3,6,6,17,113,0,1,819,1,7,39,286,0,11,72,906,20,2
0,0,668,9,6,6,280,255,1,11,20,1,8,230,213,0,8,227,218,30,4
0,0,883,3,5,5,19,119,0,1,784,1,1,22,273,0,10,38,869,13,2
0,0,2315,4,5,5,32,31,1,0,18,1,1,25,32,1,0,40,58,5,4
0,0,910,3,5,5,19,130,0,1,653,1,1,22,274,0,10,48,742,13,2
0,0,121,1,2,2,49,65,0,0,14,0,0,7,31,0,0,24,41,3,2
0,0,121,1,3,3,5,14,0,0,13,0,0,7,30,2,0,33,32,3,1
0,0,108,1,2,2,27,46,0,0,14,0,0,7,27,0,0,22,41,3,1
0,0,342,3,4,4,36,125,0,1,785,1,0,23,266,0,11,28,852,11,2
0,0,37,1,0,0,1,2,0,0,8,0,0,3,21,0,0,15,22,3,0
0,0,90,2,3,3,28,41,0,0,10,0,2,15,26,0,0,35,32,7,2
0,0,429,3,6,6,115,426,0,8,126,7,2,50,712,0,12,109,377,17,0
0,0,118,1,2,2,49,63,0,0,14,0,0,7,23,0,0,24,41,3,2
0,0,364,3,5,5,10,118,0,1,821,1,2,56,532,0,10,97,916,22,1
0,0,915,5,12,17,215,229,5,0,269,4,6,1183,294,0,30,1836,538,171,3
1,1006,940,27,0,8,122,235,6,8,117,16,4,122,264,1,18,106,295,31,4
0,0,365,8,6,6,26,108,0,1,749,1,4,57,281,0,16,95,837,22,1
0,0,2554,11,25,42,535,498,8,0,309,16,25,649,279,0,25,686,999,117,3
0,5396,1837,2,18,21,160,6565,0,2,77,2,0,88,46,1,0,131,506,145,4
0,0,317,4,3,4,47,65,0,1,19,1,0,22,182,0,9,30,58,10,3
0,0,52,1,3,3,24,28,0,0,8,0,1,8,23,0,0,21,26,5,2
0,0,88,1,2,2,13,17,0,0,14,0,0,5,21,0,0,15,42,3,2
0,0,51,1,3,3,24,28,0,0,8,0,1,8,23,0,0,21,26,5,2
0,0,60,1,0,0,1,2,0,0,8,0,0,3,21,0,0,11,22,3,1
0,0,167,3,3,3,21,33,0,1,17,1,0,20,177,0,8,28,53,10,2
0,0,273,5,7,8,61,146,0,0,15,9,1,63,60,0,0,61,55,17,3
0,40,761,35,15,15,533,268,2,9,1699,4,31,1752,417,0,12,2538,2331,73,4
1,3,197,5,0,0,1,17,0,0,18,1,2,16,31,0,1,30,37,5,4
0,0,489,3,5,5,19,137,0,1,784,1,1,22,290,0,11,48,876,13,2
0,0,251,1,3,3,13,28,0,0,17,0,2,14,30,0,0,51,52,6,1
1,6,1098,30,6,7,483,378,2,12,87,50,26,369,267,17,9,449,515,50,4
0,0,58,1,0,1,84,50,1,0,10,1,0,88,21,0,0,100,109,15,3
0,20,1016,74,13,16,104,195,2,0,356,0,8,718,64,0,0,1050,419,25,4
0,0,354,3,8,8,93,366,1,1,1048,1,1,44,444,0,14,71,1195,13,4
0,0,121,1,2,2,49,65,0,0,14,0,0,7,27,0,0,24,41,3,2
0,0,124,1,2,2,41,51,0,0,14,0,0,7,23,0,0,20,33,3,2
0,0,183,2,3,3,18,40,0,0,25,2,0,11,32,0,0,27,59,7,0
0,0,145,1,2,2,11,61,0,0,15,0,0,33,44,0,0,50,37,3,1
0,0,562,3,5,5,19,142,0,1,782,1,1,22,290,0,11,48,874,13,2
0,0,130,1,3,3,34,47,0,0,14,0,0,34,28,0,0,22,44,4,1
0,0,215,3,3,3,23,66,0,0,15,0,2,26,43,0,0,50,55,8,0
0,0,245,1,2,2,18,22,0,0,14,0,0,5,30,0,0,17,42,3,2
1,4,250,4,3,3,41,68,0,0,22,2,0,12,35,0,1,33,47,5,4
0,0,55,1,0,0,1,2,0,0,9,0,0,3,21,0,0,11,24,3,1
2,63,1421,14,16,17,239,289,5,8,126,14,25,273,257,2,13,282,343,44,4
0,0,255,1,3,3,54,88,0,0,15,0,0,54,30,0,0,83,94,3,1
0,0,308,3,5,5,7,145,0,1,729,1,2,44,487,0,10,72,840,25,3
0,0,52,1,3,3,24,28,0,0,8,0,1,8,23,0,0,21,26,5,2
0,0,166,3,3,3,21,32,0,1,17,1,0,20,177,0,8,28,53,10,2
0,457,4984,77,21,53,1047,1114,32,3,933,32,32,1013,629,0,26,1335,2334,140,3
3,25,2109,14,17,27,83,211,5,1,107,13,27,181,120,0,4,188,300,51,4
0,0,390,10,9,11,194,178,1,1,20,6,2,170,210,0,8,85,101,31,0
0,0,776,4,0,7,93,94,2,0,6193,1,7,220,243,0,13,188,6837,15013,3
0,0,170,1,3,3,5,18,0,0,16,0,0,8,33,0,0,74,40,4,1
4,32,2866,20,14,16,323,367,5,2,132,15,32,376,80,3,5,365,543,61,4
0,0,296,3,5,5,7,146,0,1,856,1,2,44,493,0,10,72,970,25,3
0,0,105,1,2,2,16,22,0,0,14,0,0,5,22,0,0,15,34,3,2
0,0,367,3,6,6,76,222,0,1,989,1,1,51,1451,0,10,153,1212,25,3
0,0,2293,4611,18,26,263,676,5,3,1039,34,30,307,364,0,10,644,1550,147,0
0,0,55,1,3,3,24,28,0,0,8,0,3,12,23,0,0,25,28,7,2
0,0,2889,11,29,48,603,572,10,0,375,17,26,725,292,0,34,768,1172,143,3
0,0,157,2,3,3,1,2,0,0,10,1,0,7,26,0,0,17,33,3,3
0,0,170,1,3,3,5,18,0,0,16,0,0,8,33,0,0,72,40,4,1
0,0,16,0,0,1,0,5,0,0,659,0,0,9,11,0,0,0,682,0,3
0,0,364,6,6,6,45,142,0,0,18,13,7,97,220,0,8,110,82,32,0
0,0,200,1,3,3,5,12,0,0,10,0,7,22,52,0,0,53,36,11,1
0,0,56,1,3,3,24,28,0,0,8,0,2,10,23,0,0,23,27,6,2
0,0,54,1,3,3,24,28,0,0,8,0,3,12,23,0,0,25,28,7,2
0,0,65,1,3,3,24,31,0,0,10,0,2,10,24,0,0,29,31,6,2
0,0,199,3,3,3,25,42,0,1,27,1,0,20,182,0,8,25,57,10,1
0,0,173,1,3,3,95,102,0,0,26,0,0,44,24,0,0,16,70,4,3
0,0,766,3,3,4,76,624,1,1,726,1,2,111,770,0,11,368,926,47,1
0,0,379,9,8,10,33,92,0,1,83,7,18,94,217,0,8,71,163,44,0
0,0,641,4,8,11,50,127,2,0,69,2,5,68,55,0,0,159,183,45,0
0,0,309,4,3,3,42,59,0,1,18,1,0,20,186,0,9,30,55,10,3
0,0,87,1,3,3,20,27,0,0,10,0,3,12,24,0,0,33,32,7,2
0,0,1763,21,35,48,92,499,6,1,1275,9,28,258,1033,0,12,302,1789,156,1
0,0,90,2,3,3,28,41,0,0,10,0,2,15,26,0,0,35,32,7,2
0,0,108,1,2,2,27,46,0,0,14,0,0,7,27,0,0,22,41,3,1
0,0,124,1,3,3,33,61,0,0,14,0,0,16,29,0,0,33,44,4,2
0,59,506,5,5,7,203,213,1,2,1007,1,6,150,372,0,11,399,1193,19,1
0,3,612,1,5,11,74,103,7,1,109,0,15,96,44,0,1,140,296,36,3
0,0,196,3,3,3,9,55,0,1,532,1,0,22,240,0,11,21,584,10,1
0,0,58,1,3,3,31,35,0,0,8,0,3,12,23,0,0,25,28,7,2
0,0,288,10,3,3,2,64,0,0,20,1,2,23,60,0,55,23,47,9,3
0,0,296,3,7,7,39,131,1,3,746,1,2,69,313,0,10,91,853,19,2
0,0,118,1,2,2,49,65,0,0,14,0,0,7,27,0,0,24,41,3,2
0,0,303,1,15,23,34,75,7,0,52,0,1,64,56,0,0,48,170,7,1
1,5,369,10,5,5,290,155,1,0,23,21,17,269,33,6,1,340,371,22,4
0,0,35,1,0,0,1,2,0,0,8,0,0,3,21,0,0,11,22,3,0
0,0,298,3,3,3,9,14,0,1,14,1,0,18,177,0,8,19,40,10,2
0,0,341,4,7,7,52,296,0,2,73,6,3,67,650,0,11,98,313,25,0
0,0,108,1,2,2,27,46,0,0,14,0,0,7,27,0,0,22,41,3,1
0,0,254,1,2,2,37,41,0,0,14,0,0,5,26,0,0,17,41,3,2
0,0,375,3,8,10,146,189,1,0,70,1,3,79,250,1,10,75,154,16,4
0,0,880,3,5,5,19,120,0,1,735,1,1,22,281,0,10,38,818,13,2
0,0,523,8,7,8,44,172,1,1,290,3,4,67,439,0,10,114,420,31,4
0,0,1508,7,24,33,94,288,5,0,187,6,8,210,247,0,15,280,447,74,3
0,0,56,1,3,3,24,28,0,0,8,0,2,10,23,0,0,23,27,6,2
0,0,183,2,3,3,18,40,0,0,25,2,0,11,36,0,0,27,59,7,0
0,0,55,1,3,3,24,28,0,0,8,0,3,12,23,0,0,25,28,7,2
0,0,345,3,6,6,52,64,0,2,17,1,0,27,177,0,8,22,53,10,3
0,0,55,1,3,3,24,28,0,0,8,0,3,12,23,0,0,25,28,7,2
0,0,648,11,12,13,80,217,3,3,149,4,4,93,519,0,10,181,310,37,4
10,28,831,77,7,7,77,874,7,9,662,24,24,135,909,0,15,186,826,39,4
0,0,31,1,3,3,1,0,0,0,8,0,0,5,23,0,6,19,23,3,3
0,0,263,1,2,2,18,22,0,0,14,0,0,5,30,0,0,17,42,3,2
0,0,51,1,3,3,24,28,0,0,8,0,1,8,23,0,0,21,26,5,2
0,0,518,3,5,5,19,138,0,1,979,1,1,22,316,0,11,48,1076,13,2
0,0,429,3,5,5,19,136,0,1,782,1,1,22,290,0,11,48,874,13,2
0,0,63,1,0,0,1,6,0,0,10,1,0,8,25,0,0,15,24,3,4
0,0,204,2,3,3,18,40,0,0,25,2,0,11,32,0,0,27,59,7,0
0,0,197,1,2,2,21,40,0,0,15,0,0,20,34,0,0,32,58,31,1
0,0,86,1,3,3,23,34,0,0,14,1,0,8,23,0,0,18,35,4,2
0,160,2958,13,29,49,163,506,10,1,565,21,29,397,343,0,33,331,1133,338,3
0,0,51,1,3,3,24,28,0,0,8,0,1,8,23,0,0,21,26,5,2
1,15,413,6,5,5,17860,267,1,0,30,3,13,343,41,0,2,425,427,19,4
0,0,57,1,3,3,24,28,0,0,8,0,3,12,23,0,0,25,28,7,2
0,0,1387,55,10,29,1569,983,13,0,210,18,5,1729,444,0,32,1826,1441,364,3
0,0,470,3,5,5,19,132,0,1,834,1,1,22,282,0,11,52,928,13,2
0,0,295,3,5,5,7,147,0,1,748,1,2,44,492,0,10,72,859,25,3
3,41,2400,80,12,19,1016,540,7,13,126,73,38,998,262,20,17,1141,1280,88,4
0,0,387,3,6,6,17,114,0,1,870,1,7,39,281,0,11,72,960,20,2
2,70,1386,58,20,29,352,732,109,19,1481,11,74,496,576,0,20,609,1982,61,4
0,0,53,1,3,3,24,28,0,0,8,0,1,8,23,0,0,21,26,5,2
0,0,90,2,3,3,28,41,0,0,10,0,2,15,26,0,0,35,32,7,2
0,0,321,4,8,8,25,136,1,1,730,5,2,65,497,0,10,112,877,20,0
0,0,53,1,3,3,24,28,0,0,8,0,3,12,23,0,0,25,28,7,2
0,0,59,1,3,3,24,28,0,0,8,0,3,12,23,0,0,25,28,7,2
0,0,2898,11,29,48,551,564,10,0,375,18,27,703,304,0,30,731,1145,144,3
1,32,3247,34,18,22,83,268,4,3,453,14,10,788,132,2,3,1096,657,42,4
0,0,255,1,2,2,18,22,0,0,14,0,0,5,26,0,0,17,42,3,2
0,0,55,1,3,3,24,28,0,0,8,0,3,12,23,0,0,25,28,7,2
0,0,121,1,3,3,22,32,0,0,15,0,0,8,23,0,0,23,45,4,1
0,0,281,3,5,5,48,215,0,1,733,1,0,27,341,0,11,32,828,10,4
0,0,51,1,3,3,24,28,0,0,8,0,1,8,23,0,0,21,26,5,2
0,0,3533,19,17,26,1178,553,11,1,347,13,39,1190,357,0,34,1467,1472,144,3
0,0,317,10,8,10,119,161,7,0,17,1,4,69,50,0,0,85,78,42,0
0,0,402,3,5,5,27,123,0,1,504,1,13,56,256,13,10,105,566,24,1
3,24,725,12,14,15,82,121,4,2,76,11,33,229,80,0,5,172,243,46,4
0,0,124,1,2,2,12,22,0,0,15,0,0,5,23,0,0,15,37,3,2
0,0,201,4,5,5,5,61,0,0,15,6,3,58,52,0,0,64,60,16,0
0,0,207,1,3,3,6,25,0,0,10,0,13,14708,58,0,0,59,42,17,1
0,0,256,1,2,2,43,65,0,0,15,0,0,5,27,0,0,31,44,3,2
0,0,755,1,2,2,125,135,0,1,14,0,0,7,27,0,0,18,40,3,3
0,0,376,5,1,2,33,92,5,0,37,4,2,152,223,0,16,148,111,54,3
0,0,141,1,2,2,26,42,0,0,15,0,0,5,24,0,0,15,49,3,2
0,0,2892,10,29,48,603,570,10,0,375,18,27,727,292,0,30,769,1173,144,3
0,0,513,1,4,5,65,130,1,1,68,1,5,39,32,0,0,158,160,29,0
0,0,395,3,6,6,16,110,0,1,709,1,7,39,283,0,11,72,791,20,2
0,160,2945,13,29,49,149,509,10,1,560,23,26,403,334,0,42,327,1115,335,3
0,0,571,4,4,4,246,430,0,1,24,2,6,42,204,0,8,67,118,17,0
0,0,206,7,0,0,12,73,0,0,23,6,6,43,57,0,0,42,63,11,0
0,0,293,7,3,3,2,67,0,0,20,1,2,23,60,0,55,23,47,9,3
0,0,330,3,3,3,9,14,0,1,14,1,0,18,177,0,8,19,40,10,2
0,0,50,1,3,3,24,28,0,0,8,0,1,8,23,0,0,21,26,5,2
0,0,224,2,0,2,2,51,3,0,21,2,2,70,49,0,7,79,48,38,3
0,0,919,3,5,5,19,131,0,1,759,1,1,22,290,0,10,48,850,13,2
0,0,48,1,0,0,2,2,0,0,8,0,0,3,21,0,0,9,22,3,1
0,0,874,193,11,18,19,112,2,2,84,0,1,40,56,0,0,67,172,17,0
0,160,682,4,3,4,40,138,2,0,219,5,9,428,237,0,27,143,369,305,3
0,0,2882,11,29,48,551,566,10,0,375,18,26,685,296,0,35,720,1144,143,3
0,3,262,4,4,4,16,27,0,1,21,1,0,23,179,0,8,34,52,10,2
0,0,260,1,2,2,43,65,0,0,15,0,0,5,35,0,0,31,44,3,2
0,0,875,3,5,5,19,120,0,1,682,1,1,22,273,0,10,38,764,13,2
0,0,144,1,2,2,11,61,0,0,15,0,0,33,40,0,0,50,37,3,1
0,0,121,1,3,3,40,56,0,0,14,0,5,18,25,0,0,49,49,9,2
0,0,417,3,5,5,19,121,0,1,678,1,1,22,273,0,10,40,760,13,2
0,0,135,1,2,2,5,26,0,0,14,0,0,7,35,0,0,40,47,3,1
0,0,58,1,3,3,31,35,0,0,8,0,3,12,23,0,0,25,28,7,2
0,0,412,3,5,5,17,119,0,1,889,1,1,22,286,0,11,48,979,13,2
0,0,517,1,4,4,117,158,141,0,75,0,6,38,70,2,0,46,126,11,4
0,0,122,1,0,0,36,49,0,0,15,1,0,11,24,0,0,23,41,3,0
0,0,396,11,4,4,29,141,0,4,761,1,8,94,305,0,11,115,828,21,0
0,1,858,4,7,7,295,679,1,6,251,1,3,121,4248,0,10,216,700,18,4
0,0,58,1,2,2,3,9,0,0,8,0,0,3,21,0,0,15,23,3,2
0,19,1035,19,8,12,1515,447,3,3,1381,16,13,1199,342,0,10,1505,2279,43,0
1,4,1397,3,5,5,155,181,1,2,18,0,0,58,382,1,1,97,103,4,4
0,0,36,1,0,0,1,2,0,0,8,0,0,3,21,0,0,11,22,3,0
0,0,55,1,0,0,1,2,0,0,9,0,0,3,21,0,0,11,24,3,1
0,6128,2154,12,4,22,605,846,19,2,977,21,75,959,414,0,63,887,1869,206,3
5,113,1599,34,18,20,280,411,5,9,210,34,57,306,306,6,13,412,705,96,4
0,0,434,3,5,5,19,141,0,1,937,1,1,22,301,0,11,52,1032,13,2
0,0,290,3,5,5,6,146,0,1,729,1,2,44,490,0,10,72,842,25,3
0,0,56,1,3,3,24,28,0,0,8,0,2,10,23,0,0,23,27,6,2
0,3,518,9,6,8,98,169,5,1,35,12,44,233,246,0,21,322,228,58,3
0,0,54,1,3,3,24,28,0,0,8,0,3,12,23,0,0,25,28,7,2
0,0,710,1,5,8,3,124,3,0,159,2,1,38,36,0,0,83,339,36,3
0,0,536,75,0,6,577,468,8,0,48,5,2,506,160,0,6,635,566,42,3
0,0,411,4,5,5,173,274,0,0,16,3,1,28,90,0,0,43,106,6,0
0,0,47,1,0,0,1,2,0,0,9,0,0,4,21,0,0,15,23,3,0
1,3,1574,1,71,110,3,94,3,4,262,6,1,45,34,0,1,567,470,33,4
0,0,398,3,6,6,17,117,0,1,763,1,7,39,281,0,11,72,849,20,2
0,15,848,8,0,7,241,204,1,5,45,15,0,177,238,1,11,138,129,13,4
0,0,365,3,4,4,36,127,0,1,649,1,0,23,266,0,11,28,712,11,2
0,0,83,1,3,3,26,33,0,0,10,0,3,12,24,0,0,33,32,7,2
0,0,432,3,5,5,19,135,0,1,841,1,1,22,287,0,10,48,930,13,2
0,0,289,3,3,3,9,13,0,1,13,1,0,18,177,0,8,19,38,10,2
0,0,154,1,3,3,16,29,0,0,16,0,0,10,24,0,0,20,38,4,2
0,0,86,1,3,3,26,33,0,0,10,0,3,12,24,0,0,39,32,7,2
0,0,199,2,3,3,18,49,0,0,25,2,0,11,32,0,0,27,59,7,0
0,0,56,1,3,3,24,28,0,0,8,0,3,12,23,0,1,25,28,7,2
0,0,85,0,2,2,45,48,0,0,2,5,0,1,7,0,1,20,50,0,1
0,0,317,4,4,6,230,102,2,0,37,5,6,479,217,0,30,328,227,94,3
0,0,16,0,0,1,0,5,0,0,730,0,0,10,12,0,0,0,755,0,3
0,0,90,2,3,3,28,41,0,0,10,0,2,15,26,0,0,35,32,7,2
0,0,876,3,5,5,19,120,0,1,735,1,1,22,281,0,10,38,818,13,2
0,0,277,2,3,3,18,40,0,0,25,2,0,11,32,0,0,27,59,7,0
0,0,61,1,3,3,25,29,0,0,9,0,1,8,23,0,0,27,28,5,2
0,0,418,12,13,16,198,266,1,4,36,4,4,207,82,0,1,227,189,88,0
0,0,41,1,0,0,1,2,0,0,8,0,0,3,21,0,0,15,22,3,4
0,0,89,1,2,2,14,19,0,0,14,0,0,5,21,0,0,15,34,3,2
0,0,1011,4,5,5,58,63,1,1,15,2,0,81,207,0,14,84,75,10,3
0,0,55,1,3,3,24,28,0,0,8,0,3,12,23,0,0,25,28,7,2
0,0,426,3,6,6,17,114,0,1,838,1,7,39,292,0,11,72,925,20,2
0,0,326,4,3,4,24,42,0,1,19,1,0,22,182,0,9,30,58,10,3
0,0,52,1,3,3,24,28,0,0,8,0,1,8,23,0,0,21,26,5,2
1,22,320,2,7,8,29,21,1,0,48,1,12,161,38,0,5,93,117,29,3
0,0,138,1,2,2,1,5,0,0,10,10,0,23,28,0,0,30,27,39,1
2,18,712,7,13,14,197,239,4,4,60,9,22,211,91,1,3,173,244,34,4
0,0,161,1,2,2,15,25,0,0,30,0,0,5,24,0,1,21,55,3,2
0,0,168,1,3,3,1,5,0,0,8,0,0,6,23,0,0,29,25,4,1
0,0,88,1,2,2,14,19,0,0,14,0,0,5,21,0,0,15,34,3,2
0,0,160,1,3,3,53,82,1,0,16,0,0,18,27,0,0,33,53,3,1
0,0,225,1,3,3,6,25,0,0,10,0,13,13895,58,0,0,59,42,17,1
0,0,53,1,3,3,24,28,0,0,8,0,3,12,23,0,0,25,28,7,2
0,0,292,3,3,3,9,14,0,1,14,1,0,18,177,0,8,19,40,10,2
0,0,316,4,3,5,230,105,2,0,38,5,6,480,218,0,29,325,228,93,3
0,0,311,3,6,6,53,65,0,2,17,1,0,27,177,0,8,22,52,10,3
1,7,702,15,8,8,707,393,1,3,25,47,26,554,40,11,1,661,673,32,4
0,0,52,1,3,3,22,26,0,0,8,0,3,12,23,0,0,25,28,7,2
0,0,108,1,2,2,29,48,0,0,14,0,0,7,27,0,0,22,43,3,1
0,0,238,2,4,4,55,110,0,0,15,1,1,48,66,0,0,79,55,12,0
0,0,66,1,3,3,24,31,0,0,10,0,2,10,24,0,0,29,31,6,2
0,0,54,1,3,3,24,28,0,0,8,0,2,10,23,0,0,23,27,6,2
2,13,814,8,8,12,145,173,0,2,47,3,13,47,43,1,1,77,96,19,4
0,0,259,1,3,3,616,253,1,0,252,0,0,393,31,0,0,476,773,3,1
0,0,399,3,6,6,17,119,0,1,682,1,7,39,283,0,11,62,763,20,2
0,0,50,1,3,3,24,28,0,0,8,0,1,8,23,0,0,21,26,5,2
0,0,101,2,3,3,25,38,0,0,10,0,3,17,26,0,0,37,33,8,2
0,0,416,3,5,5,19,140,0,1,853,1,1,22,290,0,11,48,947,13,2
0,0,140,1,9,10,46,60,0,0,14,0,2,17,27,0,0,25,38,10,4
0,0,434,1,2,2,215,250,0,0,26,0,0,5,29,0,0,45,58,3,1
0,0,170,1,3,3,5,18,0,0,16,0,0,8,33,0,0,74,40,4,1
0,0,198,1,2,2,41,49,0,0,9,0,0,5,29,0,0,30,25,3,1
0,0,55,1,3,3,24,28,0,0,8,0,3,12,23,0,0,25,28,7,2
0,0,154,1,3,3,16,27,0,0,16,0,0,10,28,0,0,20,38,4,2
0,0,192,1,2,2,5,16,0,0,16,0,0,5,26,0,0,21,38,3,1
0,0,54,1,3,3,24,28,0,0,8,0,3,12,23,0,0,25,28,7,2
0,0,264,3,5,7,59,96,3,1,32,5,1,58,51,0,0,89,115,13,0
0,0,22,1,0,0,1,2,0,0,8,0,0,3,21,0,0,11,22,3,1
0,0,55,1,3,3,24,28,0,0,8,0,3,12,23,0,0,25,28,7,2
1,18,1364,19,14,49,33,606,4,3,1439,18,17,190,778,0,14,162,1823,45,4
0,0,119,1,2,2,49,65,0,0,14,0,0,7,23,0,0,24,41,3,2
0,31,1176,3,11,16,106,120,2,1,45,0,12,127,74,0,3,80,169,8,4
0,0,922,3,8,10,46,161,2,0,127,0,10,43,39,0,0,92,274,37,3
0,0,206,2,3,3,18,49,0,0,25,2,0,11,32,0,0,27,59,7,0
0,0,70,1,3,3,20,27,0,0,10,0,3,12,24,0,0,33,32,7,2
0,0,2894,11,29,48,538,560,10,0,375,18,29,681,296,0,26,711,1140,146,3
0,0,109,1,2,2,28,48,0,0,14,0,0,7,31,0,0,22,41,3,1
0,0,364,3,5,5,88,317,0,1,804,1,0,22,352,1,11,26,911,10,4
1,0,290,8,0,1,216,98,1,0,13,4,1,206,66,0,0,210,149,4,4
0,0,334,3,9,9,7,257,0,2,747,1,2,50,757,0,11,79,893,16,3
0,0,2549,12,25,42,535,497,8,0,309,15,25,633,279,0,25,676,999,117,3
0,0,51,1,3,3,24,28,0,0,8,0,1,8,23,0,0,21,26,5,2
0,0,145,1,2,2,11,61,0,0,15,0,0,33,40,0,0,50,37,3,1
0,0,943,3,5,5,19,129,0,1,736,1,1,22,284,0,10,38,820,13,2
0,0,249,1,3,3,29,39,0,0,15,0,0,75,56,0,0,81,44,3,1
1,11,718,4,10,10,197,142,1,4,38,2,7,182,274,0,11,236,173,30,4
0,0,329,1,4,5,6,55,1,0,64,0,0,12,31,0,0,52,139,14,1
0,0,149,1,3,3,1,21,0,0,50,0,0,6,45,0,0,31,77,4,1
0,0,46,1,0,1,56,36,1,0,10,1,0,60,21,0,0,72,81,15,3
0,0,151,1,3,3,56,46,1,0,18,0,0,27,30,0,0,56,62,3,1
2,4,398,12,10,13,312,212,1,1,23,15,23,252,41,4,1,310,326,31,4
0,0,526,5,5,5,54223,257,1,0,16,3,8,82,53,0,0,147,109,18,0
1,31,1520,10,17,18,246,282,5,13,68,14,22,222,203,2,15,182,234,46,4
0,0,342,3,6,6,25,89,0,2,494,1,5,39,253,0,11,81,564,19,2
0,0,161,1,3,3,56,46,1,0,18,0,0,27,30,0,0,56,62,3,1
3,37,1157,72,19,22,188,350,4,5,82,11,47,290,173,1,6,199,235,57,4
0,0,488,5,10,12,86,312,0,2,993,6,7,90,943,0,11,130,1237,41,0
0,0,118,1,2,2,49,65,0,0,14,0,0,7,23,0,0,24,41,3,2
0,0,298,3,5,5,6,147,0,1,784,1,2,44,493,0,10,72,898,25,3
0,0,237,1,3,3,6,25,0,0,10,0,13,14232,58,0,0,59,42,17,1
0,0,158,2,3,3,1,2,0,0,10,1,0,7,26,0,0,17,33,3,3
0,303,1083,9,8,26,80,237,22,0,399,6,2,138,142,0,8,181,772,24,3
0,1796,949,7,0,19,115,189,21,0,156,2,0,133,137,0,16,170,467,35,3
1,0,159,4,3,3,1,11,0,0,9,6,6,23,27,2,0,20,34,10,4
0,0,56,1,3,3,24,28,0,0,8,0,3,12,23,0,0,25,28,7,2
0,0,90,2,3,3,28,41,0,0,10,0,2,15,26,0,0,35,32,7,2
0,0,27,1,0,1,16,5,1,0,10,1,0,20,21,0,0,32,41,15,3
0,0,57,1,0,1,82,49,1,0,10,1,0,86,21,0,0,98,107,15,3
1,14,580,6,11,12,155,160,4,3,54,5,15,85,58,0,2,105,188,23,4
0,0,346,3,4,4,36,127,0,1,667,1,0,23,270,0,11,28,728,11,2
0,0,173,1,3,3,11,18,0,0,15,0,0,73,58,0,0,73,43,3,1
0,0,1198,17,14,21,76,306,5,3,210,2,12,156,89,0,2,188,516,90,0
0,0,306,7,9,12,145,242,0,0,25,8,12,94,73,0,0,85,92,35,0
0,20,526,14,7,10,45,208,0,1,45,16,11,133,253,0,9,110,134,30,0
0,0,0,0,1,1,0,0,0,0,0,0,0,0,0,0,0,0,16,0,2
0,0,1023,7,12,13,48,118,2,1,711,5,3,87,426,0,10,141,875,44,3
0,0,377,3,3,3,9,13,0,1,13,1,0,18,177,0,8,19,38,10,2
0,0,94,1,2,2,19,28,0,0,14,0,0,7,23,0,0,16,34,3,2
0,0,1493,18,11,19,110,348,6,6,270,7,28,266,95,0,3,357,712,137,0
3,16,853,16,11,12,148,156,4,2,55,13,26,216,64,0,3,151,227,35,4
3,21,1067,34,6,11,58,358,6,5,168,21,10,110,371,0,14,117,291,39,4
0,0,289,3,5,5,6,146,0,1,784,1,2,44,493,0,10,72,898,25,3
2,17,1581,16,8,9,192,385,2,4,106,6,24,177,69,0,3,211,360,47,4
0,0,94,2,3,3,1,2,0,0,8,1,0,4,21,0,0,11,23,3,3
0,0,101,1,2,2,17,21,0,0,14,0,0,5,22,0,0,15,34,3,2
0,0,55,1,3,3,24,28,0,0,8,0,3,12,23,0,0,25,28,7,2
0,0,91,0,2,2,45,48,0,0,2,5,0,1,15,0,1,20,50,0,2
0,0,53,1,3,3,24,28,0,0,8,0,3,12,23,0,0,25,28,7,2
0,0,368,4,4,5,33,51,0,1,19,1,0,24,186,0,9,30,58,13,3
12,91,1837,73,18,20,891,565,36,9,1064,38,97,904,538,0,24,996,1882,149,4
0,0,352,3,3,3,9,13,0,1,13,1,0,18,177,0,8,19,37,10,2
0,0,90,2,3,3,28,41,0,0,10,0,2,15,26,0,0,35,32,7,2
0,0,130,1,0,0,2,23,3,0,10,0,0,18,27,0,2,22,25,11,3
0,0,56,1,0,0,1,2,0,0,9,0,0,3,21,0,0,11,24,3,1
0,0,51,1,3,3,24,28,0,0,8,0,1,8,23,0,0,21,26,5,2
0,0,155,1,3,3,3,23,0,2,16,0,1,10,35,0,0,36,41,5,2
0,0,133,2,3,3,12,22,0,0,9,2,0,11,33,0,0,20,28,5,0
0,0,355,4,10,13,72,141,0,0,20,5,4,60,58,0,0,67,73,24,0
0,0,255,1,2,2,43,61,0,0,15,0,0,5,27,0,0,31,44,3,2
0,0,153,1,3,3,16,27,0,0,16,0,0,10,24,0,0,20,38,4,2
3,22,2283,11,15,19,244,249,6,6,39,9,20,260,72,0,6,199,248,43,4
0,0,262,1,2,2,18,22,0,0,14,0,0,5,26,0,0,17,42,3,2
0,0,199,1,3,3,43,30,1,0,17,0,0,27,29,0,0,55,59,3,2
1,14,812,19,17,43,196,581,2,4,2523,16,6,252,1069,0,15,395,2946,44,4
0,0,377,3,5,5,18,141,0,1,760,1,1,32,301,0,12,44,836,13,2
0,0,56,1,0,0,1,2,0,0,9,0,0,3,21,0,0,11,24,3,1
0,0,50,1,3,3,24,28,0,0,8,0,1,8,23,0,0,21,26,5,2
0,0,169,1,3,3,5,18,0,0,16,0,0,8,33,0,0,74,40,4,1
1,15,385,11,10,11,92,142,5,0,53,16,49,204,77,0,3,180,222,59,4
0,0,407,4,3,3,58,75,0,1,18,1,0,20,188,0,9,30,54,10,3
0,160,2970,13,29,49,149,503,10,1,556,22,29,387,332,0,33,316,1111,338,3
0,0,1797,1,0,1,1,41,1,0,61,0,0,9,25,0,0,35,128,13,3
0,0,53,1,3,3,24,28,0,0,8,0,1,8,23,0,0,21,26,5,2
0,0,471,3,4,4,95,76,1,1,15,4,0,36,24,0,0,52,71,4,4
0,0,315,3,6,6,16,78,0,2,567,1,5,38,244,0,11,76,631,19,2
0,0,961,10,15,19,54,238,3,1,770,13,3,132,320,0,11,170,975,110,0
0,0,427,5,1,2,72,105,5,0,45,5,2,179,226,0,23,190,144,54,3
0,0,144,2,3,3,4,5,0,0,10,1,0,6,27,0,0,17,30,3,3
0,0,130,1,3,3,29,54,0,0,14,0,0,14,28,0,0,31,44,4,2
0,0,251,1,2,2,43,61,0,0,15,0,0,5,27,0,0,31,44,3,2
0,0,52,1,3,3,24,28,0,0,8,0,1,8,23,0,0,21,26,5,2
0,0,168,1,3,3,5,18,0,0,16,0,0,8,33,0,0,74,40,4,1
0,0,161,1,2,2,15,25,0,0,30,0,0,5,24,0,0,21,55,3,2
1,0,307,4,5,5,104,70,1,1,16,2,3,74,29,1,0,96,112,7,4
0,0,637,15,10,12,58,188,0,1,1274,10,5,100,341,0,11,148,1409,41,0
0,0,154,1,2,2,15,25,0,0,15,0,0,5,27,0,0,21,37,3,2
0,0,16,0,0,1,0,5,0,0,658,0,0,9,11,0,0,0,680,0,3
0,0,428,4,3,3,75,101,0,1,18,1,0,20,188,0,9,34,55,10,3
0,0,57,1,3,3,24,28,0,0,8,0,3,12,23,0,0,25,28,7,2
0,0,2751,9,6,7,11,87,1,1,125,3,2,53,378,0,10,92,231,31,4
1,11,326,7,10,11,3,33,3,0,39,6,14,112,50,0,2,45,113,20,4
0,0,109,1,2,2,29,48,0,0,14,0,0,7,27,0,0,22,43,3,1
0,26,926,123,51,55,73,244,2,2,38,5,52,473,174,0,14,246,257,72,4
0,0,16,0,0,1,0,5,0,0,797,0,0,11,13,0,0,0,820,0,3
0,0,115,2,3,3,2,29,0,0,9,0,1,14,57,0,0,35,28,7,1
0,0,334,1,0,0,53,511,0,0,63,0,0,65,161,0,0,244,79,3,1
0,0,48,1,0,1,56,36,1,0,10,1,0,60,21,0,0,72,81,15,3
0,0,55,1,3,3,27,31,0,0,8,0,3,12,23,0,0,25,28,7,2
0,0,56,1,3,3,24,28,0,0,8,0,3,12,23,0,0,25,28,7,2
0,0,200,1,0,0,43,78,0,0,15,2,0,21,34,0,0,38,42,3,0
0,0,133,1,2,2,1,5,0,0,10,0,0,13,28,0,0,26,27,19,1
0,0,267,4,4,4,65,158,0,1,15,4,2,66,59,0,0,85,88,10,0
0,0,6208,37,26,39,100,461,5,1,376,31,51,356,299,2,13,5990,1175,140,3
0,0,173,2,2,2,31,45,0,0,35,0,0,9,29,0,0,21,61,3,2
0,0,232,3,3,3,20,44,0,1,19,1,0,28,189,0,8,47,57,10,2
0,0,253,1,2,2,43,65,0,0,15,0,0,5,27,0,0,31,44,3,2
0,0,2901,11,29,48,564,565,10,0,375,17,29,701,300,0,27,735,1154,146,3
0,0,311,4,4,4,66,60,1,1,19,2,0,48,191,0,8,59,86,10,0
0,0,252,1,2,2,43,65,0,0,15,0,0,5,27,0,0,31,44,3,2
0,0,80,2,3,3,26,39,0,0,10,0,3,17,26,0,0,37,33,8,2
1,8,984,27,10,10,385,262,1,5,26,16,28,320,80,0,2,435,376,44,4
0,0,386,3,3,3,9,14,0,1,14,1,0,18,177,0,8,19,40,10,2
0,0,440,1,2,2,215,253,0,0,26,0,0,5,29,0,0,45,58,3,1
0,0,401,5,1,2,33,92,5,0,45,5,2,148,222,0,23,149,121,52,3
0,0,3111,3,12,17,375,251,1,0,4852,7,9,99,52,0,3,94,5638,12153,3
3,39,2007,192,42,59,826,887,15,2,126,22,80,1275,545,4,18,869,913,146,4
0,0,314,4,1,3,230,102,2,0,30,4,5,476,221,0,22,328,212,90,3
0,0,260,1,2,2,18,22,0,0,14,0,0,5,26,0,0,17,42,3,2
0,160,3170,12,30,61,175,603,30,0,970,21,34,507,442,0,37,361,1693,376,3
0,0,464,1,0,0,9,24,0,0,22,0,0,5,21,0,0,18,50,3,4
3,131,1020,40,14,16,224,424,6,11,164,12,45,308,199,0,9,418,459,81,4
1,9,1162,18,19,22,28,125,3,1,108,14,15,92,222,0,10,87,252,54,4
0,0,391,3,10,10,86,520,10,1,997,1,5,73,1076,0,11,232,1281,20,4
3,17,1066,31,16,18,556,789,5,1,181,27,25,382,621,1,14,536,575,60,4
0,0,154,1,2,2,15,25,0,0,15,0,0,5,27,0,0,21,37,3,2
0,0,330,1,4,5,6,55,1,0,64,0,0,12,31,0,0,52,139,14,1
0,0,297,3,5,5,7,152,0,1,799,1,2,44,484,0,10,72,912,25,3
0,0,272,3,4,4,33,83,0,1,596,1,0,23,244,0,10,36,647,11,1
1,0,394,6,9,9,159,1015,1,2,1031,4,5,89,635,0,12,157,1227,20,4
0,0,201,1,2,2,21,40,0,0,16,0,0,20,46,0,0,32,58,31,1
0,160,3996,12,36,66,225,620,12,0,491,22,42,781,344,0,56,501,1258,416,3
0,0,119,1,2,2,49,65,0,0,14,0,0,7,23,0,0,24,41,3,2
0,0,54,1,3,3,24,28,0,0,8,0,3,12,23,0,0,25,28,7,2
0,0,68,1,3,3,36,43,0,0,10,0,2,10,24,0,0,29,31,6,2
0,0,271,3,6,6,15,58,0,1,506,1,2,46,256,0,11,70,571,13,2
0,0,283,7,9,11,59,112,1,0,31,11,13,102,57,0,0,76,109,44,0
0,0,172,3,4,4,23,64,0,0,52,2,2,36,54,0,0,42,85,13,0
0,0,411,3,5,5,17,126,0,1,782,1,1,22,286,0,11,48,869,13,2
0,0,211,1,3,3,6,25,0,0,10,0,13,13981,58,0,0,59,42,17,1
0,0,59,1,0,1,88,52,1,0,10,1,0,92,21,0,0,104,113,15,3
0,0,262,1,2,2,43,61,0,0,15,0,0,5,27,0,0,31,44,3,2
0,0,342,3,4,4,28,101,0,2,590,1,0,22,275,0,10,30,657,10,2
0,0,295,3,5,5,27,74,0,4,674,1,3,50,302,0,10,83,748,30,1
0,0,398,3,5,5,17,125,0,1,859,1,1,22,297,0,11,48,947,13,2
1,140,2286,18,10,15,889,571,19,10,100,3,89,652,139,0,3,562,649,117,4
0,0,229,1,2,2,25,37,0,0,16,0,0,7,33,0,0,48,37,3,1
0,0,52,1,3,3,24,28,0,0,8,0,1,8,23,0,0,21,26,5,2
0,0,826,3,2,3,67,168,1,2,80,2,0,10,39,0,0,63,163,11,3
0,0,887,3,5,5,16,99,0,1,774,1,1,22,286,0,10,38,851,13,2
1,0,168,3,5,5,38,18,1,0,11,2,6,54,28,0,0,65,72,10,4
0,0,161,1,2,2,15,25,0,0,30,0,0,5,24,0,1,21,55,3,2
0,0,162,1,2,2,15,25,0,0,30,0,0,5,28,0,0,21,55,3,2
0,0,76,1,0,0,1,8,0,0,8,0,0,3,25,0,0,13,22,3,3
0,0,368,3,6,6,81,401,0,4,1382,8,2,47,745,0,11,99,1659,23,0
0,0,200,7,3,3,31,45,0,0,45,0,0,10,36,0,0,22,74,4,2
6,108,3434,100,26,128,1979,1643,11,66,335,33,172,1689,289,3,20,1762,1969,277,4
0,10,879,32,15,17,160,333,2,6,418,13,2,148,677,0,17,211,634,29,4
0,0,1535,3,7,9,43,158,2,0,123,2,11,39,40,0,0,89,265,38,3
0,0,366,7,8,11,211,202,3,0,41,8,4,224,85,0,10,382,220,25,3
2,14,1107,47,11,12,394,542,2,4,1790,33,20,325,909,4,15,443,2273,54,4
0,0,93,1,3,3,26,33,0,0,10,0,3,12,24,0,0,39,32,7,2
2,41,1517,22,17,28,252,315,7,3,161,24,41,407,318,4,20,361,525,63,4
0,0,84,1,3,3,26,33,0,0,10,0,3,12,24,0,0,33,32,7,2
0,0,30,1,0,1,2,11,0,0,9,1,0,8,21,0,0,17,27,15,3
0,0,57,1,0,0,1,2,0,0,9,0,0,3,21,0,0,11,24,3,1
0,0,475,3,5,5,19,141,0,1,802,1,1,22,297,0,11,48,894,13,2
0,0,93,1,3,3,26,33,0,0,10,0,3,12,24,0,0,33,32,7,2
1,25,350,5,5,5,611,131,1,0,26,7,12,418,40,0,0,549,436,21,4
0,0,114,1,2,2,2,8,0,0,16,0,0,5,21,0,0,21,37,3,1
1,14,4105,13,9,10,10,54,3,0,60,14,15,58,62,0,2,57,153,21,4
0,0,1124,43,8,9,275,843,1,1,1421,17,34,225,2424,0,10,289,1909,94,4
0,0,102,1,2,2,41,80,0,0,14,0,0,5,31,0,0,29,42,3,2
0,0,51,1,3,3,24,28,0,0,8,0,1,8,23,0,0,21,26,5,2
0,0,56,1,0,0,1,2,0,0,9,0,0,3,21,0,0,11,24,3,1
0,0,247,3,1,1,1,35,0,0,9,1,4,34,56,0,0,51,31,8,4
3,4,2400,19,11,13,330,328,2,3,85,16,43,302,277,3,10,306,431,71,4
1,78,1281,52,13,14,850,900,1,13,142,27,83,803,212,0,9,559,612,563,4
0,0,55,1,3,3,24,28,0,0,8,0,3,12,23,0,0,25,28,7,2
0,0,299,3,5,5,7,151,0,1,784,1,2,44,492,0,10,72,896,25,3
0,0,55,1,3,3,24,28,0,0,8,0,3,12,23,0,0,25,28,7,2
0,0,155,1,2,2,15,27,0,0,15,0,0,5,27,0,0,21,37,3,2
0,0,61,1,3,3,24,28,0,0,9,0,2,10,23,0,0,27,29,6,2
0,0,291,3,5,5,6,152,0,1,729,1,2,44,491,0,10,72,842,25,3
0,0,90,2,3,3,28,41,0,0,10,0,2,15,26,0,0,35,32,7,2
0,0,31,1,3,3,1,0,0,0,8,0,0,5,23,0,6,19,23,3,3
0,0,55,1,3,3,24,28,0,0,8,0,3,12,23,0,0,25,28,7,2
0,0,16,0,0,1,0,5,0,0,727,0,0,10,12,0,0,0,749,0,3
0,0,574,10,11,13,76,209,0,0,66,4,6,94,291,0,10,102,148,42,0
0,0,157,1,3,3,16,27,0,0,16,0,0,10,24,0,0,20,38,4,2
0,0,51,1,3,3,24,28,0,0,8,0,1,8,23,0,0,21,26,5,2
0,0,360,3,8,8,51,188,0,2,623,1,2,51,641,0,10,74,737,16,3
0,0,178,6,14,24,31,70,0,0,13,8,5,48,49,0,0,64,51,13,3
0,0,154,1,3,3,16,27,0,0,16,0,0,10,24,0,0,20,38,4,2
0,0,222,1,3,3,5,12,0,0,10,0,8,14516,56,0,0,54,37,12,1
0,0,263,3,6,6,15,58,0,1,643,1,2,46,255,0,11,70,712,13,2
0,0,58,1,0,1,88,52,1,0,10,1,0,92,21,0,0,104,113,15,3
1,60,1994,986,13,14,1674,2367,48,1,179,985,91,1883,314,8,13,2328,1360,121,4
0,0,251,4,0,0,53,61,1,0,20,7,2,93,197,0,10,91,97,26,3
0,0,307,3,4,4,25,78,0,1,563,1,0,23,250,0,10,386,623,11,1
0,0,51,1,3,3,24,28,0,0,8,0,1,8,23,0,0,21,26,5,2
0,0,203,5,0,0,13,24,0,1,13,3,0,25,180,0,8,25,33,10,0
0,0,156,1,2,2,15,26,0,0,15,0,0,5,27,0,0,21,37,3,2
0,0,118,1,2,2,15,13,0,0,8,0,0,3,22,0,0,15,23,3,2
5,75,2009,32,15,17,413,398,7,6,161,18,64,525,364,2,22,479,766,84,4
0,0,145,1,2,2,25,36,0,0,15,0,0,7,26,0,0,18,44,3,1
0,0,53,1,3,3,24,28,0,0,8,0,3,12,23,0,0,25,28,7,2
0,0,199,3,3,3,15,64,0,1,145,1,0,20,231,0,10,22,181,10,4
0,0,281,2,8,9,87,112,1,0,16,12,0,61,50,0,0,125,86,10,0
0,0,80,1,2,2,47,48,0,0,8,0,0,3,22,0,0,15,23,3,4
0,0,668,4,6,12,56,114,7,1,103,2,9,91,209,0,8,112,287,39,3
0,0,56,1,0,0,1,2,0,0,9,0,0,3,21,0,0,11,24,3,1
0,0,108,2,0,2,26,29,0,0,10,0,0,11,22,0,0,22,33,16,3
0,0,56,1,0,0,1,2,0,0,9,0,0,3,21,0,0,11,24,3,1
0,0,120,1,2,2,49,65,0,0,14,0,0,7,23,0,0,24,41,3,2
0,0,53,1,3,3,24,28,0,0,8,0,3,12,23,0,0,25,28,7,2
0,0,211,2,6,8,40,57,0,2,15,0,0,5,22,0,0,21,51,3,3
0,0,87,1,3,3,20,27,0,0,10,0,3,12,24,0,0,33,32,7,2
0,0,260,3,5,5,11,41,0,2,555,1,3,45,274,0,10,72,620,24,1
0,0,269,3,6,6,15,58,0,1,541,1,2,46,256,0,11,70,607,13,2
0,0,245,1,2,2,23,30,0,1,14,0,0,5,26,0,0,15,35,3,1
3,59,810,23,14,16,349,160,4,0,91,16,39,423,87,1,5,427,394,55,4
0,0,245,1,2,2,43,63,0,0,15,0,0,5,27,0,0,31,44,3,2
0,0,55,1,3,3,24,28,0,0,8,0,3,12,23,0,0,25,28,7,2
0,0,254,1,2,2,18,22,0,0,14,0,0,5,26,0,0,17,42,3,2
0,0,328,1,4,5,6,55,1,0,64,0,0,12,31,0,1,52,139,14,1
1,20,689,23,9,10,91,575,1,5,2248,23,6,106,3892,0,15,209,2623,46,4
0,0,292,3,5,5,7,155,0,1,729,1,2,44,485,0,10,72,840,25,3
0,0,329,3,5,5,23,157,0,1,767,1,2,44,496,0,10,72,878,25,3
0,0,229,8,9,11,63,138,1,3,17,0,3,108,57,0,0,113,103,36,0
0,0,146,1,2,2,25,36,0,0,15,0,0,7,30,0,0,18,44,3,1
0,6,294,1,3,3,47,96,0,0,22,0,5,39,39,0,1,143,50,9,2
0,0,303,3,3,3,9,14,0,1,14,1,0,18,177,0,8,19,40,10,2
3,63,2594,22,23,32,186,459,7,0,214,19,47,238,171,0,4,288,510,63,4
0,0,463,1,0,0,9,24,0,0,22,0,0,5,25,0,0,18,50,3,4
0,0,124,2,2,2,31,42,0,0,14,0,0,9,25,0,0,21,35,3,2
0,67,419,2,7,10,389,178,2,0,42,6,4,319,67,0,1,385,414,11,0
0,0,87,1,3,3,20,27,0,0,10,0,3,12,24,0,0,33,32,7,2
0,0,54,1,3,3,24,28,0,0,8,0,3,12,23,0,1,25,28,7,2
0,0,321,1,4,5,6,55,1,0,64,0,0,12,31,0,0,52,139,14,1
0,0,1009,3,5,5,19,127,0,1,701,1,1,22,280,0,10,38,784,13,2
0,0,214,2,3,3,35,51,0,1,14,0,0,19,30,0,0,48,53,4,1
0,0,308,2,3,3,18,40,0,0,25,3,0,11,32,0,0,27,59,7,0
1,9,486,11,13,16,300,208,1,0,54,3,20,242,212,0,11,302,293,35,4
0,0,267,1,3,3,69,124,0,0,19,0,0,19,37,0,0,89,147,9,1
0,0,277,3,0,0,121,111,0,1,786,1,2,45,480,0,10,98,935,14,2
0,0,324,4,6,6,34,81,1,1,420,2,0,37,228,0,10,42,481,13,0
0,0,120,1,2,2,49,65,0,0,14,0,0,7,27,0,0,24,41,3,2
0,160,3137,12,30,60,132,584,30,0,775,22,34,487,391,0,37,327,1454,366,3
0,0,44,1,2,2,1,3,0,0,9,0,0,3,21,0,0,9,25,3,3
0,0,253,1,2,2,37,41,0,0,14,0,0,5,26,0,0,17,41,3,2
0,0,52,1,3,3,24,28,0,0,8,0,1,8,23,0,0,21,26,5,2
0,0,362,5,4,10,58,159,6,0,63,4,2,62,73,0,0,100,188,14,0
0,0,870,3,5,5,19,120,0,1,665,1,1,22,281,0,10,38,746,13,2
0,0,126,1,3,3,20,24,0,0,9,0,1,8,23,0,0,18,28,5,4
0,0,348,6590,4,4,221,76,1,0,16,0,2,38,47,0,0,49,67,8,0
0,0,481,1,5,6,168,131,2,0,70,0,12,175,45,0,0,252,278,55,0
0,0,219,2,4,4,37,78,0,0,15,1,4,43,43,0,0,132,62,25,0
0,0,59,1,0,0,1,2,0,0,9,0,0,3,21,0,0,11,24,3,1
0,0,151,1,3,3,56,46,1,0,18,0,0,27,30,0,0,56,62,3,1
2,25,395,26,13,16,136,154,5,0,64,30,31,201,98,0,3,248,275,41,4
0,0,48,1,0,1,56,36,1,0,10,1,0,60,21,0,0,72,81,15,3
3,9,2728,11,15,17,187,154,3,0,90,9,16,261,93,1,1,317,388,46,4
0,0,54,1,3,3,19,23,0,0,9,0,1,8,23,0,0,27,28,5,2
0,0,38,1,0,0,1,2,0,0,8,0,0,3,21,0,0,13,22,3,0
4,78,2114,30,14,17,358,554,9,6,238,10,52,459,181,1,16,508,988,83,4
0,0,228,2,3,3,112,147,1,0,11,0,0,87,71,0,9,141,94,3,1
3,45,1193,84,15,17,865,549,3,7,132,26,50,922,353,0,9,1002,1114,69,4
0,0,121,1,2,2,32,40,0,0,14,0,0,5,23,0,0,19,42,3,2
0,0,175,1,2,2,17,28,0,0,15,0,0,5,31,0,0,21,37,3,2
0,0,169,1,3,3,5,18,0,0,16,0,0,8,33,0,0,75,40,4,1
0,0,267,17,11,23,60,127,1,0,17,3,3,95,55,0,0,74,109,66,0
0,0,57,1,0,1,82,49,1,0,10,1,0,86,21,0,0,98,107,15,3
0,0,215,2,2,2,31,45,0,0,75,0,0,9,33,0,0,27,109,3,2
0,0,388,5,1,2,19,93,5,0,44,5,2,137,230,0,23,138,107,52,3
0,0,59,1,0,0,1,2,0,0,9,0,0,3,21,0,0,11,24,3,1
0,0,388,3,6,6,17,115,0,1,763,1,7,39,282,0,11,72,849,20,2
0,0,400,11,4,4,82,178,0,0,16,6,6,80,63,0,0,72,55,17,1
0,0,196,3,5,5,8,47,0,1,508,1,2,41,244,0,10,58,569,16,3
0,0,3547,17,31,58,293,691,14,2,1476,26,44,668,453,0,53,583,2329,220,3
0,8,342,3,6,6,334,120,1,0,37,1,1,253,62,0,1,322,261,6,4
0,0,132,1,2,2,49,65,0,0,14,0,0,7,27,0,0,24,41,3,2
1,16,1636,11,13,14,571,679,4,17,689,11,16,149,304,0,13,230,897,36,4
0,74,508,5,5,7,203,210,1,2,1025,1,6,150,380,0,11,390,1210,19,1
0,0,29,1,3,3,1,0,0,0,8,0,0,5,23,0,2,19,23,3,3
0,0,57,1,0,1,82,49,1,0,10,1,0,86,21,0,0,98,107,15,3
0,0,416,3,6,6,109,269,0,2,777,3,4,68,332,0,11,148,859,19,1
0,0,671,4,6,12,56,114,7,1,103,2,9,91,209,0,8,112,287,39,3
0,0,245,3,10,15,21,32,0,2,16,0,0,6,22,0,0,21,45,3,3
0,0,153,1,3,3,56,46,1,0,18,0,0,27,30,0,6,56,62,3,1
0,0,182,2,2,2,31,45,0,0,35,0,0,9,33,0,0,25,61,3,2
0,0,270,3,6,6,15,58,0,1,473,1,2,46,256,0,12,70,537,13,2
1,148,1334,16,16,35,471,467,20,1,203,6,28,389,138,0,4,498,795,46,4
0,0,31,1,3,3,1,0,0,0,8,0,0,5,23,0,6,19,23,3,3
0,0,48,1,0,1,56,36,1,0,10,1,0,60,21,0,0,72,81,15,3
0,0,55,1,3,3,24,28,0,0,8,0,3,12,23,0,0,25,28,7,2
0,0,87,0,2,2,44,48,0,0,2,5,0,1,7,0,1,20,50,0,1
1,3,686,9,7,8,28,166,1,0,1132,4,2,64,416,0,11,122,1275,29,4
0,32,757,12,7,15,80,573,6,4,376,14,12,117,1504,0,11,170,681,212,0
0,0,58,1,3,3,1,3,0,0,10,0,0,8,21,0,0,18,26,3,3
0,0,296,3,3,3,9,14,0,1,14,1,0,18,177,0,8,19,40,10,2
0,0,282,3,6,6,15,58,0,1,460,1,2,46,249,0,11,70,524,13,1
1,8,653,4,8,11,124,412,1,0,56,0,0,43,90,0,0,91,130,3,4
0,0,262,1,3,3,29,39,0,0,15,0,0,75,60,0,0,81,44,3,1
0,0,88,2,4,4,24,40,0,0,16,0,0,9,23,0,0,21,55,5,1
0,0,169,1,3,3,5,18,0,0,16,0,0,8,33,0,0,74,40,4,1
0,0,114,2,2,2,224,60,1,0,15,2,0,208,36,0,5,293,165,28,3
0,0,253,1,2,2,37,41,0,0,14,0,0,5,26,0,0,17,41,3,2
0,0,1978,5,2,2,5,31,0,0,15,5,0,85,189,0,10,81,40,12,3
0,0,151,1,3,3,56,46,1,0,18,0,0,27,30,0,0,56,62,3,1
0,0,59,1,2,2,1,3,0,0,9,0,0,3,21,0,0,15,25,3,4
0,0,134,1,2,2,11,61,0,0,15,0,0,33,40,0,0,50,37,3,1
0,0,142,1,2,2,11,24,0,0,1954,0,0,5,26,0,0,21,1974,3,3
0,0,160,1,3,3,149,18,1,0,11,0,0,117,28,0,0,167,115,3,1
0,0,187,2,5,5,130,118,1,0,21,1,0,96,37,0,0,114,161,5,4
0,160,2944,13,29,49,149,503,10,1,558,21,29,387,339,0,33,316,1114,338,3
0,0,54,1,3,3,24,28,0,0,8,0,3,12,23,0,0,25,28,7,2
0,0,161,1,2,2,15,25,0,0,30,0,0,5,24,0,0,21,55,3,2
0,0,247,2,5,5,66,115,1,0,22,11,1,36,39,0,0,85,61,12,0
0,0,574,24,0,12,69,285,16,0,116,18,2,172,150,0,3,209,325,25,3
0,0,883,3,5,5,19,120,0,1,770,1,1,22,281,0,10,38,854,13,2
0,0,345,4,5,5,32,164,0,1,30,5,3,74,244,0,8,130,88,21,0
0,0,59,1,0,0,1,2,0,0,9,0,0,3,21,0,0,11,24,3,1
0,0,399,6,4,4,55,78,0,3,23,2,0,23,196,0,8,30,63,10,4
0,0,174,1,2,2,17,28,0,0,15,0,0,5,27,0,0,17,37,3,2
0,0,334,1,6,7,34,84,1,0,61,1,1,9,28,1,0,42,132,17,4
0,0,206,1,3,3,20,42,0,0,16,0,1,15,27,0,0,29,49,6,2
0,7,1134,85,12,20,365,1313,6,0,146,71,10,366,136,0,2,715,1452,41,4
1,49,2266,40,19,35,1159,383,5,2,181,20,52,1118,263,2,19,1265,1066,90,4
0,0,294,3,5,5,7,147,0,1,784,1,2,44,495,0,10,72,896,25,3
0,0,272,1,2,2,18,22,0,0,14,0,0,5,26,0,0,17,42,3,2
0,0,406,5,1,2,98,105,5,0,37,4,2,201,220,0,16,214,146,54,3
0,0,144,2,3,3,4,5,0,0,10,1,0,6,27,0,0,17,30,3,3
0,0,402,3,5,5,19,134,0,1,838,1,1,22,294,0,11,48,931,13,2
0,0,85,1,2,2,17,21,0,0,14,0,0,5,22,0,0,15,34,3,2
0,0,57,1,3,3,24,28,0,0,8,0,3,12,23,0,0,25,28,7,2
2,23,1123,24,18,20,226,269,3,5,968,13,29,283,374,3,16,221,1191,60,4
0,0,878,3,5,5,19,120,0,1,735,1,1,22,281,0,10,38,818,13,2
0,0,237,1,3,3,96,99,1,0,17,0,0,27,29,0,0,74,67,3,1
0,32,374,32,0,0,921,474,1,0,34,26,104,1145,142,25,3,1083,1082,123,4
0,0,307,3,3,3,9,14,0,1,14,1,0,18,177,0,8,19,40,10,2
0,0,154,1,2,2,15,25,0,0,15,0,0,5,27,0,0,21,37,3,2
0,286,1151,27,9,22,199,237,3,5,96,12,10,150,66,0,4,176,268,27,4
0,0,173,1,3,3,11,18,0,0,15,0,0,75,55,0,0,75,43,3,1
0,307,286,6,9,23,35,129,0,1,64,3,0,36,270,0,12,24,136,14,0
1,15,995,29,9,10,371,499,2,3,746,13,12,201,887,0,14,306,1067,45,4
0,0,288,3,3,3,9,13,0,1,13,1,0,18,177,0,8,19,38,10,2
0,0,286,1,3,3,20,40,0,0,16,0,1,15,31,0,0,29,49,6,2
0,0,122,1,3,3,33,61,0,0,14,0,0,16,29,0,0,33,44,4,2
0,0,161,1,3,3,56,46,1,0,18,0,0,27,30,0,0,56,62,3,1
0,0,207,3,3,3,31,51,0,2,28,1,0,20,183,0,8,29,57,10,1
0,0,226,1,3,3,5,12,0,0,10,0,8,14124,56,0,0,54,37,12,1
4,21,534,15,11,12,180,128,6,4,61,11,24,290,60,2,3,238,332,39,4
0,0,56,1,0,0,1,2,0,0,9,0,0,3,21,0,0,11,24,3,1
0,21,451,8,5,13,128,304,0,2,60,27,8,93,93,0,0,88,189,22,0
0,0,170,1,3,3,5,18,0,0,16,0,0,8,33,0,0,74,40,4,1
0,0,87,2,3,3,26,39,0,0,10,0,3,17,26,0,0,37,33,8,2
0,0,807,3,5,5,16,100,0,1,755,1,1,22,282,0,10,38,832,13,2
0,0,221,1,3,3,5,12,0,0,10,0,8,14627,54,0,0,54,37,12,1
0,0,585,7,0,1,42,146,6,0,99,4,0,248,263,0,18,154,178,72,3
0,6758,2221,14,10,27,657,918,19,2,911,21,85,1077,456,0,64,999,1880,247,3
0,0,223,1,3,3,5,12,0,0,10,0,7,22,54,0,0,53,36,11,1
0,0,336,1,2,2,159,211,0,0,26,0,0,5,29,0,0,45,66,3,1
0,0,437,3,5,5,19,124,0,1,732,1,1,22,281,0,10,40,815,13,2
0,0,42,1,2,2,1,3,0,0,9,0,0,3,21,0,0,9,25,3,3
0,0,93,2,3,3,1,2,0,0,8,1,0,4,21,0,0,11,23,3,3
0,0,119,1,2,2,49,65,0,0,14,0,0,7,23,0,0,24,41,3,2
0,0,54,1,3,3,24,28,0,0,8,0,3,12,23,0,0,25,28,7,2
0,0,172,3,4,4,23,67,0,0,52,2,2,38,56,0,0,43,85,13,0
0,0,167,1,0,0,49,55,0,2,8,0,0,3,24,0,0,27,22,3,0
0,0,299,3,3,3,9,14,0,1,14,1,0,18,177,0,8,19,40,10,2
0,0,90,2,3,3,28,41,0,0,10,0,2,15,26,0,0,35,32,7,2
0,0,281,3,3,3,9,14,0,1,14,1,0,18,177,0,8,19,40,10,2
0,0,67,1,0,0,2,3,0,0,8,0,0,3,21,0,0,15,22,3,3
0,0,234,1,2,2,21,40,0,0,16,0,0,20,34,0,0,32,58,31,1
2,26,1895,16,12,23,203,307,2,5,112,9,29,213,104,1,6,261,366,66,4
0,0,159,1,2,2,15,26,0,0,15,0,0,5,27,0,0,21,37,3,2
0,3,571,1,5,5,1966,413,1,1,12,0,2,1573,33,1,1,1937,1882,8,4
0,0,327,1,4,5,6,55,1,0,64,0,0,12,31,0,0,52,139,14,1
0,0,348,313,4,4,27,95,0,1,1362,1,8,1894,250,0,10,1907,1447,21,0
0,0,181,1,2,2,16,31,0,0,15,0,0,5,27,0,0,17,37,3,2
0,0,218,1,3,3,5,12,0,0,10,0,8,14038,54,0,0,54,37,12,1
0,0,2935,11,29,48,538,563,10,0,375,18,29,681,296,0,26,711,1140,146,3
0,0,161,1,2,2,15,25,0,0,30,0,0,5,24,0,0,21,55,3,2
0,0,203,1,3,3,5,12,0,0,10,0,7,22,52,0,0,53,36,11,1
0,0,134,4,0,1,49,59,0,0,10,0,0,8,27,0,0,21,26,3,0
0,0,477,6,14,17,56,87,1,4,16,2,9,73,41,13,0,63,76,29,4
0,0,132,1,3,3,34,47,0,0,14,0,0,34,28,0,0,22,44,4,1
0,0,257,1,2,2,43,61,0,0,15,0,0,5,35,0,0,31,44,3,2
0,0,250,1,2,2,18,22,0,0,14,0,0,5,26,0,0,17,42,3,2
0,0,399,5,1,2,45,97,5,0,36,4,2,158,220,0,19,160,110,52,3
0,0,175,1,2,2,16,31,0,0,15,0,0,5,31,0,0,17,37,3,2
0,9,275,5,4,8,46,113,2,0,40,5,5,41,52,0,0,51,117,14,0
0,0,55,1,3,3,24,28,0,0,8,0,3,12,23,0,0,25,28,7,2
0,0,145,1,2,2,11,61,0,0,15,0,0,33,40,0,1,50,37,3,1
0,0,1200,1,2,2,6,49,0,0,48,1,0,7,32,0,1,17,83,3,4
1,32,3114,22,51,59,502,208,6,0,129,16,48,582,191,1,5,651,767,85,4
3,141,652,10,12,22,194,402,5,3,1265,1,2,172,444,0,13,254,1578,22,4
0,0,215,2,3,3,48,55,0,0,14,0,0,6,26,0,0,15,40,3,3
0,0,432,3,6,6,17,114,0,1,783,1,7,39,288,0,11,72,869,20,2
0,0,251,1,2,2,18,22,0,0,14,0,0,5,26,0,0,17,42,3,2
0,0,410,3,5,5,19,137,0,1,763,1,1,22,283,0,11,48,855,13,2
0,0,134,1,2,2,11,61,0,0,15,0,0,33,40,0,0,50,37,3,1
0,0,6947,25,22,49,446,918,28,1,12763,19,29,669,335,0,57,1104,14122,30942,3
0,0,338,1,2,2,159,211,0,0,26,0,0,5,33,0,0,45,66,3,1
0,0,56,1,0,0,1,2,0,0,9,0,0,3,21,0,0,11,24,3,1
0,0,233,5,0,0,107,197,1,0,86,18,6,179,65,0,11,304,165,21,3
0,0,54,1,3,3,24,28,0,0,8,0,3,12,23,0,0,25,28,7,2
0,0,150,1,3,3,1,6,0,0,35,0,0,6,28,0,0,33,59,4,1
0,0,3833,42,27,94,2203,1051,57,1,656,14,55,2050,460,0,31,2506,2856,237,3
0,0,182,1,2,2,16,32,0,0,15,0,0,5,27,0,0,17,37,3,2
0,0,154,1,2,2,15,25,0,0,15,0,0,5,27,0,0,21,37,3,2
0,0,86,1,3,3,22,29,0,0,10,0,2,10,24,0,0,31,31,6,2
0,0,171,1,3,3,149,18,1,0,11,0,0,117,28,0,0,167,115,3,1
0,0,39,1,0,0,12,14,0,0,8,0,0,3,26,0,0,15,22,3,0
0,0,948,3,5,5,19,128,0,1,737,1,1,22,284,0,10,38,821,13,2
0,0,143,2,3,3,4,5,0,0,10,1,0,6,27,0,0,17,30,3,3
0,0,399,3,5,5,17,126,0,1,782,1,1,22,286,0,11,48,869,13,2
0,0,213,1,5,6,52,83,0,0,14,0,0,11,28,0,0,57,54,4,0
0,0,160,1,2,2,15,25,0,0,30,0,0,5,24,0,0,21,55,3,2
0,0,185,1,2,2,16,32,0,0,15,0,0,5,31,0,0,17,37,3,2
0,0,157,2,3,3,1,2,0,0,10,1,0,7,26,0,0,17,33,3,3
0,0,144,1,0,0,59,22,1,0,13,0,0,62,25,0,1,84,77,13,3
0,0,558,71,0,6,591,498,8,0,48,5,2,518,174,0,6,647,568,42,3
0,0,953,6209,5,5,100,196,0,1,24,4,4,68,237,0,9,82,91,22,0
0,0,269,1,2,2,45,53,0,1,15,0,0,5,26,0,0,17,42,3,3
0,0,56,1,0,0,1,2,0,0,9,0,0,3,21,0,0,11,24,3,1
0,0,86,0,2,2,45,48,0,0,2,5,0,1,15,0,1,20,50,0,2
0,0,444,4,6,6,42,99,1,1,874,2,5,54,245,0,10,100,962,19,3
0,0,970,5,12,15,183,248,2,4,1628,8,6,146,345,0,11,188,1865,55,0
0,0,179,1,2,2,16,31,0,0,15,0,0,5,31,0,0,17,37,3,2
0,0,807,3,5,5,19,120,0,1,735,1,1,22,281,0,10,38,818,13,2
2,14,1324,8,14,18,135,191,3,0,102,9,17,164,77,1,3,186,322,43,4
0,0,49,1,0,0,2,4,0,0,8,0,0,3,21,0,0,9,22,3,1
0,0,199,7,3,3,31,47,0,0,45,0,0,10,36,0,0,22,74,4,2
1,7,1448,10,7,9,184,79,1,1,23,10,5,129,65,2,0,183,181,11,4
3,14,490,32,7,7,22,228,3,3,697,2,18,102,635,0,16,132,816,37,4
0,0,62,1,3,3,30,37,0,0,10,0,2,10,24,0,0,29,31,6,2
0,0,144,1,0,0,15,19,0,1,9,0,0,7,23,0,0,16,23,3,4
0,0,16,0,0,1,0,5,0,0,732,0,0,10,12,0,0,0,754,0,3
0,0,241,1,2,2,43,63,0,0,15,0,0,5,27,0,0,31,44,3,2
0,0,164,1,3,3,149,18,1,0,11,0,0,117,28,0,0,167,115,3,1
0,0,144,2,3,3,4,5,0,0,10,1,0,6,27,0,0,17,30,3,3
0,0,57,1,0,1,84,50,1,0,10,1,0,88,21,0,0,100,109,15,3
0,0,273,1,2,2,18,22,0,0,14,0,0,5,26,0,0,17,42,3,2
0,0,231,1,3,3,6,25,0,0,10,0,13,14451,56,0,0,59,42,17,1
0,0,2246,24,3,13,449,309,16,1,8042,22,25,661,320,0,25,574,8990,20748,3
0,0,2904,11,29,48,512,561,10,0,375,18,29,661,296,0,26,687,1126,146,3
2,23,1442,13,22,56,1093,458,19,0,3512,2,24,971,140,1,1,1055,5402,44,4
0,0,279,1,0,0,45,409,0,0,54,0,0,53,133,0,0,190,69,3,1
0,0,265,1,2,2,18,22,0,0,14,0,0,5,30,0,0,17,42,3,2
4,288,1336,33,19,25,671,744,4,12,97,29,67,569,354,13,15,542,593,96,4
0,0,64,2,2,2,21,22,0,0,8,0,0,3,21,0,0,15,23,3,1
1,5,2253,10,11,14,250,232,1,0,47,9,16,228,140,3,1,275,310,23,4
0,0,163,1,3,3,56,46,1,0,18,0,0,27,30,0,0,56,62,3,1
0,13,796,15,13,29,70,307,5,2,94,5,15,253,267,0,8,269,292,82,1
0,0,383,1,3,4,2,43,1,0,58,0,0,14,39,0,9,41,125,14,1
0,0,176,2,2,2,31,45,0,0,35,0,0,9,29,0,0,21,61,3,2
0,0,51,1,3,3,24,28,0,0,8,0,1,8,23,0,0,21,26,5,2
0,0,51,1,3,3,24,28,0,0,8,0,1,8,23,0,0,21,26,5,2
0,0,48,1,0,1,56,36,1,0,10,1,0,60,21,0,0,72,81,15,3
0,0,118,1,2,2,49,65,0,0,14,0,0,7,23,0,0,24,41,3,2
0,0,89,1,3,3,20,27,0,0,10,0,3,12,24,0,0,39,32,7,2
0,0,332,3,6,6,33,74,0,2,547,1,0,27,246,0,11,22,605,10,3
0,0,94,1,3,3,20,28,0,0,9,0,1,8,25,0,0,21,28,5,2
0,0,333,3,3,3,63,96,0,2,33,1,0,20,189,0,8,30,73,10,3
0,0,390,3,6,6,41,63,0,2,18,1,0,27,182,0,8,22,61,10,3
0,0,42,1,3,3,1,2,0,0,8,0,0,8,21,0,0,18,23,3,3
0,6,350,6,4,4,52,78,0,2,22,1,0,28,184,0,8,54,55,12,3
0,0,551,3,8,8,36,136,0,2,607,1,2,57,573,0,10,72,714,24,3
0,0,146,1,3,3,1,6,0,0,35,0,0,6,28,0,0,33,59,4,1
0,0,145,1,3,3,1,21,0,0,50,0,0,6,45,0,0,31,77,4,1
0,0,2608,27,26,50,107,489,40,1,644,16,31,370,343,0,44,343,1327,176,3
0,0,425,3,5,5,19,135,0,1,781,1,1,22,290,0,11,48,873,13,2
0,0,1208,10,9,9,383,478,1,11,66,1,11,282,247,0,9,289,471,25,3
0,0,325,4,4,8,41,148,4,2,47,3,1,40,60,0,0,50,124,11,0
3,467,1215,57,13,16,337,293,5,0,84,20,47,303,141,1,5,351,445,62,4
0,0,216,1,3,3,5,12,0,0,10,0,8,14110,56,0,0,54,37,12,1
0,0,322,6,4,4,27,101,0,1,526,1,8,58,247,0,10,71,591,21,0
0,0,871,3,5,5,19,118,0,1,754,1,1,22,285,0,10,38,837,13,2
1,21,1250,22,10,11,356,420,3,10,197,22,28,361,546,6,15,477,676,63,4
0,0,152,1,3,3,16,27,0,0,16,0,0,10,24,0,0,20,38,4,2
0,0,2959,11,29,48,603,569,10,0,375,17,29,747,296,0,26,781,1175,146,3
2,23,1177,40,18,22,182,239,4,4,70,7,127,487,94,0,5,333,505,158,4
0,0,473,1,4,4,221,239,1,2,16,1,0,60,52,0,0,115,82,4,0
0,0,705,4,7,9,42,185,3,1,124,3,5,71,198,0,8,113,285,37,0
0,0,153,1,3,3,16,27,0,0,16,0,0,10,24,0,0,20,38,4,2
0,0,54,1,3,3,24,28,0,0,8,0,3,12,23,0,0,25,28,7,2
0,0,664,30,14,23,725,224,66,5,68,17,70,681,114,1,8,684,638,217,1
0,0,54,1,3,3,24,28,0,0,8,0,3,12,23,0,0,25,28,7,2
0,0,343,10,9,13,352,181,1,0,46,0,5,295,41,0,0,329,333,12,4
0,0,393,4,6,6,71,164,0,2,1130,7,6,61,395,0,10,105,1230,41,1
0,0,484,1,2,2,227,287,0,0,14,0,0,7,35,0,0,90,34,3,4
0,0,115,2,3,3,2,29,0,0,9,0,1,14,61,0,0,35,28,7,1
0,0,255,1,3,3,6,25,0,0,10,0,13,14404,58,0,0,59,42,17,1
0,160,3156,11,28,58,159,592,30,0,808,19,31,402,408,0,35,339,1500,341,3
0,0,155,1,2,2,15,27,0,0,15,0,0,5,27,0,0,21,37,3,2
0,0,138,2,3,3,4,5,0,0,10,1,0,6,26,0,0,21,29,3,3
0,0,209,2,3,3,18,40,0,0,25,3,0,11,32,0,0,27,59,7,0
0,0,800,4280,5,8,1335,4191,3,0,81,35,1,100,68,0,18,201,197,19,0
0,0,377,3,5,5,27,68,0,4,687,1,3,41,264,0,10,65,755,19,2
0,0,64,1,3,3,36,43,0,0,10,0,2,10,24,0,0,29,31,6,2
0,0,267,1,2,2,18,22,0,0,14,0,0,5,26,0,0,17,42,3,2
0,0,252,1,2,2,18,22,0,0,14,0,0,5,26,0,0,17,42,3,2
1,27,984,26,11,12,143,353,5,14,791,23,7,131,802,0,16,277,1033,35,4
0,0,359,3,6,6,42,55,0,2,17,1,0,27,177,0,8,22,53,10,3
2,17,1071,26,10,11,383,447,2,2,586,31,27,388,816,4,14,513,1149,58,4
0,0,191,1,4,4,88,103,1,0,15,0,0,20,26,0,0,33,49,3,4
0,6,285,1,3,3,47,96,0,0,21,0,5,38,40,0,0,138,49,9,2
0,25,5624,2,58,57,11,122,0,0,83,0,0,88,27,0,0,91,380,5,3
0,16,2113,15,15,18,183,164,2,0,54,7,20,189,93,0,0,9871,902,31,4
0,0,126,2,2,2,31,42,0,0,14,0,0,9,29,0,0,21,35,3,2
0,0,54,1,3,3,24,28,0,0,8,0,3,12,23,0,0,25,28,7,2
0,0,399,3,5,5,19,137,0,1,802,1,1,22,298,0,11,48,894,13,2
0,0,55,1,3,3,24,28,0,0,8,0,3,12,23,0,0,25,28,7,2
0,3,600,1,5,11,74,103,7,1,109,0,15,96,44,0,1,140,296,36,3
0,0,56,1,0,0,1,2,0,0,9,0,0,3,21,0,0,11,24,3,1
0,0,150,1,3,3,1,6,0,0,35,0,0,6,28,0,1,33,59,4,1
0,0,156,2,3,3,1,2,0,0,10,1,0,7,26,0,0,17,33,3,3
0,0,343,4,6,6,15,31,0,2,16,3,0,13,26,0,0,31,38,4,4
0,0,124,2,2,2,31,42,0,0,14,0,0,9,25,0,0,21,35,3,2
0,0,54,1,3,3,24,28,0,0,8,0,3,12,23,0,0,25,28,7,2
0,0,230,1,3,3,5,12,0,0,10,0,8,14089,54,0,0,54,37,12,1
0,0,254,1,2,2,17,22,0,0,14,0,0,5,26,0,0,17,34,3,2
0,0,186,1,3,3,22,50,0,0,14,0,0,14,35,0,0,34,44,4,2
0,0,1294,9,9,9,389,484,1,11,66,1,11,282,247,0,9,289,471,25,3
2,58,4420,14,18,20,176,387,6,1,241,10,48,335,204,0,16,287,519,77,4
0,0,90,1,2,2,34,35,0,0,8,0,0,3,22,1,0,15,23,3,4
0,0,178,2,2,2,31,45,0,0,35,0,0,9,29,0,0,21,61,3,2
0,0,1539,7,24,33,94,294,5,0,187,6,4,201,240,0,23,263,444,69,3
0,0,272,1,3,3,67,112,0,0,15,0,0,14,41,0,0,60,45,4,1
0,0,425,6,6,14,60,180,9,2,81,6,3,62,84,0,0,93,213,15,0
0,0,378,1,4,5,6,55,1,0,65,0,0,12,46,0,0,93,141,14,1
0,0,50,1,3,3,24,28,0,0,8,0,1,8,23,0,0,21,26,5,2
0,0,51,1,3,3,24,28,0,0,8,0,1,8,23,0,0,21,26,5,2
0,0,88,1,3,3,20,27,0,0,10,0,3,12,24,0,0,39,32,7,2
0,0,746,1,6,8,21,574,1,0,64,3,1,19,64,0,0,74,147,17,3
0,0,278,3,6,6,15,57,0,1,609,1,2,46,256,0,11,70,677,13,1
0,0,414,3,6,6,16,110,0,1,782,1,7,39,283,0,11,72,866,20,2
2,45,1620,39,34,42,653,1375,4,12,2593,14,61,685,6877,1,26,1097,3806,327,4
0,0,186,2,4,4,10,44,0,0,15,1,1,29,38,0,0,37,48,12,0
3,21,1186,22,24,28,881,600,5,9,213,54,47,734,298,17,13,793,994,69,4
0,0,2897,11,29,48,577,565,10,0,375,18,26,705,300,0,34,744,1158,143,3
1,6,533,7,8,8,106,190,1,1,915,1,7,138,318,1,12,185,1078,24,4
0,0,273,2,4,4,5,56,0,0,116,0,0,10,52,0,0,33,161,4,1
0,0,55,1,3,3,24,28,0,0,8,0,3,12,23,0,0,25,28,7,2
0,0,223,1,3,3,7,26,0,0,10,0,20,10567,58,0,0,66,49,24,1
0,0,62,1,2,2,27,28,0,0,8,0,0,3,21,0,0,15,23,3,2
2,16,782,17,7,7,370,324,3,6,36,33,15,199,80,6,3,288,325,32,4
0,0,346,8,7,9,54,116,0,0,30,11,5,63,54,0,0,74,79,25,0
0,0,90,2,3,3,28,41,0,0,10,0,2,15,26,0,0,41,32,7,2
0,118,1055,16,26,60,424,374,10,1,1318,4,19,679,117,0,1,727,1919,118,3
0,0,301,3,6,6,61,211,0,1,1115,1,5,54,676,0,10,152,1263,98,3
0,0,255,1,2,2,21,29,0,1,15,0,0,5,26,0,0,17,42,3,3
0,7,349,4,11,11,44,273,4,2,1394,1,3,173,944,0,11,271,1559,64,4
0,0,75,1,2,2,32,34,0,0,8,0,0,5,23,0,0,16,23,3,2
0,0,652,4,6,12,56,114,7,1,103,2,9,91,209,0,8,116,287,39,3
2,27,1370,48,18,19,717,1067,3,28,2562,133,45,490,1905,28,16,691,3790,215,4
0,0,53,1,3,3,24,28,0,0,8,0,1,8,23,0,0,21,26,5,2
0,0,641,42,6,8,75,178,3,1,375,4,0,52,259,0,10,278,457,13,0
0,0,554,3,6,6,17,118,0,1,835,1,7,39,281,0,11,72,923,20,2
0,0,764,15,13,16,131,259,3,8,1209,5,6,108,529,0,12,225,1432,35,4
0,0,253,1,2,2,43,63,0,0,15,0,0,5,27,0,0,31,44,3,2
0,0,2906,11,29,48,538,564,10,0,375,18,29,697,300,0,26,721,1140,146,3
0,0,272,3,6,6,15,58,0,1,591,1,2,46,260,0,11,70,658,13,2
0,0,556,23,0,12,60,276,16,0,116,15,2,168,143,0,3,198,316,25,3
0,0,59,1,0,1,88,52,1,0,10,1,0,92,21,0,0,104,113,15,3
0,0,35,1,0,0,1,2,0,0,8,0,0,3,21,0,0,11,22,3,0
0,0,150,6,0,0,1,29,0,0,15,6,2,47,46,0,0,23,34,7,0
0,0,227,2,0,2,2,51,3,0,21,2,2,70,49,0,7,79,48,38,3
0,0,282,2,3,3,18,40,0,0,25,2,0,11,36,0,0,27,59,7,0
0,0,90,2,3,3,28,41,0,0,10,0,2,15,26,0,0,41,32,7,2
0,0,284,3,5,5,6,148,0,1,764,1,2,44,489,0,11,72,878,25,3
0,0,1535,3,7,9,43,159,2,0,123,1,11,39,40,0,0,89,265,38,3
0,0,287,4,3,4,22,40,0,1,19,1,0,22,178,0,9,30,57,10,3
0,0,265,3,8,11,132,168,0,0,14,0,4,31,39,0,0,61,49,9,4
0,0,131,3,3,3,17,19,0,1,11,1,0,18,177,1,8,22,34,10,4
3,25,1895,328,12,13,127,167,6,2,74,14,38,249,71,0,5,169,292,57,4
0,0,86,2,3,3,26,40,0,0,10,0,3,17,26,0,0,37,33,8,2
0,0,292,7,6,6,139,135,1,1,492,1,2,117,304,0,13,157,622,16,1
0,0,167,1,2,2,17,28,0,0,15,0,0,5,27,0,0,17,37,3,2
0,0,55,1,3,3,24,28,0,0,8,0,3,12,23,0,0,25,28,7,2
0,0,327,1,4,5,6,55,1,0,64,0,0,12,31,0,0,53,139,14,1
0,0,363,3,3,3,9,13,0,1,13,1,0,18,177,0,8,19,38,10,2
0,0,814,10,9,13,13,113,4,0,233,0,3,116,53,0,1,173,351,56,3
0,0,168,1,3,3,149,18,1,0,11,0,0,117,28,0,0,167,115,3,1
1,20,1159,20,15,17,192,534,3,7,2673,16,17,175,810,0,15,203,2951,47,4
0,0,57,1,0,1,82,49,1,0,10,1,0,86,21,0,0,98,107,15,3
0,0,58,1,3,3,31,35,0,0,8,0,3,12,23,0,0,25,28,7,2
0,0,51,1,3,3,24,28,0,0,8,0,1,8,23,0,0,21,26,5,2
0,0,301,3,3,3,9,14,0,1,14,1,0,18,177,0,8,19,40,10,2
0,0,216,1,3,3,6,25,0,0,10,0,13,14277,60,0,0,59,42,17,1
0,0,265,1,2,2,18,22,0,0,14,0,0,5,26,0,0,17,42,3,2
2,30,1288,28,12,15,374,469,5,5,1658,8,16,358,670,0,15,458,2133,70,4
0,0,34,1,0,0,1,2,0,0,8,0,0,3,21,0,0,11,22,3,0
0,0,59,1,0,0,1,2,0,0,9,0,0,3,21,0,0,11,24,3,1
0,0,56,1,0,0,1,2,0,0,9,0,0,3,21,0,0,11,24,3,1
0,0,156,2,2,2,8,15,0,0,14,0,0,5,23,0,0,17,41,3,3
0,0,95,1,3,3,20,28,0,0,10,0,2,10,25,0,0,27,31,6,2
0,0,299,3,3,3,63,124,0,3,644,1,0,22,257,0,10,37,706,10,3
0,0,109,1,3,3,15,23,0,0,14,0,0,8,26,0,0,19,45,3,2
0,0,298,3,5,5,6,150,0,1,764,1,2,44,489,0,10,72,878,25,3
2,24,8861,19,11,12,111,141,4,6,60,15,32,207,71,0,4,163,207,43,4
0,0,29,1,3,3,1,0,0,0,8,0,0,5,23,0,2,19,23,3,3
0,0,443,3,5,5,19,135,0,1,887,1,1,22,283,0,10,48,978,13,2
0,0,299,12,8,8,39,35,1,0,19,4,5,78,190,0,11,71,94,18,2
0,0,77,1,3,3,20,28,0,0,9,0,1,8,25,0,0,21,28,5,2
0,0,600,2,3,3,18,40,0,0,25,2,0,11,32,0,0,27,59,7,0
0,0,54,1,3,3,24,28,0,0,8,0,3,12,23,0,0,25,28,7,2
0,0,109,1,2,2,27,46,0,0,14,0,0,7,31,0,0,22,41,3,1
0,0,259,3,5,5,11,42,0,2,510,1,3,45,270,0,10,72,574,24,1
0,0,219,2,2,2,31,45,0,0,75,0,0,9,37,0,0,27,109,3,2
1,0,420,6,9,9,119,363,1,1,968,4,2,69,443,0,11,101,1138,16,4
0,0,144,2,3,3,4,5,0,0,10,1,0,6,27,0,0,17,30,3,3
0,0,357,3,4,4,36,127,0,1,666,1,0,23,258,0,11,28,729,11,2
0,0,180,1,2,2,16,32,0,0,15,0,0,5,31,0,0,17,37,3,2
0,0,375,1,6,6,491,192,1,0,21,2,0,427,37,0,0,685,412,4,0
0,0,84,2,3,3,28,41,0,0,10,0,2,15,26,0,0,35,32,7,2
0,0,307,3,5,5,7,143,0,1,729,1,2,44,486,0,10,72,840,25,3
1,51,2770,22,13,25,249,290,5,3,140,11,27,279,114,0,10,315,391,77,4
0,0,362,13,5,5,115,262,0,1,1170,7,1,51,287,0,11,77,1263,15,0
0,0,240,1,2,2,43,61,0,0,15,0,0,5,31,0,0,31,44,3,2
1,19,807,22,10,11,166,277,2,2,165,20,6,189,585,2,14,264,432,40,4
0,0,272,8,14,23,151,106,3,0,21,10,12,180,59,0,0,179,165,34,0
0,0,243,1,3,3,29,39,0,0,15,0,0,69,53,0,0,75,44,3,1
2,18,12541,19,16,24,149,187,7,1,60,11,19,175,74,1,4,235,256,63,4
0,0,54,1,3,3,24,28,0,0,8,0,3,12,23,0,0,25,28,7,2
0,0,50,1,3,3,24,28,0,0,8,0,1,8,23,0,0,21,26,5,2
0,0,105,1,0,0,6,10,0,0,9,0,0,7,23,0,0,16,23,3,0
0,0,335,4,3,3,43,60,0,1,18,1,0,20,182,0,9,30,55,10,3
3,49,2809,20,24,28,1173,576,3,13,891,22,47,762,334,0,17,1016,1890,68,4
0,0,92,1,3,3,26,33,0,0,10,0,3,12,24,0,0,33,32,7,2
1,0,363,5,5,5,316,91,1,0,16,3,4,140,54,0,0,178,147,9,4
0,0,119,1,2,2,49,65,0,0,14,0,0,7,23,0,0,24,41,3,2
0,0,894,1,4,4,454,554,0,0,90,0,2,20,37,0,0,287,129,6,3
0,0,400,4,6,6,71,161,0,2,1068,7,6,61,401,0,10,108,1166,41,1
0,0,305,3,3,3,9,14,0,1,14,1,0,18,177,0,8,19,40,10,2
0,0,59,1,0,0,1,2,0,0,9,0,0,3,21,0,0,11,24,3,1
0,160,2995,13,29,49,149,503,10,1,556,21,29,395,334,0,32,316,1111,338,3
0,0,308,4,3,3,49,64,0,1,18,1,0,20,182,0,9,30,54,10,3
0,0,132,3,3,3,48,29,1,0,10,0,0,37,29,0,0,65,62,3,1
0,0,55,1,3,3,24,28,0,0,8,0,3,12,23,0,0,25,28,7,2
6,81,1405,66,22,24,387,329,7,2,1345,62,70,537,543,5,25,616,1917,102,4
0,0,893,80,15,19,246,381,5,1,1264,9,22,563,463,0,11,524,1667,225,1
0,50,590,10,13,16,161,168,1,0,164,5,24,377,260,0,16,278,378,49,3
0,0,131,1,3,3,34,47,0,0,14,0,0,34,28,0,0,22,44,4,1
0,0,424,5,6,6,36,83,0,0,61,4,1,35,57,0,0,41,97,6,3
0,0,170,1,3,3,5,18,0,0,16,0,0,8,33,0,0,74,40,4,1
0,0,208,1,3,3,7,26,0,0,10,0,20,10803,58,0,0,66,49,24,1
0,0,334,2,3,3,18,40,0,0,25,2,0,11,32,0,0,27,59,7,0
0,0,228,2,3,3,112,153,1,0,11,0,0,87,73,0,9,141,94,3,1
0,0,133,3,3,3,228,119,1,0,10,0,0,217,29,0,0,245,242,3,1
0,0,157,1,2,2,15,27,0,0,15,0,0,5,27,0,0,21,37,3,2
0,0,352,1,3,4,2,43,1,0,58,0,0,14,39,0,9,41,125,14,1
0,0,119,1,2,2,49,65,0,0,14,0,0,7,23,0,0,24,41,3,2
1,8,1062,4,4,4,259,678,1,11,57,4,30,105,170,0,1,130,143,37,4
0,0,273,3,4,4,142,121,1,0,15,0,0,69,30,0,0,87,86,32,0
1,7,765,7,6,7,78,143,0,1,30,3,0,38,68,0,2,61,74,7,4
0,0,308,2,3,3,18,49,0,0,25,2,0,11,32,0,0,27,59,7,0
0,4350,1109,9,0,18,458,335,19,0,171,5,0,411,312,0,9,507,679,63,3
0,0,205,2,3,3,112,120,1,0,11,0,0,87,62,0,7,133,94,3,1
0,0,270,1,2,2,18,22,0,0,14,0,0,5,26,0,0,17,42,3,2
0,0,280,3,6,6,15,58,0,1,541,1,2,46,256,0,11,70,607,13,2
0,0,86,2,3,3,26,39,0,0,10,0,3,17,26,0,0,43,33,8,2
0,0,173,2,4,5,41,52,0,0,14,0,0,7,25,0,0,17,43,7,4
0,0,211,1,3,3,6,25,0,0,10,0,13,14348,56,0,0,59,42,17,1
0,0,876,3,8,10,52,166,2,0,123,1,10,47,40,0,0,90,272,37,3
0,0,158,1,0,0,70,95,0,0,14,0,0,7,29,0,0,18,47,3,0
0,0,58,1,3,3,27,31,0,0,8,0,3,12,23,0,0,26,28,7,2
0,0,280,4,6,8,52,69,1,1,19,1,0,52,192,0,8,54,78,11,3
0,0,1508,7,24,33,94,288,5,0,187,6,4,218,242,0,23,254,443,70,3
0,0,93,1,3,3,26,33,0,0,10,0,3,12,24,0,0,39,32,7,2
0,0,327,7,4,4,27,98,0,1,619,1,8,64,248,0,10,77,686,21,0
0,0,55,1,3,3,24,28,0,0,8,0,3,12,23,0,0,25,28,7,2
0,0,74,1,0,0,4,14,0,0,11,0,0,14,23,0,0,28,30,13,3
0,107,409,4,10,12,57,132,0,0,31,5,2,59,79,0,1,47,101,21,0
0,0,118,1,2,2,15,13,0,0,8,0,0,3,22,0,0,15,23,3,2
0,0,365,5912,0,0,7,43,0,0,17,1,1,30,53,0,0,79,54,6,0
0,0,137,1,3,3,5,12,0,0,13,0,0,7,30,2,0,33,31,3,1
0,0,486,1,3,3,6,70,0,0,21,0,4,16,44,0,0,37,50,8,2
0,0,162,1,2,2,15,25,0,0,30,0,0,5,24,0,0,21,55,3,2
0,0,217,1,3,3,6,25,0,0,10,0,13,14465,56,0,0,59,42,17,1
0,0,192,2,3,3,18,40,0,0,25,2,0,11,32,0,0,27,59,7,0
0,0,261,3,5,5,13,49,0,2,581,1,3,45,269,0,10,76,647,24,1
0,0,51,1,3,3,24,28,0,0,8,0,1,8,23,0,0,21,26,5,2
1,8,850,7,5,5,367,333,3,8,28,1,6,141,39,0,1,192,188,20,4
0,0,340,6,10,15,11,83,0,1,691,3,2,47,286,0,11,63,768,27,0
0,8133,2362,17,10,27,657,905,19,2,982,24,91,1086,433,0,68,1036,1977,274,3
0,0,386,7,3,9,36,102,6,0,65,1,3,16,44,0,0,49,160,7,0
0,0,494,7,15,26,39,139,0,1,881,5,7,90,314,0,11,87,985,57,0
0,0,138,3,3,3,44,27,1,0,10,0,0,33,29,0,0,61,58,3,1
5,36,1182,43,15,16,282,242,4,2,232,33,35,378,250,3,15,386,622,67,4
0,0,291,1,3,4,2,47,1,0,69,0,0,14,37,0,2,41,139,14,1
4,34,1385,20,15,18,352,380,7,1,144,28,38,296,100,0,14,385,517,61,4
0,0,130,1,3,3,34,47,0,0,14,0,0,34,28,0,0,22,44,4,1
0,0,232,1,14,17,46,94,2,0,20,1,1,42,39,0,5,87,76,6,0
0,0,61,1,3,3,25,29,0,0,9,0,1,8,23,0,0,27,28,5,2
0,0,48,1,0,0,5,6,0,0,8,0,0,3,21,0,0,15,22,3,0
0,0,58,1,0,0,1,2,0,0,9,0,0,3,21,0,0,11,24,3,1
0,0,350,1,2,2,160,180,0,0,14,0,0,5,26,0,0,35,41,3,1
0,0,378,9,6,6,26,106,0,1,814,1,3,55,459,0,10,103,914,18,1
0,0,56,1,3,3,24,28,0,0,8,0,3,12,23,0,0,25,28,7,2
0,0,436,4,5,6,35,62,0,1,18,1,0,23,189,0,9,34,56,10,3
0,0,56,1,0,0,1,2,0,0,9,0,0,3,21,0,0,11,24,3,1
0,0,678,5,3,7,309,221,9,0,153,2,3,361,80,0,0,280,413,107,3
0,0,349,4,7,8,3790,233,1,0,16,2,1,2813,43,0,1,3242,2158,417,0
0,0,302,3,3,3,9,14,0,1,14,1,0,18,177,0,8,19,40,10,2
0,0,327,1,4,5,6,55,1,0,64,0,0,12,31,0,0,52,139,14,1
0,0,183,1,3,3,1,5,0,0,8,0,0,6,23,0,0,29,25,4,1
0,0,59,1,3,3,24,28,0,0,8,0,3,12,23,0,0,25,28,7,2
0,0,130,1,2,2,61,99,0,1,8,1,0,13,34,0,0,35,23,3,0
0,0,34,1,0,0,1,2,0,0,8,0,0,3,21,0,0,15,22,3,0
0,0,154,1,2,2,1,5,0,0,10,0,0,13,38,0,0,26,27,19,1
0,0,90,2,3,3,28,41,0,0,10,0,2,15,26,0,0,35,32,7,2
0,0,135,1,3,3,5,12,0,0,13,0,0,7,30,2,0,33,31,3,1
0,0,248,4,0,0,53,61,1,0,20,7,2,93,193,0,10,91,97,26,3
0,0,779,7008,4,4,26,44,1,0,16,0,1,25,43,0,0,33,51,6,0
0,0,87,1,3,3,20,27,0,0,10,0,3,12,24,0,0,33,32,7,2
0,0,86,2,3,3,26,39,0,0,10,0,3,17,26,0,0,37,33,8,2
0,3,141,1,4,6,10,30,0,0,18,3,0,9,35,0,0,18,53,4,0
0,0,549,4,0,1,81,47,1,0,4049,3,0,109,200,0,8,129,4437,10475,3
0,0,264,3,4,4,178,59,1,0,26,0,1,106,36,0,0,160,176,5,4
0,0,183,6,0,0,44,89,0,0,22,5,8,47,44,0,0,49,62,13,0
0,0,276,3,2,2,48,61,0,1,14,2,0,9,24,0,0,21,42,3,4
0,0,2907,11,29,48,538,562,10,0,375,18,29,681,296,0,26,711,1140,146,3
0,0,388,618,7,7,154,233,0,2,803,1,2,53,409,0,10,95,906,17,2
0,0,278,3,1,1,38,88,0,0,18,1,0,64,197,0,8,55,67,14,1
0,0,124,1,3,3,125,22,1,0,11,0,0,97,27,0,0,135,99,3,1
0,70,2502,18,10,13,3249,1134,3,10,106,4,39,1842,112,0,7,2646,2733,61,4
0,0,135,2,0,2,1,11,0,0,15,1,0,15,23,0,0,23,35,25,3
0,0,51,1,3,3,24,28,0,0,8,0,1,8,23,0,0,21,26,5,2
0,0,93,1,3,3,26,33,0,0,10,0,3,12,24,0,0,33,32,7,2
0,0,240,1,2,2,44,52,0,1,14,0,0,5,26,0,0,17,40,3,3
0,0,198,7,3,3,31,45,0,0,45,0,0,10,36,0,0,22,74,4,2
0,0,310,3,7,7,45,264,0,2,66,5,2,52,638,0,11,87,300,17,0
0,0,213,1,4,4,13,29,0,0,17,0,0,15,8195,8,0,65,37,4,1
0,0,176,2,2,2,31,45,0,0,35,0,0,9,29,0,1,21,61,3,2
0,9,530,7,7,10,270,303,3,3,45,3,0,66,208,0,8,217,186,20,0
0,0,320,3,4,4,34,111,0,2,709,1,0,22,278,0,10,30,787,10,2
0,0,86,1,3,3,26,33,0,0,10,0,3,12,24,0,0,39,32,7,2
0,0,79,1,2,2,12,19,0,0,14,0,0,5,22,0,0,15,34,3,2
2,0,401,15,11,14,47,81,1,0,31,8,35,105,50,0,1,67,98,43,4
0,0,264,1,2,2,18,22,0,0,14,0,0,5,26,0,0,17,42,3,2
0,0,406,3,5,5,17,121,0,1,748,1,1,22,286,0,11,52,834,13,2
0,3,579,7,5,5,429,343,1,3,19,6,11,173,79,0,0,226,204,15,4
0,0,279,3,6,6,15,58,0,1,460,1,2,46,249,0,11,70,524,13,1
0,0,2939,10,9,10,167,446,2,1,197,11,14,541,250,0,13,1231,405,42,3
0,0,371,5,1,4,6,87,4,0,36,4,2,133,217,0,10,115,86,65,3
0,0,143,2,3,3,4,5,0,0,10,1,0,6,27,0,0,17,30,3,3
0,0,145,1,2,2,11,61,0,0,15,0,0,33,40,0,0,50,37,3,1
0,0,1267,9,9,9,383,478,1,11,66,1,11,282,249,0,10,289,471,25,3
0,0,168,1,2,2,17,29,0,0,15,0,0,5,27,0,0,17,37,3,2
2,35,1968,41,26,42,369,501,10,9,191,14,27,347,268,1,18,269,468,71,4
0,0,352,3,5,5,53,120,0,1,647,1,0,24,280,0,11,28,727,10,4
0,83,1492,2,4,4,281,324,1,3,69,0,6,88,88,0,7,173,175,10,4
0,0,170,1,3,3,5,18,0,0,16,0,0,8,33,0,0,74,40,4,1
0,0,70,1,3,3,36,43,0,0,10,0,2,10,24,0,0,36,31,6,2
0,0,398,3,5,5,17,119,0,1,783,1,1,22,286,0,11,48,870,13,2
0,0,58,1,0,1,84,50,1,0,10,1,0,88,25,0,0,100,109,15,3
0,0,746,1,6,8,21,560,1,0,64,3,1,19,64,0,0,74,147,17,3
0,0,55,1,3,3,24,28,0,0,8,0,3,12,23,0,0,25,28,7,2
0,0,215,1,4,4,8,76,0,0,61,0,0,13,73,8,0,153,95,4,3
0,0,243,1,2,2,18,22,0,0,14,0,0,5,26,0,0,17,42,3,2
4,35,1163,23,21,27,111,254,5,2,133,13,40,308,145,2,4,256,397,83,4
0,0,571,8,10,12,128,238,0,1,845,9,10,121,327,0,14,116,950,52,0
0,0,178,2,2,2,31,45,0,0,35,0,0,9,33,0,0,21,61,3,2
0,0,183,1,2,2,16,32,0,0,15,0,0,5,27,0,0,17,37,3,2
0,0,152,1,3,3,16,27,0,0,16,0,0,10,24,0,0,20,38,4,2
0,0,53,1,3,3,24,28,0,0,8,0,1,8,23,0,0,21,26,5,2
0,0,56,1,3,3,24,28,0,0,8,0,3,12,23,0,0,25,28,7,2
0,0,176,1,2,2,16,33,0,0,15,0,0,5,31,0,0,23,37,3,2
0,0,249,4,0,0,53,61,1,0,20,7,2,93,193,0,10,91,97,26,3
0,0,305,3,3,3,9,14,0,1,14,1,0,18,177,0,8,19,40,10,2
0,0,51,1,3,3,24,28,0,0,8,0,1,8,23,0,0,21,26,5,2
0,0,55,1,3,3,24,28,0,0,8,0,3,12,23,0,0,25,28,7,2
0,0,340,6,3,4,83,147,1,2,22,0,3,33,57,0,0,54,83,10,0
0,0,51,1,3,3,24,28,0,0,8,0,1,8,23,0,0,21,26,5,2
0,0,93,0,2,2,44,48,0,0,2,5,0,1,15,0,1,20,50,0,2
0,0,1970,1,0,3,289,130,2,0,85,0,0,319,58,0,0,438,368,162,3
0,0,234,1,2,2,44,52,0,1,14,0,0,5,26,0,0,17,40,3,3
0,0,142,1,0,0,21,544,0,0,17,0,0,14,31,0,0,24,48,3,0
0,0,126,1,2,2,42,76,0,0,14,0,0,9,25,0,0,30,33,3,4
1,4,1194,15,7,8,67,208,1,4,132,5,3,73,473,2,11,145,268,29,4
0,0,1674,5,10,12,58,215,2,1,729,2,13,77,307,0,10,140,923,51,3
0,0,58,1,2,2,11,12,0,0,8,0,0,3,21,0,0,15,23,3,1
0,0,253,1,2,2,37,41,0,0,14,0,0,5,26,0,0,17,41,3,2
0,160,2980,13,29,49,149,503,10,1,565,20,29,387,344,0,33,316,1120,338,3
0,160,2949,13,29,49,189,512,10,1,565,21,29,421,343,0,33,361,1147,338,3
0,0,507,18,10,12,26,178,0,2,820,7,7,97,330,0,11,126,918,43,0
0,0,44,1,2,2,1,3,0,0,9,0,0,3,21,0,0,9,25,3,3
0,0,388,4,7,7,81,414,0,4,1515,9,3,67,761,0,11,111,1801,31,0
0,0,312,1,2,2,93,125,0,1,15,1,0,14,37,0,0,36,51,5,0
0,0,269,1,2,2,18,22,0,0,14,0,0,5,26,0,0,17,42,3,2
0,0,798,14,14,14,380,295,1,6,165,5,9,351,372,0,10,395,506,189,0
0,0,264,1,3,3,29,39,0,0,15,0,0,71,54,0,0,77,44,3,1
0,0,302,4,2,4,230,102,2,0,38,5,6,480,221,0,29,327,227,93,3
0,0,56,1,3,3,24,28,0,0,8,0,3,12,23,0,0,25,28,7,2
0,0,86,2,3,3,26,39,0,0,10,0,3,17,26,0,0,37,33,8,2
0,0,52,1,3,3,24,28,0,0,8,0,1,8,23,0,0,21,26,5,2
0,0,55,1,3,3,24,28,0,0,8,0,3,12,23,0,0,25,28,7,2
0,0,392,3,4,4,49,82,0,1,19,1,0,23,194,0,14,50,52,11,1
0,0,50,1,3,3,24,28,0,0,8,0,1,8,23,0,0,21,26,5,2
0,0,270,1,3,3,29,39,0,0,15,0,0,75,56,0,0,81,44,3,1
0,0,46,1,0,1,56,36,1,0,10,1,0,60,21,0,0,72,81,15,3
0,0,935,3,5,5,19,130,0,1,649,1,1,22,276,0,10,38,731,13,2
0,160,3172,12,29,59,134,600,30,0,807,19,32,455,415,0,38,305,1489,364,3
0,0,282,2,3,3,83,127,0,0,15,0,1,14,32,0,0,56,46,5,3
0,0,695,10,7,9,52,145,3,1,121,2,3,84,188,0,8,116,293,55,1
0,0,289,3,5,5,526,52,1,1,31,0,1,346,143,0,0,518,551,5,4
0,0,126,1,4,4,139,35,1,0,16,0,10,140,52,0,0,245,130,14,1
0,0,215,1,3,3,5,12,0,0,10,0,7,22,50,0,0,53,36,11,1
2,13,491,11,15,25,217,546,3,2,1072,10,1,160,545,1,14,172,1345,28,4
0,0,59,1,3,3,31,35,0,0,8,0,3,12,23,0,0,25,28,7,2
0,0,271,6,6,6,31,155,0,2,811,1,1,26,283,0,11,36,875,13,4
0,0,924,6,18,31,170,295,0,2,169,5,2,87,231,0,8,63,225,21,3
0,0,554,3,8,9,35,108,2,1,567,2,11,94,252,0,11,105,708,32,3
3,103,1742,69,16,52,627,735,7,9,232,24,122,810,320,3,18,769,975,173,4
0,0,66,1,3,3,38,42,0,0,8,0,0,6,23,0,0,20,25,4,2
0,0,197,2,4,4,340,61,1,0,19,0,1,254,33,0,0,336,227,5,2
0,160,2934,13,29,49,149,503,10,1,556,21,29,387,333,0,33,316,1111,338,3
0,0,173,1,3,3,11,18,0,0,15,0,0,75,55,0,0,75,43,3,1
0,160,3165,11,29,60,148,602,30,0,819,20,34,479,425,0,36,328,1517,366,3
0,0,57,1,3,3,24,28,0,0,8,0,3,12,23,0,0,25,28,7,2
0,0,164,1,3,3,95,102,0,0,26,0,0,44,24,0,0,16,70,4,3
4,39,902,20,12,13,186,223,4,6,79,16,30,269,93,0,8,246,300,39,4
0,0,399,3,5,5,19,136,0,1,838,1,1,22,294,0,11,48,931,13,2
0,0,86,2,3,3,26,39,0,0,10,0,3,17,26,0,0,37,33,8,2
0,0,260,3,5,5,11,41,0,2,545,1,3,45,267,0,10,72,610,24,1
0,0,56,1,3,3,24,28,0,0,8,0,2,10,23,0,0,23,27,6,2
0,0,208,1,4,4,8,76,0,0,61,0,0,13,73,8,0,153,95,4,3
0,0,208,3,3,3,31,51,0,2,28,1,0,20,183,0,8,29,57,10,1
0,0,286,1,3,3,29,39,0,0,15,0,0,73,55,0,0,79,44,3,1
0,0,53,1,3,3,24,28,0,0,8,0,1,8,23,0,0,21,26,5,2
5,169,4408,57,36,59,2511,905,6,2,303,133,113,2461,439,22,25,2822,2629,606,4
1,9,1030,16,22,33,242,564,9,3,2073,10,7,322,921,1,14,470,2513,43,4
3,9,527,6,5,5,233,207,3,5,30,3,13,153,45,0,2,182,199,24,4
0,0,170,1,2,2,16,32,0,0,15,0,0,5,31,0,0,17,37,3,2
0,0,230,4,4,4,83,103,1,0,16,0,1,33,51,0,0,56,67,8,0
1,55702,2816,21,14,18,41,170,2,0,262,13,39,160,63,0,0,128,427,195,4
0,0,266,1,2,2,18,22,0,0,14,0,0,5,26,0,0,17,42,3,2
0,0,423,2,5,6,7,58,1,0,64,0,0,16,47,1182,4,96,145,16,3
0,0,230,1,5,5,58,105,1,0,21,0,0,52,39,0,0,62,67,8,0
26,28,1111,16,11,14,84,208,3,3,786,6,13,116,333,0,14,123,907,34,4
0,92,1372,159,9,11,54,766,5,3,1488,8,12,248,742,0,11,134,1698,70,0
0,0,332,1,3,3,20,40,0,0,16,0,1,15,27,0,0,29,49,6,2
0,0,877,3,5,5,19,117,0,1,614,1,1,22,274,0,10,38,694,13,2
0,0,56,1,0,0,1,2,0,0,9,0,0,3,21,0,0,11,24,3,1
0,160,3147,11,28,58,159,586,30,0,803,19,31,402,405,0,35,339,1495,341,3
1,3,292,3,5,5,174,127,2,0,34,2,5,106,36,0,1,152,177,12,4
0,0,137,1,2,2,1,5,0,0,10,10,0,23,28,0,0,30,27,39,1
0,0,157,1,2,2,15,27,0,0,15,0,0,5,31,0,0,21,37,3,2
0,0,347,2,1,1,24,79,0,0,19,1,0,26,69,0,0,30,66,3,0
0,0,212,1,5,6,52,83,0,0,14,0,0,11,32,0,0,57,54,4,0
0,0,160,1,2,2,1,5,0,0,10,0,0,13,28,0,0,26,27,19,1
0,13,241,1,2,2,31,47,0,0,24,0,0,7,32,0,0,52,46,3,1
0,0,150,1,3,3,1,6,0,0,35,0,0,6,28,0,0,33,59,4,1
0,0,51,1,3,3,24,28,0,0,8,0,1,8,23,0,0,21,26,5,2
0,0,66,1,3,3,24,31,0,0,10,0,2,10,24,0,0,29,31,6,2
0,72,532,11,9,14,320,370,1,0,38,41,23,258,91,0,0,293,265,43,0
0,0,871,3,5,5,19,119,0,1,735,1,1,22,281,0,10,38,818,13,2
0,0,401,3,5,5,34,133,0,1,588,1,13,56,260,14,10,97,653,24,1
0,8,319,2,7,10,56,82,0,0,36,0,0,11,33,0,3,53,63,5,4
0,0,170,1,3,3,5,18,0,0,16,0,0,8,33,0,0,74,40,4,1
0,0,138,3,3,3,226,118,1,0,10,0,0,215,29,0,0,243,240,3,1
0,0,54,1,3,3,24,28,0,0,8,0,3,12,23,0,0,25,28,7,2
0,0,214,1,3,3,6,25,0,0,10,0,13,14534,56,0,0,59,42,17,1
0,7,736,8,12,14,223,134,1,6,31,6,0,53,200,0,10,59,84,39,4
0,0,124,1,2,2,41,51,0,0,14,0,0,7,23,0,0,20,33,3,2
0,0,52,1,3,3,24,28,0,0,8,0,1,8,23,0,0,21,26,5,2
0,0,333,3,5,5,23,156,0,1,764,1,2,44,486,0,11,72,876,25,3
0,0,271,1,2,2,18,22,0,0,14,0,0,5,26,0,0,17,42,3,2
0,0,337,1,2,2,159,211,0,0,26,0,0,5,29,0,0,45,66,3,1
1,4,461,7,8,8,92,133,1,2,76,5,20,209,298,0,11,165,209,40,3
0,0,86,1,2,2,1,2,0,0,8,0,0,3,21,0,0,9,23,3,4
0,0,265,1,3,3,43,81,0,0,15,0,3,28,38,0,0,84,40,7,2
0,0,374,3,4,4,36,130,0,1,650,1,0,23,266,0,11,28,712,11,2
2,11,631,10,13,15,86,97,2,3,34,8,15,145,77,0,2,115,139,33,4
0,0,263,4,5,5,53,122,0,0,15,10,6,65,58,0,0,65,64,21,0
0,0,630,4,0,1,81,49,1,0,4297,3,0,109,204,0,8,129,4693,10945,3
0,0,86,0,2,2,45,48,0,0,2,5,0,1,15,0,1,20,50,0,2
0,0,151,1,3,3,56,46,1,0,18,0,0,27,30,0,0,56,62,3,1
0,0,78,1,2,2,14,21,0,0,14,0,0,5,22,0,0,15,34,3,2
0,0,328,4,3,3,44,61,0,1,18,1,0,20,182,0,9,30,55,10,3
2,36,1033,20,18,23,424,446,10,8,1684,19,75,438,956,4,18,522,2226,93,4
0,0,400,3,5,5,19,135,0,1,891,1,1,22,291,0,11,52,986,13,2
0,0,424,1,6,6,725,264,1,0,21,2,0,661,37,0,0,1099,628,4,0
0,0,394,3,6,6,17,113,0,1,764,1,7,39,292,0,11,72,849,20,2
0,0,51,1,3,3,24,28,0,0,8,0,1,8,23,0,0,21,26,5,2
0,0,210,2,6,9,38,94,0,0,15,1,0,25,42,0,0,22,55,3,1
0,0,521,72,0,6,580,471,8,0,48,5,2,508,164,0,6,635,558,42,3
0,0,39,1,0,0,1,2,0,0,8,0,0,3,21,0,0,11,22,3,1
0,0,68,1,3,3,36,43,0,0,10,0,2,10,24,0,0,30,31,6,2
0,0,158,1,2,2,15,26,0,0,15,0,0,5,27,0,0,21,37,3,2
0,0,108,1,2,2,27,46,0,0,14,0,0,7,27,0,0,22,41,3,1
0,0,108,1,2,2,28,48,0,0,14,0,0,7,27,0,0,22,41,3,1
5,42,2327,41,16,18,352,407,5,4,143,29,31,474,311,3,15,492,665,71,4
0,0,154,1,2,2,15,25,0,0,15,0,0,5,27,0,0,21,37,3,2
0,0,753,5567,9,11,897,976,1,2,17,6,11,120,92,0,1,113,136,53,0
2,3,440,13,11,14,243,104,1,0,23,18,17,232,50,6,1,281,263,25,4
0,0,271,1,2,2,18,22,0,0,14,0,0,5,26,0,0,17,42,3,2
0,0,26,1,0,1,2,9,0,0,9,1,0,8,21,0,0,17,27,15,3
0,0,270,1,3,3,21,86,0,0,23,0,0,13,64,15,0,77,46,3,1
0,0,324,4,2,4,231,103,2,0,42,6,12,541,217,0,31,346,241,100,3
0,0,56,1,3,3,24,28,0,0,8,0,3,12,23,0,0,25,28,7,2
0,0,473,3,0,6,55,947,5,0,54,4,0,183,234,0,15,228,157,27,3
0,0,297,4,7,7,24,62,0,1,485,3,1,27,247,0,11,41,546,16,0
0,0,99,1,2,2,16,27,0,0,14,0,0,5,22,0,0,23,33,3,1
0,0,877,3,5,5,19,119,0,1,718,1,1,22,285,0,10,38,800,13,2
0,0,57,1,3,3,24,28,0,0,8,0,3,12,23,0,0,25,28,7,2
0,0,52,1,3,3,24,28,0,0,8,0,1,8,23,0,0,21,26,5,2
0,0,108,1,3,3,20,29,0,0,9,0,2,10,25,0,0,23,29,6,2
0,2114,2021,48,18,43,377,514,22,8,436,14,41,467,231,0,17,384,1188,91,3
0,0,189,3,5,5,7,46,0,0,15,7,2,31,44,0,0,42,54,13,0
0,0,308,3,4,4,47,80,0,0,22,1,3,40,195,0,9,82,64,17,1
0,0,308,3,3,3,9,14,0,1,14,1,0,18,177,0,8,19,40,10,2
0,0,176,1,3,3,11,18,0,0,15,0,0,71,53,0,0,71,43,3,1
0,0,90,2,3,3,28,41,0,0,10,0,2,15,26,0,0,35,32,7,2
0,0,169,1,3,3,5,18,0,0,16,0,0,8,33,0,0,74,40,4,1
0,0,842,7,12,17,35,177,2,0,120,4,16,107,75,0,0,155,399,79,0
0,0,158,2,3,3,1,2,0,0,10,1,0,7,26,0,0,17,33,3,3
0,0,1498,7,24,33,156,286,5,0,187,6,8,274,257,0,15,320,511,74,3
0,0,59,1,3,3,24,28,0,0,9,0,2,10,23,0,0,27,29,6,2
0,0,377,621,7,7,141,219,0,2,779,1,2,53,413,0,10,95,880,17,2
0,160,3578,13,37,82,156,636,14,1,760,30,35,554,435,0,81,401,1511,412,3
0,0,22,1,0,0,1,2,0,0,8,0,0,3,21,0,0,11,22,3,1
1,11,461,9,19,30,139,504,3,1,129,7,14,148,513,0,13,87,344,31,4
0,8,1584,10,19,98,246,249,1,4,86,6,3,172,240,1,13,156,233,163,4
2,12,909,31,7,8,291,277,2,9,109,30,23,292,302,3,11,377,469,49,4
1,9,577,7,5,5,140,115,1,0,26,4,7,113,38,0,1,129,154,17,4
0,0,2334,28,3,11,398,296,17,1,8262,24,18,610,344,0,27,502,9144,20818,3
0,0,75,1,3,3,20,28,0,0,9,0,1,8,25,0,0,21,28,5,2
0,0,157,1,0,1,110,48,1,0,18,2,5,114,36,0,5,217,111,31,3
0,0,142,2,3,3,4,5,0,0,10,1,0,6,27,0,0,17,30,3,3
0,0,184,1,2,2,25,39,0,0,15,0,0,5,36,0,1,51,44,3,1
0,0,290,3,6,6,81,344,0,2,71,6,2,47,606,0,11,100,283,17,0
0,0,90,2,3,3,28,41,0,0,10,0,2,15,26,0,0,35,32,7,2
0,0,146,1,2,2,11,61,0,0,15,0,0,33,40,0,0,50,37,3,1
0,0,91,0,2,2,44,47,0,0,2,5,0,1,11,0,1,20,50,0,2
0,0,67,1,3,3,20,27,0,0,10,0,3,12,24,0,0,39,32,7,2
0,0,227,1,3,3,43,79,0,0,16,0,3,28,42,0,0,84,42,7,2
0,0,1560,29,9,12,224,276,3,1,69,6,7,163,226,0,10,204,284,26,3
0,0,462,3,6,6,17,114,0,1,763,1,7,39,282,0,11,72,849,20,2
0,0,137,3,3,3,44,27,1,0,10,0,0,33,29,0,0,61,58,3,1
0,0,161,1,2,2,15,25,0,0,30,0,0,5,24,0,1,21,55,3,2
0,0,159,1,2,2,15,25,0,0,30,0,0,5,24,0,0,21,55,3,2
0,0,31,1,3,3,1,0,0,0,8,0,0,5,23,0,6,19,23,3,3
0,0,177,2,2,2,31,45,0,0,35,0,0,9,29,0,0,21,61,3,2
0,0,261,3,5,5,13,50,0,2,518,1,3,45,258,0,10,76,583,24,1
0,0,52,1,3,3,24,28,0,0,8,0,2,10,23,0,0,23,27,6,2
0,0,93,3,3,3,5,13,0,0,14,0,0,7,32,0,0,21,34,3,1
0,0,1615,26,8,11,222,274,3,0,71,6,7,148,80,0,3,199,279,19,3
2,64,1205,28,12,15,1048,619,1,2,128,12,17,669,427,2,22,902,717,44,4
0,0,367,3,6,6,221,126,1,1,730,1,2,195,265,0,10,243,954,19,1
1,7,325,3,4,4,119,97,1,0,18,0,0,61,31,0,1,97,98,3,4
0,0,328,1,4,5,6,55,1,0,64,0,0,12,31,0,1,52,139,14,1
0,0,260,1,2,2,18,22,0,0,14,0,0,5,26,0,0,17,42,3,2
0,0,34,1,2,2,1,0,0,0,8,0,0,3,21,0,0,11,23,3,2
1,15,796,12,7,8,241,212,1,2,45,9,15,147,180,1,12,169,189,22,4
0,32,367,1,2,2,43,97,0,0,17,0,0,8,44,0,6,62,38,5,1
0,0,4897,22,30,49,296,373,7,2,11552,8,24,510,315,0,38,458,12732,28181,3
0,0,93,1,3,3,26,33,0,0,10,0,3,12,24,0,0,33,32,7,2
0,0,5821,5,0,12,115,327,11,0,62791,8,4,300,88,0,0,598,63150,200,3
0,0,260,1,2,2,18,22,0,0,14,0,0,5,30,0,0,17,42,3,2
0,0,259,3,5,5,11,41,0,2,526,1,3,45,260,0,10,72,590,21,1
0,0,174,1,3,3,95,102,0,0,26,0,0,44,24,0,0,16,70,4,3
0,0,55,1,3,3,24,28,0,0,8,0,3,12,23,0,0,25,28,7,2
0,0,186,1,3,3,3,18,0,0,15,0,3,17,34,0,0,31,40,7,1
0,0,472,4,7,7,75,142,0,1,648,3,4,55,302,0,10,93,720,29,1
2,18,766,14,11,45,361,289,11,0,128,3,8,345,151,0,4,405,610,26,4
0,0,0,0,0,0,0,0,0,0,0,0,0,0,0,0,0,0,0,0,1
0,0,255,1,2,2,18,22,0,0,14,0,0,5,26,0,0,17,42,3,2
0,0,161,1,2,2,15,25,0,0,30,0,0,5,24,0,0,21,55,3,2
0,0,292,3,5,5,6,145,0,1,748,1,2,44,498,0,10,72,861,25,3
0,0,376,3,5,5,18,131,0,1,723,1,1,32,290,0,12,44,799,13,2
0,0,155,1,3,3,136,13,1,0,11,0,0,107,28,0,0,151,108,3,1
0,0,250,1,2,2,18,22,0,0,14,0,0,5,26,0,0,17,42,3,2
0,0,256,1,2,2,18,22,0,0,14,0,0,5,26,0,0,17,42,3,2
0,0,298,3,4,4,78,98,0,2,20,5,0,30,32,0,0,44,61,4,0
0,0,153,3,12,21,8,33,0,0,17,1,4,29,32,0,0,33,49,8,4
0,0,155,1,2,2,31,49,0,0,15,2,0,7,26,0,0,24,44,3,3
0,0,260,3,5,5,11,41,0,2,504,1,3,45,267,0,10,72,568,24,1
0,0,120,1,2,2,49,65,0,0,14,0,0,7,27,0,0,24,41,3,2
2,8,743,14,8,8,665,283,1,1,31,20,24,541,67,3,2,671,572,32,4
0,0,146,1,2,2,11,61,0,0,15,0,0,33,40,0,0,50,37,3,1
0,160,2859,13,29,49,135,499,10,1,557,21,29,373,332,0,33,295,1099,338,3
0,0,269,1,4,4,21,92,0,0,23,0,18,53,63,15,0,101,66,22,1
0,0,196,4,4,6,117,112,3,0,33,1,1,48,39,0,0,76,136,5,0
0,0,180,2,3,3,18,40,0,0,25,1,0,11,36,0,0,27,59,7,0
0,0,361,1,2,2,160,180,0,0,14,0,0,5,26,0,0,35,41,3,1
0,0,81,0,2,2,45,48,0,0,2,5,0,1,7,0,1,20,50,0,1
0,0,55,1,3,3,24,28,0,0,8,0,3,12,23,0,0,25,28,7,2
0,0,337,3,9,9,19,286,0,2,928,1,2,55,1212,0,10,88,1148,148,3
0,0,182,2,2,2,32,48,0,0,35,0,0,9,28,0,0,25,61,3,2
0,0,2725,28,3,8,352,271,14,1,7794,19,19,586,332,0,28,483,8654,20228,3
0,0,120,1,2,2,20,42,0,0,14,0,0,11,25,0,0,28,42,3,2
0,0,949,3,5,5,19,128,0,1,716,1,1,22,277,0,10,38,800,13,2
4,35,2646,31,23,28,921,399,3,8,142,26,48,817,180,4,11,972,850,82,4
0,0,174,1,2,2,16,32,0,0,15,0,0,5,27,0,0,17,37,3,2
0,0,56,2,3,3,1,5,0,0,8,0,0,6,23,0,0,11,25,4,4
1,7,436,4,6,6,146,110,2,0,57,0,10,157,86,0,0,167,177,16,4
2,4,1495,21,31,35,420,478,2,4,42,13,80,445,82,2,1,372,421,69,4
0,0,56,1,0,0,1,2,0,0,9,0,0,3,21,0,0,11,24,3,1
0,6,449,9,7,7,22,81,0,0,36,6,13,95,56,0,2,59,82,20,4
0,0,281,3,6,6,15,58,0,1,556,1,2,46,263,0,11,70,622,13,2
0,160,2584,12,25,43,146,439,8,1,642,19,25,339,355,0,32,281,1124,309,3
0,0,224,1,3,3,5,12,0,0,10,0,8,13558,54,0,0,54,37,12,1
1,14,924,6,11,12,139,178,4,3,54,5,19,153,78,0,2,88,165,28,4
1,27,674,21,10,10,62,145,1,0,80,9,30,187,233,2,12,146,212,50,4
0,0,233,3,10,14,20,30,1,2,19,1,1,36,38,0,0,56,66,7,3
0,0,397,10,4,6,322,341,3,0,19,10,30,318,118,0,0,314,207,47,1
0,0,57,1,3,3,24,28,0,0,8,0,3,12,23,0,0,25,28,7,2
1,0,425,10,12,12,187,304,6,1,232,7,12,294,547,3,11,388,526,40,4
0,0,57,1,3,3,24,28,0,0,8,0,3,12,23,0,0,25,28,7,2
0,0,54,1,3,3,24,28,0,0,8,0,3,12,23,0,0,25,28,7,2
2,16,1091,21,9,10,417,350,2,5,152,14,23,374,457,6,15,509,638,53,4
0,0,98,2,2,2,20,27,0,0,14,1,0,5,22,0,0,15,42,3,4
0,6791,2325,12,10,27,659,926,19,2,912,21,85,1082,432,0,67,996,1878,244,3
0,72,882,5,5,43,293,514,9,2,1128,1,9,224,519,0,11,561,1551,30,1
0,0,285,4,3,4,17,35,0,1,19,1,0,22,178,0,9,30,57,10,3
0,0,283,1,3,3,2464,214,1,0,16,0,0,1887,28,0,0,2292,1379,3,1
0,0,260,1,3,3,29,39,0,0,15,0,0,73,59,0,0,79,44,3,1
0,0,230,1,3,3,5,12,0,0,10,0,8,14412,56,0,0,54,37,12,1
0,0,212,1,2,2,42,55,0,0,16,0,0,5,26,0,0,28,38,3,1
0,97,664,16,9,11,179,282,1,3,101,5,5,142,288,1,14,236,210,20,4
0,0,334,3,8,8,36,73,0,2,1148,1,2,48,261,0,10,60,1235,19,3
0,0,221,1,3,3,6,25,0,0,10,0,13,14158,58,0,0,59,42,17,1
0,0,93,2,2,2,1,3,0,0,10,0,0,3,21,0,0,25,30,3,1
0,0,136,1,2,2,11,61,0,0,15,0,0,33,44,0,0,50,37,3,1
0,0,95,1,3,3,20,28,0,0,10,0,2,10,25,0,0,27,31,6,2
0,0,285,3,3,3,9,14,0,1,14,1,0,18,177,0,8,19,40,10,2
0,0,90,0,2,2,45,48,0,0,2,5,0,1,11,0,1,20,50,0,2
0,0,145,1,2,2,25,36,0,0,15,0,0,7,26,0,0,18,44,3,1
0,0,274,3,5,6,35,61,0,1,24,1,0,42,32,0,0,29,60,7,1
0,0,878,3,5,5,19,120,0,1,827,1,1,22,289,0,10,38,912,13,2
0,0,311,1,2,2,160,180,0,0,14,0,0,5,26,0,0,35,41,3,1
0,6,588,4,8,8,45,22,1,0,25,2,0,57,58,0,2,81,86,5,4
0,0,198,1,2,2,42,55,0,0,16,0,0,5,26,0,0,28,38,3,1
0,0,257,5,4,4,18,52,0,1,18,1,1,28,194,0,8,33,54,13,3
0,0,206,5,0,0,25,25,1,1,13,3,0,33,180,0,8,37,38,10,0
0,0,420,1,2,2,154,188,0,0,26,0,0,5,29,0,0,37,58,3,1
0,0,401,3,5,5,19,136,0,1,762,1,1,22,283,0,11,48,854,13,2
0,0,339,1,3,3,28,44,0,0,75,0,0,8,43,0,1,27,119,9,4
0,0,16,0,0,1,0,5,0,0,729,0,0,10,12,0,0,0,751,0,3
0,0,218,1,3,3,5,12,0,0,10,0,8,14237,52,0,0,54,37,12,1
0,0,299,1,3,3,20,37,0,0,16,0,0,10,34,0,0,23,47,4,2
0,4,469,2,6,6,152,107,1,0,30,0,1,118,55,0,1,130,135,5,4
0,0,329,3,3,3,63,96,0,2,33,1,0,20,189,0,8,30,73,10,3
0,0,51,1,3,3,24,28,0,0,8,0,1,8,23,0,0,21,26,5,2
0,0,913,14,14,18,180,388,3,2,688,7,17,155,451,0,12,226,1095,108,1
0,0,75,1,3,3,20,28,0,0,9,0,1,8,25,0,0,21,28,5,2
0,0,486,6,8,9,127,193,3,3,500,3,0,78,267,0,10,95,591,20,0
0,0,296,3,3,3,9,14,0,1,14,1,0,18,177,0,8,19,40,10,2
0,0,48,1,0,1,56,36,1,0,10,1,0,60,21,0,0,72,81,15,3
0,0,183,1,3,3,11,27,0,0,55,2,1,8,55,0,0,44,79,5,1
0,0,171,1,3,3,5,18,0,0,16,0,0,8,33,0,0,74,40,4,1
0,0,57,1,2,2,25,26,0,0,8,0,0,3,22,0,0,31,23,3,3
0,0,475,4,7,7,75,142,0,1,665,3,4,55,308,0,10,95,737,29,1
0,0,281,3,3,3,9,13,0,1,13,1,0,18,177,0,8,19,38,10,2
0,0,809,2,3,3,79,107,0,0,15,1,1,15,39,0,3,56,48,6,0
0,0,54,1,3,3,24,28,0,0,8,0,3,12,23,0,0,25,28,7,2
2,11,435,14,13,13,246,163,1,1,35,12,25,273,59,2,3,354,343,52,4
4,23,923,15,13,15,107,152,6,2,68,11,27,252,89,1,5,201,256,39,4
0,0,109,1,2,2,8,18,0,0,15,0,0,5,27,0,0,23,44,3,2
2,24,313,14,6,6,60,63,1,1,49,4,13,120,46,0,4,138,176,22,4
0,0,956,12,10,14,126,332,3,1,121,0,7,158,82,0,0,231,321,78,0
0,0,120,1,2,2,49,65,0,0,14,0,0,7,23,0,0,24,41,3,2
2,3,577,18,8,8,205,205,1,7,1189,6,26,178,279,1,11,226,1408,46,4
0,0,109,1,2,2,27,46,0,0,14,0,0,7,31,0,0,22,41,3,1
2,3,533,22,5,5,287,171,1,2,23,7,9,195,38,1,1,248,256,15,4
0,0,300,3,3,3,9,13,0,1,13,1,0,18,177,0,8,19,38,10,2
0,0,378,3,4,4,36,127,0,1,686,1,0,23,267,0,11,28,749,11,2
0,0,195,1,3,3,6,25,0,0,10,0,13,13934,56,0,0,59,42,17,1
0,0,42,1,2,2,1,3,0,0,9,0,0,3,21,0,0,9,25,3,3
2,34,1082,22,11,12,274,449,0,17,1392,10,25,772,517,0,20,1179,1528,46,4
1,6,949,11,13,14,181,303,4,2,196,4,6,154,774,0,11,265,430,36,4
0,0,55,1,3,3,24,28,0,0,8,0,3,12,23,0,0,25,28,7,2
0,0,224,1,3,3,6,25,0,0,10,0,13,13862,56,0,0,59,42,17,1
0,0,348,4,3,3,85,106,0,1,18,1,0,20,182,0,8,30,55,10,3
0,0,328,4,1,3,243,106,2,0,38,5,5,484,222,0,33,336,230,90,3
0,0,90,2,3,3,28,41,0,0,10,0,2,15,26,0,0,41,32,7,2
0,0,2244,74,7,14,91,357,93,0,355,1,10,166,248,0,25,478,589,34,3
0,0,55,1,3,3,24,28,0,0,8,0,3,12,23,0,0,25,28,7,2
0,0,298,4,7,7,24,62,0,1,485,3,1,27,247,0,10,41,546,16,0
0,0,57,1,0,1,84,50,1,0,10,1,0,88,21,0,0,100,109,15,3
0,0,393,3,6,6,17,113,0,1,745,1,7,39,288,0,11,72,830,20,2
0,0,53,1,3,3,24,28,0,0,8,0,1,8,23,0,0,21,26,5,2
6,7,1541,87,21,32,1365,422,18,0,210,25,53,1322,257,0,3,1429,1363,185,1
0,0,52,1,3,3,24,28,0,0,8,0,1,8,23,0,0,21,26,5,2
0,0,339,4,13,705,39,103,0,4,759,1,2,3505,977,0,11,760,2212,1398,1
0,0,445,3,5,5,25,155,0,2,948,1,1,22,306,0,10,55,1046,13,2
0,0,119,1,2,2,49,65,0,0,14,0,0,7,23,0,0,24,41,3,2
0,3,614,1,5,11,74,103,7,1,109,0,15,96,48,0,1,140,296,36,3
0,0,56,1,3,3,24,28,0,0,8,0,2,10,23,0,0,23,27,6,2
0,0,261,8,3,5,38,126,0,0,35,2,0,135,69,0,0,53,76,184,2
0,0,111,1,0,0,4,27,3,0,12,0,0,25,27,0,2,25,30,21,3
0,0,1606,27,10,15,244,341,3,0,67,6,7,151,78,0,3,212,272,19,3
0,0,908,12,17,21,93,273,3,0,121,10,5,119,90,0,0,128,304,76,0
0,0,140,3,3,3,228,119,1,0,10,0,0,217,29,0,0,245,242,3,1
0,0,170,1,3,3,5,18,0,0,16,0,0,8,33,0,0,74,40,4,1
0,0,259,3,5,5,11,41,0,2,498,1,3,45,263,0,10,72,562,24,1
0,0,218,1,3,3,6,25,0,0,10,0,13,14398,58,0,0,59,42,17,1
0,0,854,1,4,4,423,509,0,0,91,0,3,22,45,0,0,274,131,7,3
0,0,420,1,2,2,154,188,0,0,16,0,0,5,33,0,0,37,46,3,1
0,0,406,5,1,4,112,93,2,0,45,5,2,201,228,0,21,225,167,59,3
0,0,274,4,6,8,52,69,1,1,19,1,0,52,192,0,9,54,78,11,3
0,0,54,1,3,3,24,28,0,0,8,0,3,12,23,0,0,25,28,7,2
3,21,914,31,13,14,732,463,4,6,64,52,60,723,191,19,12,755,839,84,4
0,0,59,1,3,3,18,22,0,0,9,0,2,10,23,0,0,27,29,6,2
0,0,604,95,7,8,48,482,1,0,1490,3,1,255,1045,0,10,214,1637,29,4
0,0,58,1,3,3,24,28,0,0,8,0,3,12,23,0,0,25,28,7,2
0,0,292,3,5,5,6,146,0,1,748,1,2,44,497,0,10,72,861,25,3
0,0,1561,3,7,9,43,154,2,0,123,1,11,39,36,0,0,93,265,38,3
0,0,269,3,6,6,15,57,0,1,539,1,2,46,256,0,11,70,605,13,2
0,0,54,1,3,3,24,28,0,0,8,0,3,12,23,0,0,25,28,7,2
0,0,216,1,3,3,6,25,0,0,10,0,13,14427,60,0,0,59,42,17,1
0,0,199,6,2,2,25,44,2,0,30,0,0,7,32,0,0,16,53,3,3
0,0,481,7,6,7,9,134,1,1,811,2,2,54,414,0,10,103,947,28,1
0,0,418,18,6,6,32,115,0,1,859,1,5,60,286,0,10,126,951,20,1
0,0,252,1,2,2,18,22,0,0,14,0,0,5,30,0,0,17,42,3,2
0,0,477,7,15,26,40,111,0,1,821,5,7,90,296,0,11,86,921,54,0
0,0,190,1,3,3,15,22,0,0,16,0,0,7,22,0,0,16,38,3,2
0,0,320,3,5,5,116,108,1,0,20,3,3,120,195,0,8,129,136,18,0
0,160,3240,12,28,58,134,602,30,0,800,20,31,383,420,0,35,304,1482,341,3
0,0,318,1,3,3,20,37,0,0,16,0,0,10,26,0,0,23,47,4,2
0,0,283,3,4,4,39,87,0,1,529,1,0,23,244,0,10,40,578,11,1
0,0,56,1,0,0,1,2,0,0,9,0,0,3,21,0,0,11,24,3,1
0,0,260,1,2,2,18,22,0,0,14,0,0,5,26,0,0,17,42,3,2
0,0,56,1,0,0,1,2,0,0,9,0,0,3,21,0,0,11,24,3,1
0,0,159,1,2,2,30,59,0,0,10,0,0,7,42,0,9,27,27,3,1
0,0,439,1,2,2,215,250,0,0,16,0,0,5,33,0,0,45,46,3,1
0,0,439,1,2,2,215,253,0,0,16,0,0,5,33,0,0,45,46,3,1
0,0,511,15,11,15,37,165,1,0,957,5,2,63,416,0,10,106,1098,34,4
0,558,1318,9,2,18,122,181,19,0,159,10,5,178,161,0,3,179,495,34,3
0,0,272,3,6,6,15,58,0,1,486,1,2,46,260,0,11,70,550,13,2
0,0,27,1,0,1,16,5,1,0,10,1,0,20,29,0,0,32,41,15,3
0,0,240,1,3,3,44,85,0,0,16,0,3,30,39,0,0,86,42,7,2
0,0,57,1,0,1,82,49,1,0,10,1,0,86,21,0,0,98,107,15,3
0,0,264,1,3,3,610,249,1,0,247,0,0,387,31,0,0,469,760,3,1
0,0,383,3,5,5,74,271,0,1,1090,1,3,45,1298,0,10,82,1320,58,1
0,0,217,1,7,10,31,41,0,0,15,0,0,8,26,0,0,15,40,5,3
0,0,20,1,0,0,1,2,0,0,8,0,0,3,21,0,0,11,22,3,1
0,0,172,1,3,3,5,18,0,0,16,0,0,8,33,0,0,75,40,4,1
0,0,223,1,3,3,5,12,0,0,10,0,8,14217,56,0,0,54,37,12,1
0,0,56,1,3,3,24,28,0,0,8,0,3,12,23,0,0,25,28,7,2
0,0,593,24,0,14,67,280,16,0,118,18,2,188,151,0,4,214,328,38,3
0,0,264,1,2,2,18,22,0,0,14,0,0,5,26,0,0,17,42,3,2
0,0,56,1,3,3,24,28,0,0,8,0,3,12,23,0,0,25,28,7,2
0,8,476,6,8,9,179,217,1,2,29,2,0,67,215,0,9,236,115,23,0
0,0,124,1,3,3,51,70,0,0,14,0,4,16,23,0,0,46,48,8,2
0,0,49,1,0,0,2,2,0,0,8,0,0,3,21,0,0,9,22,3,1
0,0,115,2,3,3,2,29,0,0,9,0,1,14,57,0,0,35,28,7,1
0,0,229,3,3,3,20,35,0,1,19,1,0,22,178,0,8,25,51,10,2
0,0,111,1,2,2,27,46,0,0,14,0,0,7,35,0,0,22,41,3,1
0,0,2905,11,29,48,564,567,10,0,375,17,29,701,308,0,26,735,1154,146,3
0,0,113,1,2,2,2,8,0,0,16,0,0,5,21,0,0,21,37,3,1
0,0,53,1,3,3,24,28,0,0,8,0,1,8,23,0,0,21,26,5,2
0,0,796,16,0,6,91,223,11,2,103,14,4,186,285,0,24,134,269,55,3
0,0,119,1,2,2,49,65,0,0,14,0,0,7,23,0,0,24,41,3,2
0,0,127,1,3,3,145,22,1,0,11,0,0,113,27,0,0,155,109,3,1
0,0,25,1,0,1,16,5,1,0,10,1,0,20,21,0,0,32,41,15,3
0,0,346,3,3,3,54,73,0,1,17,1,0,20,177,0,8,30,46,10,2
2,35,920,17,20,40,315,452,9,1,89,8,22,295,99,0,6,203,298,55,4
0,0,262,1,2,2,37,41,0,0,14,0,0,5,30,0,0,17,41,3,2
0,0,190,1,2,2,36,36,0,1,11,0,0,3,22,0,1,17,26,3,3
0,0,662,4,6,12,56,114,7,1,103,2,9,91,209,0,8,112,287,39,3
1,0,699,9,0,0,320,281,1,1,23,3,5,151,217,0,8,175,161,15,4
0,0,523,6,6,7,26,156,1,1,716,2,2,62,407,0,10,107,849,28,4
4,50,1315,27,19,24,377,1005,7,4,108,14,28,446,152,0,10,435,678,60,4
0,0,323,3,6,6,16,77,0,2,469,1,5,39,244,0,11,81,530,19,2
0,0,370,4,8,8,80,352,0,1,880,1,3,56,623,0,11,91,1038,17,4
0,0,137,1,3,3,84,97,0,0,14,0,0,8,28,0,0,23,36,4,4
0,0,416,3,5,5,19,143,0,1,888,1,1,22,291,0,11,48,984,13,2
0,0,155,2,3,3,1,2,0,0,10,1,0,7,26,0,0,17,33,3,3
0,0,181,21,4,4,17,77,14,0,16,6,28,115,53,0,0,78,77,69,0
0,0,185,2,2,2,32,48,0,0,35,0,0,9,36,0,0,25,61,3,2
0,0,552,7,7,11,165,166,4,1,751,1,2,147,274,0,10,199,981,67,1
0,0,61,1,3,3,20,28,0,0,9,0,1,8,25,0,0,21,28,5,2
0,0,58,1,0,1,84,50,1,0,10,1,0,88,21,0,0,100,109,15,3
4,16,597,34,7,7,57,479,3,4,861,2,18,99,837,0,15,139,1035,37,4
0,0,93,1,2,2,14,19,0,0,14,0,0,5,21,0,0,15,34,3,2
0,0,117,1,2,2,49,65,0,0,14,0,0,7,23,0,0,24,41,3,2
0,0,254,1,2,2,18,22,0,0,14,0,0,5,26,0,0,17,42,3,2
0,0,422,3,5,5,22,141,0,1,784,1,1,22,301,0,11,49,877,13,2
0,0,390,4,5,6,36,73,0,3,18,1,0,23,185,0,9,38,62,10,3
0,0,166,3,3,3,21,32,0,1,17,1,0,20,177,0,8,28,53,10,2
2,12,740,14,9,10,432,303,1,8,31,21,41,412,53,7,3,500,523,50,4
0,0,160,1,2,2,1,5,0,0,10,0,0,13,28,0,0,26,27,19,1
0,0,190,3,4,10,44,75,0,0,14,1,0,20,57,0,4,25,61,4,4
0,0,299,4,1,3,231,106,2,0,42,6,10,501,218,0,33,344,236,96,3
0,0,692,5,0,7,93,79,2,0,5999,2,1,200,239,0,13,184,6639,14338,3
1,20,4226,33,10,12,176,437,1,5,1809,14,18,147,912,4,16,208,2043,62,4
0,0,165,2,3,3,32,56,0,0,14,0,2,18,31,0,0,31,37,6,4
0,0,16,0,0,1,0,5,0,0,748,0,0,10,12,0,0,0,770,0,3
1,6,494,6,11,15,364,143,1,2,31,3,5,308,60,1,2,403,395,14,4
0,0,264,3,5,5,17,51,0,2,572,1,3,46,267,0,10,76,638,26,1
0,0,123,2,3,3,4,5,0,0,10,1,0,6,25,0,0,17,29,3,3
0,0,123,1,3,3,124,26,1,0,11,0,0,97,27,0,0,135,99,3,1
0,0,162,1,2,2,15,25,0,0,30,0,0,5,24,0,0,21,55,3,2
0,0,249,1,2,2,18,22,0,0,14,0,0,5,26,0,0,17,42,3,2
0,0,120,1,2,2,49,65,0,0,14,0,0,7,23,0,0,24,41,3,2
0,0,16,0,0,1,0,5,0,0,732,0,0,10,12,0,0,0,755,0,3
0,0,203,1,2,2,42,55,0,0,16,0,0,5,30,0,0,28,37,3,1
0,0,748,1,6,8,21,561,1,0,64,3,1,19,72,0,0,74,147,17,3
0,0,206,1,0,0,53,14,1,0,12,0,0,59,31,0,0,81,61,25,3
0,0,1179,15,0,12,149,322,19,2,238,22,7,306,302,0,19,242,556,119,3
0,0,272,3,6,6,28,47,1,1,608,1,2,55,257,0,10,81,689,16,2
0,0,45,1,3,3,1,0,0,0,8,0,0,5,23,0,0,19,23,3,3
0,0,216,2,2,2,31,47,0,0,75,0,0,9,33,0,0,27,117,3,2
0,0,51,1,3,3,24,28,0,0,8,0,1,8,23,0,0,21,26,5,2
0,0,40,1,0,0,1,5,0,0,8,0,0,5,22,0,0,12,22,3,0
0,0,100,1,3,3,23,31,0,0,9,0,1,8,25,0,0,21,28,5,2
0,0,56,1,0,0,1,2,0,0,9,0,0,3,21,0,0,11,24,3,1
0,0,296,3,5,5,6,147,0,1,819,1,2,44,497,0,10,72,935,25,3
0,0,56,1,0,0,29,30,0,0,8,0,0,3,22,0,0,15,22,3,0
0,49,1184,13,11,14,2011,768,1,0,242,3,44,1742,127,0,8,1865,1457,61,3
0,0,331,1,4,5,6,55,1,0,64,0,0,12,31,0,0,52,139,14,1
0,0,156,1,2,2,1,5,0,0,10,0,0,13,38,0,0,26,27,19,1
0,0,411,3,6,6,17,118,0,1,743,1,7,39,275,0,12,72,829,20,2
0,0,257,1,3,3,5,12,0,0,10,0,8,13774,54,0,0,54,37,12,1
0,0,117,1,0,0,4,27,3,0,12,0,0,25,27,0,2,25,30,21,3
0,0,55,1,3,3,24,28,0,0,8,0,3,12,23,0,0,25,28,7,2
0,0,88,1,2,2,13,17,0,0,14,0,0,5,21,0,0,15,42,3,2
0,7,769,11,10,10,339,892,2,1,89,0,15,310,228,1,2,345,393,24,4
0,0,2904,12,29,48,538,563,10,0,375,18,29,681,300,0,26,711,1140,146,3
0,0,84,0,2,2,46,49,0,0,2,5,0,1,19,0,1,20,50,0,2
0,0,264,1,2,2,18,22,0,0,14,0,0,5,26,0,0,17,42,3,2
0,0,247,3,3,3,21,44,0,1,19,1,0,28,189,0,8,47,57,10,2
2,582,1755,14,15,16,36440,28287,6,3,517,11,32,16367,414,0,7,16795,35873,50,4
0,0,34,1,0,0,1,2,0,0,8,0,0,3,21,0,0,15,22,3,0
0,0,141,1,2,2,25,39,0,0,15,0,0,7,26,0,1,18,44,3,1
0,0,182,2,2,2,31,45,0,0,35,0,0,9,33,0,0,25,61,3,2
1,0,187,3,5,5,82,54,1,0,10,2,6,62,28,1,0,75,81,10,4
0,0,271,1,2,2,18,22,0,0,14,0,0,5,26,0,0,17,42,3,2
0,0,155,1,3,3,16,27,0,0,16,0,0,10,24,0,0,20,38,4,2
8,6,1616,18,12,17,408,476,3,7,89,6,61,386,119,3,0,368,508,88,4
0,0,145,1,2,2,11,61,0,0,15,0,0,33,40,0,0,50,37,3,1
0,0,255,3,7,9,34,80,0,0,25,5,3,50,44,0,0,40,72,24,0
0,0,310,1,2,2,160,180,0,0,14,0,0,5,34,0,0,35,41,3,1
0,0,662,4,6,12,56,114,7,1,103,2,9,91,209,0,8,112,287,39,3
0,0,253,1,3,3,20,37,0,0,16,0,0,10,26,0,0,23,47,4,2
0,0,74,1,2,2,32,34,0,0,8,0,0,5,23,0,0,16,23,3,2
0,0,271,3,4,4,33,80,0,1,515,1,0,23,241,0,10,36,564,11,1
0,0,146,1,3,3,16,27,0,0,16,0,0,10,24,0,0,20,38,4,2
0,0,53,1,3,3,24,28,0,0,8,0,3,12,23,0,0,25,28,7,2
0,0,321,1,2,2,28,38,0,0,14,0,0,5,22,0,0,23,43,3,0
0,0,308,3,4,4,25,80,0,1,683,1,0,23,258,0,10,390,746,11,1
0,0,194,1,0,0,43,78,0,0,15,2,0,19,34,0,0,37,42,3,0
0,0,215,2,3,3,35,51,0,1,14,0,0,19,26,0,0,48,53,4,1
0,0,255,1,2,2,43,61,0,0,15,0,0,5,27,0,0,31,44,3,2
0,0,154,1,2,2,15,25,0,0,15,0,0,5,27,0,0,21,37,3,2
0,0,239,1,2,8,31,118,0,0,45,12,0,5,72,0,17,19,92,3,1
0,0,616,3,6,21,125,151,0,2,18,0,7,39,31,0,0,51,63,44,4
0,0,198,3,0,0,70,48,1,2,13,1,0,41,176,0,8,49,49,10,0
0,160,2591,13,25,43,160,441,8,1,648,19,25,351,363,0,32,296,1143,309,3
0,0,2901,11,29,48,538,562,10,0,375,17,29,681,296,0,26,711,1140,146,3
0,0,166,1,0,0,49,55,0,2,8,0,0,3,24,0,0,27,22,3,0
0,0,145,1,2,2,25,36,0,0,15,0,0,7,26,0,0,18,44,3,1
0,0,174,2,2,2,31,45,0,0,35,0,0,9,29,0,0,21,61,3,2
0,0,432,3,5,5,19,123,0,1,921,1,1,22,281,0,10,46,1010,13,2
0,0,463,3,7,7,75,139,0,1,711,3,4,55,296,0,10,90,785,29,1
0,0,110,1,0,0,4,27,3,0,12,0,0,25,27,0,2,25,30,21,3
0,0,276,1,3,3,13,28,0,0,17,0,2,17,34,0,0,45,52,6,1
0,0,390,3,5,5,28,127,0,1,569,1,13,57,265,13,10,101,632,24,1
0,0,282,3,3,3,9,13,0,1,13,1,0,18,177,0,8,19,38,10,2
0,0,689,11,11,14,71,151,2,1,816,5,2,109,270,0,11,162,990,29,0
0,0,152,1,3,3,16,29,0,0,16,0,0,10,24,0,0,20,38,4,2
0,0,22,1,0,1,2,3,0,0,9,1,0,8,21,0,0,17,27,15,3
0,0,269,3,6,6,15,58,0,1,507,1,2,46,256,0,11,70,572,13,2
0,0,169,1,3,3,5,18,0,0,16,0,0,8,33,0,0,74,40,4,1
0,0,638,2,3,3,18,40,0,0,25,2,0,11,32,0,0,27,59,7,0
0,0,704,15,0,5,110,187,10,2,82,10,5,146,272,0,16,127,240,36,3
0,0,338,6,10,15,11,81,0,1,652,3,2,47,286,0,11,63,728,27,0
1,5,343,11,6,7,401,192,1,0,24,15,34,390,67,4,1,457,440,40,3
0,0,179,3,3,3,19,33,0,1,17,1,0,22,182,0,8,29,53,10,2
0,0,52,1,3,3,24,28,0,0,8,0,3,12,23,0,0,25,28,7,2
0,0,1503,7,24,33,94,285,5,0,187,6,8,210,241,0,15,276,447,74,3
0,0,119,1,2,2,49,65,0,0,14,0,0,7,23,0,1,24,41,3,2
0,0,450,1,2,2,139,179,0,0,16,0,0,5,33,0,0,49,48,3,1
0,0,43,1,0,0,2,3,0,0,8,0,0,3,21,0,0,17,22,5,4
0,0,279,3,6,6,28,47,1,1,676,1,2,55,265,0,10,81,758,16,2
2,21,616,20,12,13,215,217,4,3,67,23,44,339,82,3,4,305,392,55,4
0,0,280,4,0,0,53,61,1,0,20,7,2,93,193,0,10,91,97,26,3
0,123,727,19,9,11,195,308,1,3,108,5,5,163,300,1,16,265,232,20,4
0,0,57,1,0,1,82,49,1,0,10,1,0,86,21,0,0,98,107,15,3
0,0,139,1,2,2,12,20,0,0,15,0,0,7,23,0,0,20,36,3,2
0,0,141,1,3,3,1,8,0,0,9,0,4,14,29,0,0,35,34,8,3
0,0,330,1,4,5,6,55,1,0,64,0,0,12,31,0,0,52,139,14,1
0,0,346,2,0,0,499,311,5,0,28,4,13,561,128,0,7,711,374,127,3
0,0,485,3,5,5,19,138,0,1,745,1,1,22,290,0,11,48,836,13,2
0,0,57,1,3,3,24,28,0,0,8,0,3,12,23,0,0,25,28,7,2
0,0,139,1,2,2,2,6,0,1,8,0,0,5,22,1,0,16,23,3,4
0,0,506,1,5,6,43,103,2,0,71,2,2,58,41,0,0,97,189,55,0
0,0,54,1,3,3,24,28,0,0,8,0,3,12,23,0,0,25,28,7,2
2,20,719,9,11,12,215,182,4,2,61,8,24,250,69,0,3,209,294,33,4
0,77,1528,2,10,14,153,160,1,2,29,0,1,49,30,0,0,85,101,37,4
0,0,264,1,3,3,546,253,1,0,252,0,0,359,31,0,0,424,721,3,1
0,0,430,5,4,6,47,186,2,2,36,2,1,76,245,0,8,136,94,16,0
0,0,284,3,3,3,9,13,0,1,13,1,0,18,177,0,8,19,38,10,2
0,0,204,1,3,3,6,25,0,0,10,0,13,15116,58,0,0,59,42,17,1
0,0,54,1,3,3,24,28,0,0,8,0,3,12,23,0,0,25,28,7,2
0,0,122,1,2,2,17,25,0,0,14,0,0,7,25,0,0,18,34,3,2
0,0,512,3,5,5,19,139,0,1,782,1,1,22,290,0,11,48,874,13,2
0,0,1651,28,9,12,223,276,3,1,69,6,7,163,227,0,11,204,284,26,3
0,0,389,3,6,6,17,116,0,1,707,1,7,39,273,0,11,72,792,20,2
0,0,285,1,3,3,29,39,0,0,15,0,0,73,59,0,0,79,44,3,1
2,17,790,7,11,13,116,155,4,1,56,9,18,96,70,1,2,114,199,28,4
0,0,285,3,5,5,7,146,0,1,820,1,2,44,493,0,10,72,933,25,3
0,0,261,1,3,4,2,45,1,0,58,0,0,14,39,0,9,41,125,14,1
0,0,1700,4279,11,28,613,1049,8,3,571,0,7,507,126,0,0,1203,1010,80,0
0,0,194,1,0,0,3,34,0,0,17,0,0,32,31,0,0,83,41,13,3
1,6,1136,15,8,9,42,224,1,1,1467,6,9,83,578,0,12,132,1639,37,4
0,9,780,8,4,17,156,229,2,0,49,5,1,58,61,0,2,67,117,14,4
0,0,614,10,1,3,6,87,9,0,80,5,0,35,35,0,0,50,168,44,3
0,0,214,2,2,2,31,47,0,0,75,0,0,9,37,0,0,27,117,3,2
0,0,277,2,5,5,145,157,1,2,16,1,0,34,33,0,0,85,72,6,0
0,0,379,3,9,9,55,195,0,2,1472,1,2,63,1220,0,10,103,1655,28,3
0,0,747,1,6,8,21,568,1,0,64,3,1,19,68,0,0,74,147,17,3
0,0,59,1,3,3,31,35,0,0,8,0,3,12,23,0,0,25,28,7,2
0,0,308,3,7,7,6,71,0,1,1480,1,2,45,273,0,11,63,1648,16,1
0,0,92,1,3,3,26,33,0,0,10,0,3,12,24,0,0,33,32,7,2
0,0,150,1,3,3,1,6,0,0,35,0,0,6,28,0,0,33,59,4,1
1,7,707,12,7,7,239,154,1,1,23,6,7,187,203,0,8,281,199,18,4
0,0,86,2,3,3,26,39,0,0,10,0,3,17,26,0,0,37,33,8,2
0,0,271,20,18,95,40,72,3,1,37,17,9,155,34,0,0,181,104,15,3
0,0,300,3,6,6,6,18,0,2,17,1,0,27,177,0,8,22,45,10,3
0,0,350,3,3,3,9,13,0,1,13,1,0,18,177,0,8,19,37,10,2
0,0,356,4,12,16,118,180,1,0,34,5,18,150,67,0,0,111,120,38,0
0,0,89,1,3,3,26,33,0,0,10,0,3,12,24,0,0,33,32,7,2
0,0,56,1,0,0,1,2,0,0,9,0,0,3,21,0,0,11,24,3,1
0,0,350,3,3,3,9,14,0,1,14,1,0,18,177,0,8,19,40,10,2
0,0,153,1,3,3,16,27,0,0,16,0,0,10,24,0,0,20,38,4,2
0,0,295,3,5,5,7,146,0,1,748,1,2,44,492,0,10,72,859,25,3
0,0,887,3,8,10,50,162,2,0,128,1,10,47,40,0,0,90,278,37,3
0,0,225,2,6,8,36,54,0,2,16,0,0,6,22,0,0,21,53,3,3
0,0,214,1,3,3,6,25,0,0,10,0,13,14148,56,0,0,59,42,17,1
0,0,247,1,2,2,43,61,0,0,15,0,0,5,27,0,0,31,44,3,2
2,60,532,13,16,18,58,74,3,1,32,8,21,125,53,2,1,106,147,31,4
0,0,90,2,3,3,28,41,0,0,10,0,2,15,26,0,0,35,32,7,2
1,50,1655,25,30,39,194,361,3,8,62,32,33,264,146,0,8,219,290,64,4
0,0,217,4,4,4,133,235,0,0,82,0,23,62,57,0,2,168,163,45,1
0,0,55,1,0,1,82,49,1,0,10,1,0,86,21,0,0,98,107,15,3
0,0,361,3,6,6,58,211,0,1,942,1,5,54,675,0,10,152,1086,98,3
5,26,1175,25,19,23,233,431,6,7,741,16,59,505,969,0,18,390,1179,141,4
0,0,325,6,4,4,27,98,0,1,566,1,8,58,246,0,10,71,632,21,0
0,0,377,24,10,12,108,173,1,0,19,12,16,88,61,0,0,97,95,30,0
0,0,51,1,3,3,24,28,0,0,8,0,1,8,23,0,0,21,26,5,2
0,0,487,1,3,4,2,43,1,0,58,0,0,14,39,0,9,41,125,14,1
0,0,53,1,3,3,24,28,0,0,8,0,1,8,23,0,0,21,26,5,2
0,0,405,5,1,2,72,102,5,0,37,4,2,181,221,0,16,190,133,54,3
0,0,90,1,3,3,26,33,0,0,10,0,3,12,24,0,0,33,32,7,2
0,0,56,1,0,0,1,2,0,0,9,0,0,3,21,0,0,11,24,3,1
0,0,298,3,3,3,30,44,0,1,17,1,0,20,177,0,8,20,45,10,2
0,0,331,4,11,13,40,79,0,3,673,1,3,43,255,0,10,69,748,19,3
0,0,766,3,2,3,67,154,1,2,80,3,0,10,44,0,0,63,163,11,3
0,0,324,3,6,6,16,75,0,2,447,1,5,39,248,0,11,81,507,19,2
0,0,48,1,0,1,56,36,1,0,10,1,0,60,21,0,0,72,81,15,3
0,0,145,2,3,3,4,5,0,0,10,1,0,6,27,0,0,17,30,3,3
0,0,540,3,1,1,51,75,0,3,17,1,0,21,185,0,8,38,55,12,4
0,49,328,7,8,11,116,316,1,0,142,4,12,180,113,0,0,475,245,26,0
0,0,209,1,3,3,6,25,0,0,10,0,13,14357,58,0,0,59,42,17,1
1,5,724,24,6,6,384,364,1,15,26,26,32,239,199,4,9,335,318,45,4
0,0,679,1,5,6,22,27,1,0,17,3,0,18,23,0,0,2521,58,6,0
0,0,119,1,2,2,17,25,0,0,14,0,0,7,25,0,0,18,34,3,2
0,0,276,5,2,6,27,88,4,2,47,2,0,19,42,0,0,32,116,3,0
0,0,154,1,2,2,15,25,0,0,15,0,0,5,27,0,0,21,37,3,2
0,0,35,1,0,0,1,2,0,0,8,0,0,3,21,0,0,11,22,3,4
0,0,91,0,2,2,44,48,0,0,2,5,0,1,7,0,1,20,50,0,2
3,18,433,13,11,12,133,154,4,0,56,11,17,106,65,0,3,130,201,25,4
0,0,397,3,6,6,17,118,0,1,709,1,7,39,288,0,11,72,793,20,2
0,0,337,1,2,2,159,211,0,0,21,0,0,5,33,0,0,45,60,3,1
0,0,362,4,5,5,80,138,0,1,24,3,28,100,215,0,8,101,165,46,0
0,0,157,1,2,2,15,27,0,0,15,0,0,5,27,0,0,21,37,3,2
0,0,250,4,0,0,53,61,1,0,20,7,2,93,201,0,10,91,97,26,3
0,0,63,1,3,3,36,43,0,0,10,0,2,10,24,0,0,29,31,6,2
0,0,263,1,2,2,18,22,0,0,14,0,0,5,30,0,0,17,42,3,2
0,0,195,3,3,3,9,55,0,1,580,1,0,22,248,0,11,21,632,10,2
0,0,420,5,0,3,73,104,5,0,38,4,2,188,221,0,16,194,138,67,3
0,0,149,1,3,3,1,6,0,0,35,0,0,6,28,0,0,33,59,4,1
0,0,186,2,3,3,18,40,0,0,25,2,0,11,32,0,0,27,59,7,0
0,0,371,7,7,7,67,98,1,1,20,6,3,93,209,0,8,95,96,30,1
0,0,74,1,2,2,12,15,0,0,8,0,0,5,23,0,0,16,24,3,0
0,1,583,10,23,53,499,253,2,1,24,1,11,649,91,0,0,542,498,87,3
0,0,170,1,3,3,5,18,0,0,16,0,0,8,33,0,0,74,40,4,1
0,0,582,11,5,19,63,283,14,5,127,17,7,91,114,0,0,142,319,23,0
0,0,357,5,5,7,20,93,2,2,599,3,2,53,273,0,10,75,682,19,0
0,0,156,2,3,3,1,2,0,0,10,1,0,7,26,0,0,17,33,3,3
0,0,1529,5,9,14,19,173,5,0,291,2,3,140,58,0,1,210,480,70,3
0,0,235,1,3,3,20,40,0,0,16,0,1,15,31,0,0,29,49,6,2
2,56,2211,33,22,32,215,333,8,6,149,26,40,295,356,9,13,243,429,77,4
0,0,51,1,3,3,24,28,0,0,8,0,1,8,23,0,0,21,26,5,2
0,0,601,90,0,9,795,573,10,0,67,10,98,1072,218,3,7,876,889,186,3
0,0,469,3,5,5,25,172,0,2,935,1,1,22,310,0,10,55,1032,13,2
0,0,111,1,2,2,27,46,0,0,14,0,0,7,31,0,0,22,41,3,1
0,0,156,1,2,2,15,27,0,0,15,0,0,5,27,0,0,21,37,3,2
0,0,455,2,4,5,6,97,1,0,179,0,0,11,58,0,0,49,278,12,1
0,0,234,2,3,95,1,192,1,0,145,0,0,279,310,0,0,189,359,904,0
0,0,268,1,2,2,18,22,0,0,14,0,0,5,30,0,0,17,42,3,2
0,0,402,3,6,6,17,113,0,1,763,1,7,39,281,0,11,72,849,20,2
0,0,530,11,0,2,9,59,0,0,26,8,7,56,38,0,0,39,74,16,1
0,0,183,2,2,2,32,48,0,0,35,0,0,9,28,0,0,25,61,3,2
0,0,233,3,10,14,20,30,1,2,19,1,1,36,42,0,0,56,66,7,3
0,0,214,1,3,3,5,12,0,0,10,0,7,22,52,0,0,53,36,11,1
0,0,374,3,6,6,76,246,0,1,970,1,1,51,1434,0,11,154,1183,22,3
0,0,31,1,3,3,1,0,0,0,8,0,0,5,23,0,6,19,23,3,3
0,0,281,1,2,2,68,74,0,1,14,0,0,5,30,0,0,13,42,3,3
0,0,88,2,3,3,26,40,0,0,10,0,3,17,26,0,0,37,33,8,2
0,0,1274,24,21,29,178,167,19,0,136,3,18,356,135,1,1,264,485,44,3
0,0,153,1,2,2,11,61,0,0,15,0,0,33,48,0,0,50,37,3,1
0,0,55,1,3,3,24,28,0,0,8,0,3,12,23,0,0,25,28,7,2
0,0,252,1,2,2,43,63,0,0,15,0,0,5,27,0,0,31,44,3,2
0,0,890,1,13,18,1930,455,1,18,56,45,13,223,134,0,23,281,232,41,0
1,0,706,8,5,5,422,403,1,12,39,1,25,138,193,0,8,164,160,44,4
0,0,95,1,3,3,4,12,0,0,14,0,4,14,24,0,0,28,37,8,2
0,160,3973,12,36,66,420,686,12,0,494,23,42,977,345,0,57,719,1372,416,3
0,0,2894,11,29,48,538,565,10,0,375,18,29,681,296,0,26,711,1140,146,3
0,0,219,1,3,3,5,12,0,0,10,0,7,22,52,0,0,53,36,11,1
0,0,95,1,2,2,13,18,0,0,14,0,0,5,22,0,0,17,42,3,2
0,0,217,1,3,3,6,25,0,0,10,0,13,14247,60,0,0,59,42,17,1
0,0,52,1,3,3,24,28,0,0,8,0,1,8,23,0,0,21,26,5,2
0,10,1664,10,19,126,325,252,1,4,87,6,3,200,245,1,13,184,262,191,4
0,0,292,3,5,5,6,150,0,1,712,1,2,44,497,0,10,72,824,25,3
0,0,461,3,5,5,19,143,0,1,896,1,1,22,301,0,11,48,990,13,2
0,0,606,15,7,8,83,219,2,0,1093,5,3,94,449,0,10,146,1257,29,4
1,3,1264,103,11,17,475,789,3,22,1521,46,7,241,1333,0,13,365,1964,37,4
0,0,877,3,5,5,19,119,0,1,735,1,1,22,281,0,10,38,818,13,2
0,0,51,1,3,3,24,28,0,0,8,0,1,8,23,0,0,21,26,5,2
3,24,649,19,15,25,207,257,6,5,78,14,20,329,107,2,4,270,348,45,4
0,0,39,2,4,5,2,8,0,0,8,0,0,5,32,0,0,21,27,5,1
0,0,141,2,3,3,4,5,0,0,10,1,0,6,26,0,0,17,29,3,3
0,0,594,21,0,14,58,269,16,0,118,17,2,170,143,0,5,197,319,38,3
0,0,96,1,0,0,4,17,0,0,15,1,0,11,23,0,0,20,41,3,0
0,0,52,1,3,3,24,28,0,0,8,0,1,8,23,0,0,21,26,5,2
0,2,602,1,5,11,74,103,7,1,109,0,15,96,48,0,1,140,296,36,3
0,0,156,3,12,21,8,34,0,0,17,1,4,29,32,0,0,33,49,8,4
0,8,1243,41,12,44,585,876,33,0,19576,1185,17,495,179,0,1,685,25145,78,4
3,23,1438,26,12,13,248,318,7,6,69,23,24,187,78,0,4,219,288,39,4
0,0,49,1,3,3,24,28,0,0,8,0,1,8,23,0,0,21,26,5,2
0,0,939,3,5,5,19,133,0,1,701,1,1,22,284,0,10,38,784,13,2
0,0,384,3,4,4,36,126,0,1,704,1,0,23,270,0,11,28,766,11,2
0,0,296,3,5,5,6,150,0,1,784,1,2,44,496,0,10,72,898,25,3
0,0,375,5,4,10,58,160,6,0,63,4,2,62,73,0,0,100,188,14,0
0,0,262,1,2,2,18,22,0,0,14,0,0,5,30,0,0,17,42,3,2
0,0,89,1,2,2,23,27,0,0,8,0,0,5,22,0,0,16,23,3,4
0,0,709,5,9,17,28,152,18,0,216,13,7,55,72,0,3,86,390,60,3
1,12,871,18,19,20,524,772,5,6,117,17,21,410,1255,0,13,495,543,41,4
0,0,296,3,3,3,9,13,0,1,13,1,0,18,177,0,8,19,38,10,2
0,0,261,1,2,2,18,22,0,0,14,0,0,5,26,0,0,17,42,3,2
0,0,52,1,3,3,24,28,0,0,8,0,1,8,23,0,0,21,26,5,2
0,0,140,1,2,2,4,5,0,0,8,0,0,3,22,0,0,15,23,3,2
0,0,154,1,3,3,34,47,0,0,14,0,0,34,28,0,0,22,44,4,1
2,13,699,7,9,26,586,219,4,5,58,7,3,443,55,1,4,592,600,20,4
0,7,24020,11,18,24,175,821,1,7,803,6,9,1393,1576,3,13,2020,1077,57,4
2,19,936,8,11,13,350,292,5,2,73,16,64,285,99,0,4,293,367,70,4
0,0,269,3,6,6,15,58,0,1,526,1,2,46,249,0,11,70,592,13,2
0,0,948,5,11,13,15,245,2,1,908,2,12,84,505,0,10,137,1148,59,3
0,0,267,2,6,7,28,40,1,2,13,4,0,33,60,0,0,40,58,9,0
0,0,184,3,4,4,19,38,0,1,17,1,0,25,179,0,8,39,55,11,2
0,0,113,2,3,3,2,29,0,0,9,0,1,14,57,0,0,35,28,7,1
0,0,2102,8,31,49,7,279,4,4,749,9,2,83,446,0,10,352,921,36,4
0,0,418,3,5,5,19,140,0,1,897,1,1,22,301,0,11,48,991,13,2
0,0,224,1,2,2,23,37,0,0,14,0,0,5,26,0,0,27,42,3,2
3,12,596,19,9,9,275,202,1,1,40,28,20,264,62,3,2,353,373,27,4
0,160,2997,13,29,49,149,502,10,1,562,21,29,387,337,0,33,316,1117,338,3
0,0,156,2,3,3,1,2,0,0,10,1,0,7,26,0,0,17,33,3,3
0,0,480,5449,13,15,63,192,1,1,1677,3,6,183,331,0,13,176,1844,97,0
0,0,149,1,2,2,16,24,0,0,17,0,0,5,25,0,0,15,46,3,3
1,21,2226,4,11,14,234,282,5,7,69,3,32,239,65,1,3,287,274,45,4
0,0,349,3,3,3,9,13,0,1,13,1,0,18,177,0,8,19,37,10,2
0,29,893,3,6,6,214,761,0,2,1330,1,5,73,1938,0,16,211,1587,50,4
0,0,123,1,2,2,1,18,0,0,10,0,0,3,28,0,0,21,27,3,1
0,0,419,1,2,2,154,188,0,0,16,0,0,5,29,0,0,37,46,3,1
0,0,173,2,4,4,13,34,0,0,16,1,0,11,27,0,0,24,39,3,1
0,0,54,1,3,3,24,28,0,0,8,0,3,12,23,0,0,25,28,7,2
0,0,167,1,0,1,109,50,1,0,14,1,0,103,32,0,5,203,100,25,3
0,0,254,1,2,2,43,65,0,0,15,0,0,5,27,0,0,31,44,3,2
0,0,277,9,8,17,827,160,1,0,16,8,10,630,65,0,0,865,779,48,3
0,0,269,3,6,6,15,57,0,1,508,1,2,46,256,0,11,70,573,13,2
0,0,183,1,3,3,46,62,0,0,15,2,0,8,27,0,0,23,46,4,3
0,0,155,3,2,4,37,81,2,0,31,0,0,17,37,0,0,32,79,3,0
0,0,51,1,3,3,21,25,0,0,8,0,1,8,23,0,0,21,26,5,2
0,0,2893,11,28,47,551,564,10,0,375,18,25,695,296,0,38,729,1139,140,3
0,0,55,1,3,3,24,28,0,0,8,0,3,12,23,0,0,25,28,7,2
0,0,310,4,5,5,31,100,0,1,23,6,2,55,213,0,8,66,74,20,0
1,5,1092,12,0,1,136,150,6,0,186,68,4,199,139,3,1,278,368,26,3
0,231,2022,18,3,5,294,221,1,1,131,7,7,280,108,0,0,382,332,24,4
0,0,252,3,8,8,69,109,0,0,15,0,0,22,33,0,0,37,58,7,3
2,13,1488,23,8,8,466,472,1,6,125,10,42,268,227,3,3,326,394,39,4
0,0,325,4,2,4,230,105,2,0,38,5,6,480,218,0,29,327,228,93,3
0,0,157,1,3,3,16,31,0,0,16,0,0,10,24,0,1,20,38,4,2
0,0,135,1,2,2,11,61,0,0,15,0,0,33,40,0,0,50,37,3,1
0,0,155,1,2,2,15,27,0,0,15,0,0,5,27,0,0,21,37,3,2
0,0,250,1,3,3,44,85,0,0,16,0,3,30,39,0,0,86,42,7,2
0,26,471,5,3,5,51,175,0,1,892,6,6,173,320,0,11,113,1019,121,0
0,0,172,1,0,0,52,57,0,0,9,0,0,7,23,0,0,14,23,3,0
0,0,1083,14,15,20,85,286,3,1,124,10,5,134,253,0,8,137,327,85,0
0,0,2757,11,12,28,287,159,3,0,116,4,22,341,75,0,0,422,469,88,1
1,14,894,76,21,25,142,440,4,0,54,26,18,122,212,0,2,112,202,28,4
0,0,59,1,0,0,1,2,0,0,9,0,0,3,21,0,0,11,24,3,1
0,0,56,1,0,0,1,2,0,0,9,0,0,3,21,0,0,11,24,3,1
0,0,261,1,2,2,18,22,0,0,14,0,0,5,26,0,0,17,42,3,2
0,0,57,1,2,2,25,26,0,0,8,0,0,3,22,0,0,31,23,3,3
0,0,369,3,5,5,18,120,0,1,869,1,1,24,314,0,11,37,948,13,2
0,0,108,1,2,2,28,48,0,0,14,0,0,7,27,0,0,22,41,3,1
0,5,320,2,3,3,94,118,0,0,22,0,7,25,36,0,1,51,54,11,4
0,0,55,1,3,3,24,28,0,0,8,0,3,12,23,0,0,25,28,7,2
0,0,54,1,3,3,24,28,0,0,8,0,3,12,23,0,0,25,28,7,2
0,0,113,1,2,2,2,8,0,0,16,0,0,5,21,0,0,21,37,3,1
0,0,156,1,2,2,15,26,0,0,15,0,0,5,27,0,0,21,37,3,2
0,0,51,1,3,3,24,28,0,0,8,0,1,8,23,0,0,21,26,5,2
0,0,60,1,0,1,88,52,1,0,10,1,0,92,25,0,0,104,113,15,3
0,0,386,3,6,6,17,113,0,1,762,1,7,39,282,0,11,72,848,20,2
0,0,441,1,2,2,139,180,0,0,26,0,0,5,29,0,0,49,60,3,1
1,5,13395,9,6,6,161,109,1,0,20,10,12,163,47,2,1,228,242,17,4
0,5,730,4,13,14,114,92,1,2,22,0,0,69,50,0,0,114,113,13,4
0,0,51,1,3,3,24,28,0,0,8,0,1,8,23,0,0,21,26,5,2
0,0,340,1,4,5,6,55,1,0,65,0,0,12,31,0,0,55,141,14,1
0,0,291,3,3,3,9,13,0,1,13,1,0,18,177,0,8,19,38,10,2
0,0,56,1,3,3,24,28,0,0,8,0,2,10,23,0,0,29,27,6,2
0,0,169,1,3,3,5,18,0,0,16,0,0,8,33,0,0,74,40,4,1
0,0,88,1,2,2,21,26,0,0,14,0,0,5,23,0,0,15,34,3,2
0,0,87,1,0,2,70,48,1,0,10,0,0,76,21,0,0,86,95,16,3
0,0,16,0,0,1,0,5,0,0,223,0,0,3,5,0,0,0,239,0,3
0,0,265,1,2,2,18,22,0,0,14,0,0,5,26,0,0,17,42,3,2
0,0,414,907,7,7,165,279,0,2,899,1,2,58,528,0,10,102,1010,23,2
0,0,143,1,2,2,25,39,0,0,15,0,0,7,26,0,0,18,44,3,1
0,0,37,1,3,3,7,11,0,0,8,0,1,8,22,0,0,18,26,5,2
0,0,266,1,2,2,18,22,0,0,14,0,0,5,26,0,0,17,42,3,2
0,58,488,5,5,7,203,209,1,2,1005,1,6,150,372,0,11,398,1190,19,1
0,0,316,4,3,3,37,54,0,1,18,1,0,20,182,0,9,30,55,10,3
0,0,295,1,3,3,1,332,0,0,548,0,2,63,242,0,1,78,678,6,1
0,0,217,4,4,4,69,97,0,0,15,3,14,52,35,0,0,44,64,21,0
0,0,56,1,0,0,1,2,0,0,9,0,0,3,21,0,0,11,24,3,1
0,65,489,5,5,7,203,209,1,2,977,1,6,150,378,0,11,397,1161,19,1
0,0,309,3,5,5,6,146,0,1,748,1,2,44,496,0,10,72,861,25,3
0,0,39,1,0,0,1,2,0,0,8,0,0,3,21,0,0,11,22,3,0
0,0,54,1,3,3,24,28,0,0,8,0,3,12,23,0,0,25,28,7,2
0,0,85,1,2,3,1,3,0,0,10170,0,0,3,31,0,0,9,10322,9028,4
0,0,55,1,3,3,24,28,0,0,8,0,3,12,23,0,0,25,28,7,2
0,0,58,1,0,0,1,2,0,0,9,0,0,3,21,0,0,11,24,3,1
0,0,353,3,4,4,36,127,0,1,650,1,0,23,266,0,11,28,712,11,2
0,0,120,1,2,2,20,42,0,0,14,0,0,11,25,0,0,28,42,3,2
0,0,59,1,3,3,31,35,0,0,8,0,3,12,23,0,0,25,28,7,2
0,0,464,3,5,5,19,117,0,1,746,1,1,22,281,0,10,46,830,13,2
0,0,86,2,3,3,26,39,0,0,10,0,3,17,26,0,0,43,33,8,2
0,0,33,1,2,2,2,4,0,0,8,0,0,3,22,0,0,15,24,3,1
0,0,371,6,5,9,27,129,4,1,49,11,5,49,69,0,0,75,144,17,0
0,0,58,1,3,3,1,3,0,0,10,0,0,8,21,0,0,18,26,3,3
0,0,145,1,2,2,25,36,0,0,15,0,0,7,26,0,0,18,44,3,1
0,2,400,7,8,10,48,124,1,3,502,10,1,59,247,0,10,56,599,20,0
0,0,284,4,4,5,2,26,5,0,26,3,0,6,28,0,0,9,55,7,3
0,0,288,3,5,5,7,144,0,1,748,1,2,44,499,0,10,72,859,25,3
0,0,209,1,3,3,11,16,0,0,16,0,0,131,55,0,0,75,45,3,1
0,0,653,3,6,6,117,141,0,3,14,0,2,16,24,0,0,31,52,6,4
0,0,838,10,7,9,59,178,3,0,120,4,6,77,53,0,1,125,280,39,0
0,0,478,1,3,3,102,112,1,2,16,0,0,33,34,0,0,80,83,3,0
0,0,199,4,6,8,1,21,0,0,10,3,1,29,39,0,0,30,35,6,1
3,56,994,60,19,31,19090,508,5,5,174,22,101,1220,449,0,15,1146,1208,136,4
0,6,2207,56,16,45,923,802,16,0,1296,14,141,1757,417,0,28,1854,2850,219,3
0,0,121,1,3,3,22,32,0,0,15,0,0,8,23,0,0,23,45,4,1
0,0,225,2,3,3,116,79,1,0,15,1,0,41,26,0,0,69,82,3,4
0,0,902,1,4,4,446,539,0,0,91,0,3,22,37,0,0,286,131,7,3
0,0,211,1,3,3,5,12,0,0,10,0,8,13989,54,0,0,54,37,12,1
0,0,57,1,0,1,82,49,1,0,10,1,0,86,21,0,0,98,107,15,3
0,0,51,1,3,3,24,28,0,0,8,0,1,8,23,0,0,21,26,5,2
0,16,1120,105,17,21,229,423,7,2,175,99,14,207,514,0,13,260,426,66,4
0,0,35,1,0,0,1,2,0,0,8,0,0,3,21,0,0,11,22,3,0
0,0,170,1,3,3,5,18,0,0,16,0,0,8,33,0,0,74,40,4,1
0,0,286,3,5,5,6,151,0,1,748,1,2,44,493,0,10,72,861,25,3
0,0,206,2,3,3,112,120,1,0,11,0,0,87,62,0,7,133,94,3,1
0,0,46,1,0,1,56,36,1,0,10,1,0,60,21,0,0,72,81,15,3
0,0,602,5,8,15,101,274,0,2,646,1,7,99,336,0,12,149,759,33,1
0,0,2866,3,6,6,10,57,0,1,578,1,2,43,361,0,11,75,646,19,4
3,79,2954,21,27,29,203,297,6,3,106,9,22,275,128,5,10,228,316,52,4
0,0,487,15,7,7,133,141,1,2,16,6,0,80,60,0,0,94,84,3,4
0,0,239,1,3,3,365,68,1,0,17,0,0,267,38,0,0,355,229,3,1
0,0,134,1,2,2,11,61,0,0,15,0,0,33,40,0,0,50,37,3,1
0,0,310,1,2,2,160,180,0,0,14,0,0,5,26,0,0,35,41,3,1
0,0,571,3,5,5,19,145,0,1,712,1,1,22,289,0,11,48,802,13,2
0,0,161,1,2,2,15,25,0,0,30,0,0,5,24,0,0,21,55,3,2
0,0,745,1,6,8,21,582,1,0,64,3,1,19,64,0,0,74,147,17,3
0,0,157,2,3,3,1,2,0,0,10,1,0,7,26,0,0,17,33,3,3
3,21,653,11,8,9,280,250,1,6,769,1,11,253,245,0,10,259,1041,26,4
2,16,4209,39,22,28,613,636,22,7,139,17,42,499,232,2,3,519,805,124,4
0,0,329,3,7,7,74,328,0,1,1298,1,2,48,575,0,11,80,1457,40,4
0,0,299,3,3,3,9,14,0,1,14,1,0,18,177,0,8,19,40,10,2
0,0,273,1,2,2,18,22,0,0,14,0,0,5,26,0,0,17,42,3,2
0,0,51,1,3,3,24,28,0,0,8,0,1,8,23,0,0,21,26,5,2
0,0,121,1,3,3,34,59,0,0,14,0,0,14,28,0,0,31,45,4,2
0,0,477,1,0,0,9,28,0,0,27,1,0,10,22,0,0,25,58,15,4
0,0,108,2,3,4,8,18,0,0,15,0,0,6,31,0,0,19,45,3,2
0,0,812,4,5,4,1591,337,1,0,21,0,2,1102,38,1,0,1361,834,9,4
0,0,16,0,0,1,0,5,0,0,726,0,0,10,12,0,0,0,748,0,3
0,0,51,1,3,3,24,28,0,0,8,0,1,8,23,0,0,21,26,5,2
0,0,217,1,4,4,107,162,1,0,37,0,1,49,29,0,0,178,82,5,1
0,0,159,1,2,2,15,27,0,0,15,0,0,5,31,0,0,21,37,3,2
0,0,255,1,3,3,63,108,0,0,15,0,0,14,41,0,1,60,45,4,1
0,3,602,1,5,11,74,103,7,1,109,0,15,96,44,0,1,140,296,36,3
0,0,272,3,6,6,15,58,0,1,486,1,2,46,263,0,11,70,550,13,2
0,0,685,5464,4,4,97,93,1,0,16,0,1,68,46,0,0,88,104,7,0
0,0,58,1,3,3,24,28,0,0,8,0,2,10,23,0,0,23,27,6,2
0,0,236,1,2,2,18,22,0,0,14,0,0,5,26,0,0,17,42,3,2
0,0,213,2,3,3,35,51,0,1,14,0,0,19,26,0,0,48,53,4,1
0,0,93,1,3,3,26,33,0,0,10,0,3,12,24,0,0,33,32,7,2
0,0,85,2,3,3,22,35,0,0,10,0,2,15,26,0,0,41,32,7,2
0,0,299,4,7,7,24,62,0,1,530,3,1,27,251,0,10,41,592,16,0
0,0,27,1,0,1,16,5,1,0,10,1,0,20,21,0,0,32,41,15,3
0,0,119,1,2,2,49,65,0,0,14,0,0,7,23,0,0,24,41,3,2
1,4,504,13,7,8,48,91,0,0,22,10,7,65,43,0,1,51,67,25,4
1,19,857,22,10,11,171,306,2,2,1252,19,6,189,628,2,14,269,1545,40,4
0,0,53,1,3,3,24,28,0,0,8,0,3,12,23,0,0,25,28,7,2
0,0,474,1,2,28,11,214,9,0,85,0,0,14,112,0,0,47,263,12,1
0,0,452,1,3,3,6,71,0,0,21,0,4,16,36,0,0,37,50,8,1
0,0,162,3,2,4,4,30,2,0,30,0,0,7,36,0,0,17,67,3,0
0,160,2942,12,29,49,149,503,10,1,556,21,29,387,334,0,32,316,1111,338,3
0,0,445,5,12,14,42,153,0,3,730,1,3,52,607,0,10,91,860,16,3
0,0,630,3,2,2,49,71,1,0,67,2,0,43,212,0,10,58,127,22,4
0,0,98,1,2,2,21,30,0,0,14,0,0,5,26,0,0,19,40,3,0
0,0,121,1,2,2,49,65,0,0,14,0,0,7,27,0,0,24,41,3,2
0,0,204,2,2,2,29,55,0,0,15,2,0,13,30,0,0,30,36,5,3
0,0,59,1,3,3,24,28,0,0,8,0,3,12,23,0,0,25,28,7,2
0,0,108,1,2,2,27,46,0,0,14,0,0,7,27,0,0,22,41,3,1
0,0,119,1,2,2,49,65,0,0,14,0,0,7,23,0,0,24,41,3,2
0,0,114,2,3,3,2,29,0,0,9,0,1,14,58,0,0,35,28,7,1
0,0,251,1,2,2,18,22,0,0,14,0,0,5,26,0,0,17,42,3,2
0,0,275,2,4,4,5,59,0,0,126,0,0,10,55,0,0,33,173,4,1
0,0,170,1,3,3,5,18,0,0,16,0,0,8,33,0,0,74,40,4,1
0,0,89,1,2,2,21,29,0,0,14,0,0,7,24,0,0,16,34,3,2
0,0,417,5,1,2,72,102,5,0,45,5,2,179,225,0,23,190,143,54,3
0,0,76,1,3,3,20,28,0,0,9,0,1,8,25,0,0,21,28,5,2
0,0,132,1,3,3,34,47,0,0,14,0,0,34,28,0,0,22,44,4,1
2,13,766,14,9,10,434,305,1,8,31,20,42,416,53,7,3,507,526,51,4
0,0,54,1,3,3,24,28,0,0,8,0,3,12,23,0,0,25,28,7,2
2,37,1211,70,18,22,176,205,4,4,88,7,63,376,91,0,8,269,480,128,4
0,0,388,3,6,6,16,110,0,1,673,1,7,39,272,0,11,72,755,20,2
0,0,419,3,5,5,19,138,0,1,781,1,1,22,290,0,11,48,874,13,2
0,0,53,1,3,3,24,28,0,0,8,0,3,12,23,0,0,25,28,7,2
0,0,56,1,3,3,24,28,0,0,8,0,2,10,23,0,0,23,27,6,2
0,0,119,1,2,2,49,65,0,0,14,0,0,7,27,0,0,24,41,3,2
0,0,360,3,4,4,36,126,0,1,719,1,0,23,265,0,11,28,783,11,2
0,0,51,1,3,3,24,28,0,0,8,0,1,8,23,0,0,21,26,5,2
0,0,55,1,3,3,24,28,0,0,8,0,3,12,23,0,0,25,28,7,2
0,0,635,16,14,23,236,443,1,2,1314,4,5,179,372,0,11,151,1486,135,0
0,7,331,7,7,7,63,103,0,0,28,6,1,32,161,0,8,63,63,14,4
0,0,57,1,3,3,24,28,0,0,8,0,3,12,23,0,0,25,28,7,2
0,0,882,3,5,5,19,118,0,1,718,1,1,22,285,0,10,38,800,13,2
0,0,289,3,3,3,9,14,0,1,14,1,0,18,177,0,8,19,40,10,2
0,0,113,1,2,2,2,8,0,0,16,0,0,5,21,0,0,21,37,3,1
0,0,85,0,2,2,41,45,0,0,2,5,0,1,7,0,1,20,50,0,2
0,0,138,3,3,3,48,29,1,0,10,0,0,37,29,0,0,69,62,3,1
0,0,16,0,0,1,0,5,0,0,658,0,0,9,11,0,0,0,680,0,3
0,0,246,3,3,3,20,43,0,1,19,1,0,28,189,0,8,47,57,10,2
0,0,150,1,3,3,1,6,0,0,35,0,0,6,28,0,0,33,59,4,1
0,0,298,3,3,3,9,14,0,1,14,1,0,18,177,0,8,19,40,10,2
0,0,93,1,3,3,26,33,0,0,10,0,3,12,24,0,0,33,32,7,2
0,0,369,3,6,6,72,230,0,1,847,1,1,51,1435,0,12,152,1054,25,3
0,0,161,1,2,2,15,25,0,0,30,0,0,5,24,0,0,21,55,3,2
0,0,254,1,2,2,43,63,0,0,15,0,0,5,27,0,0,31,44,3,2
0,0,179,1,2,2,16,33,0,0,15,0,0,5,27,0,0,23,37,3,2
0,0,246,6,5,5,87,87,1,0,21,0,3,57,54,0,0,68,81,8,1
0,0,443,16,13,12,64,184,0,0,72,15,27,156,82,0,0,164,170,49,0
0,0,92,0,2,2,45,48,0,0,2,5,0,1,19,0,1,20,50,0,2
0,0,143,2,3,3,4,5,0,0,10,1,0,6,27,0,0,17,30,3,3
0,0,394,3,6,6,17,113,0,1,726,1,7,39,280,0,11,72,811,20,2
0,6,273,1,3,3,47,96,0,0,22,0,5,39,47,0,0,143,50,9,2
0,17,541,17,9,13,47,689,1,0,34,11,11,493,263,0,0,501,153,65,0
0,0,292,3,5,5,7,149,0,1,820,1,2,44,491,0,10,72,933,25,3
0,0,157,1,2,2,15,27,0,0,15,0,0,5,31,0,0,21,37,3,2
0,0,263,1,3,3,29,39,0,0,15,0,0,73,55,0,0,79,44,3,1
0,0,106,2,3,4,8,18,0,0,15,0,0,6,23,0,0,19,45,3,2
0,0,55,1,3,3,24,28,0,0,8,0,3,12,23,0,0,25,28,7,2
0,0,59,1,3,3,24,28,0,0,9,0,2,10,23,0,0,27,29,6,2
0,0,396,3,6,6,17,113,0,1,727,1,7,39,282,0,11,72,812,20,2
0,0,270,1,2,2,18,22,0,0,14,0,0,5,34,0,0,17,42,3,2
0,0,113,2,3,3,2,29,0,0,9,0,1,14,58,0,0,35,28,7,1
0,0,163,1,2,2,15,25,0,0,30,0,0,5,28,0,0,21,55,3,2
0,0,296,3,5,5,202,101,1,1,549,1,3,171,261,0,11,231,732,14,1
1,9,6914,5,28,25,146,142,5,0,44,3,16,178,206,0,12,175,228,41,4
2,14,732,19,9,10,188,365,2,4,1755,7,2,149,751,0,13,226,2030,29,4
0,0,68,1,3,3,36,43,0,0,10,0,2,10,24,0,0,29,31,6,2
0,0,28,1,0,1,2,11,0,0,9,1,0,8,21,0,0,17,27,15,3
0,0,56,1,3,3,24,28,0,0,8,0,2,10,23,0,0,23,27,6,2
0,0,604,5,6,12,78,188,5,0,3067,3,3,58,63,0,3,77,3369,94,3
0,0,135,1,2,2,11,61,0,0,15,0,0,33,40,0,0,50,37,3,1
0,0,362,3,4,4,36,127,0,1,633,1,0,23,258,0,11,28,695,11,2
0,0,1539,3,7,9,43,159,2,0,123,1,11,39,44,0,0,89,265,38,3
0,0,189,3,3,3,18,40,0,0,25,2,0,11,32,0,0,27,59,7,0
0,0,65,1,3,3,38,42,0,0,8,0,0,6,23,0,0,20,25,4,2
0,0,357,3,9,9,19,270,0,2,849,1,2,53,1179,0,10,85,1063,145,3
0,0,2956,11,29,48,538,563,10,0,374,18,29,681,296,0,26,711,1140,146,3
0,0,51,1,3,3,24,28,0,0,8,0,1,8,23,0,0,21,26,5,2
0,0,55,1,3,3,24,28,0,0,8,0,3,12,23,0,0,25,28,7,2
0,0,59,1,3,3,24,28,0,0,8,0,3,12,23,0,0,25,28,7,2
0,0,271,3,6,6,15,58,0,1,575,1,2,46,256,0,11,70,642,13,2
0,0,535,1,1,1,116,428,1,0,87,1,13,188,128,0,1,462,166,227,3
0,0,441,3,6,6,17,116,0,1,857,1,7,39,288,0,11,72,945,20,2
0,0,250,3,6,8,36,54,0,2,16,0,0,6,22,0,0,21,53,3,3
0,0,119,1,2,2,49,65,0,0,14,0,0,7,23,0,0,24,41,3,2
0,0,1857,3,9,15,1250,987,7,10,1917,7,253,1808,575,0,40,2196,3366,340,1
0,0,221,1,3,3,11,18,0,0,16,0,0,131,55,0,0,75,45,3,1
4,31,1086,71,13,29,663,609,6,2,101,11,57,677,293,0,16,616,712,93,4
0,0,173,10,0,0,24,67,0,0,17,8,4,60,55,0,0,49,40,16,0
0,190,201,1,3,3,35,49,0,0,50,0,0,6,45,1,5,21,73,3,4
0,0,330,1,4,5,6,55,1,0,64,0,0,12,31,0,0,52,139,14,1
0,0,80,0,2,2,45,48,0,0,2,5,0,1,15,0,1,20,50,0,2
0,10,869,11,13,18,392,323,3,1,682,3,6,358,321,1,13,376,1088,31,4
0,0,108,1,2,2,28,48,0,0,14,0,0,7,27,0,0,22,41,3,1
0,0,222,1,3,3,6,25,0,0,10,0,13,13963,58,0,0,59,42,17,1
0,0,56,1,0,0,1,2,0,0,9,0,0,3,21,0,0,11,24,3,1
11,27,986,87,7,7,129,757,11,10,1226,1,25,137,799,0,16,182,1360,44,4
0,0,147,1,3,3,1,21,0,0,50,0,0,6,45,0,0,31,77,4,1
0,0,559,73,0,6,555,466,8,0,48,5,2,490,180,0,6,614,550,42,3
0,0,206,3,3,3,25,42,0,1,23,1,0,20,182,0,8,25,51,10,1
0,0,56,1,3,3,24,28,0,0,8,0,2,10,23,0,0,23,27,6,2
1,12,739,14,12,15,394,245,1,4,32,35,27,381,62,10,4,446,461,35,4
0,0,2897,11,29,48,564,569,10,0,375,17,29,717,292,0,26,745,1154,146,3
0,0,142,6,0,0,11,33,0,0,15,1,2,41,36,0,0,31,34,9,0
0,0,16,0,0,1,0,5,0,0,728,0,0,10,12,0,0,0,750,0,3
0,0,302,3,8,8,32,65,0,2,586,1,2,48,347,0,10,68,657,19,3
0,0,216,1,3,3,6,25,0,0,10,0,13,14572,56,0,0,59,42,17,1
0,0,53,1,3,3,24,28,0,0,8,0,3,12,23,0,0,25,28,7,2
0,0,119,1,2,2,49,65,0,0,14,0,0,7,23,0,0,24,41,3,2
0,0,95,1,2,2,16,26,0,0,14,0,0,5,22,0,0,19,33,3,1
0,0,254,1,2,2,37,41,0,0,14,0,0,5,30,0,0,17,41,3,2
0,0,400,3,5,5,19,131,0,1,727,1,1,22,294,0,11,51,817,13,2
0,0,330,1,4,5,6,55,1,0,64,0,0,12,31,0,0,52,139,14,1
0,0,177,2,5,6,36,72,0,0,18,1,2,34,32,0,0,56,59,7,0
0,0,361,3,6,6,10,165,0,1,843,1,2,56,609,0,10,111,966,23,1
0,0,2908,10,29,48,551,566,10,0,375,18,29,691,296,0,26,723,1147,146,3
0,0,93,0,2,2,45,48,0,0,2,5,0,1,19,0,1,20,50,0,2
0,0,450,3,5,5,29,178,0,2,1095,1,1,22,314,0,10,55,1206,13,2
0,0,542,3,5,5,19,138,0,1,746,1,1,22,290,0,11,48,837,13,2
0,0,231,1,3,3,5,12,0,0,10,0,8,13879,54,0,0,54,37,12,1
0,0,393,5,9,13,46,87,0,5,20,1,0,26,184,0,8,34,69,10,3
0,0,449,1,2,2,215,253,0,0,16,0,0,5,33,0,0,45,46,3,1
0,0,301,3,5,5,7,149,0,1,694,1,2,44,485,0,10,72,804,25,3
0,0,352,3,6,6,70,108,1,1,442,1,2,53,228,2,10,101,513,13,1
0,13,772,15,13,29,70,292,5,2,94,4,15,246,266,0,8,262,291,81,1
0,0,2036,85,9,17,299,367,128,0,333,3,28,395,260,0,27,750,733,46,3
0,0,460,5,6,6,154,182,1,6,20,12,1,110,207,0,8,171,99,17,0
0,0,122,1,3,3,33,61,0,0,14,0,0,16,29,0,0,33,44,4,2
0,0,291,3,3,3,9,14,0,1,14,1,0,18,177,0,8,19,40,10,2
0,0,89,1,2,2,14,19,0,0,14,0,0,5,21,0,0,15,34,3,1
0,0,151,1,3,3,13,24,0,0,16,0,0,7,23,0,0,16,37,3,1
0,11,3813,1,16,27,12,129,3,4,211,6,2,20,43,0,1,682,398,6,4
0,0,224,3,6,6,13,285,3,1,118,1,0,110,280,0,11,149,189,12,4
0,0,118,1,2,2,15,13,0,0,8,0,0,3,22,0,0,15,23,3,2
0,0,2853,3,7,9,25,105,37,0,78,21,1,122,240,0,20,74,199,90,3
0,0,480,1,4,4,22,41,0,0,16,0,0,12,31,0,0,28,46,4,0
0,0,420,4,6,6,141,131,1,1,534,2,0,83,235,0,10,99,644,13,0
0,0,247,4,0,0,53,61,1,0,20,7,2,93,193,0,10,91,97,26,3
0,0,305,3,4,6,22,76,2,0,31,3,2,44,53,0,0,54,90,13,0
0,0,65,1,3,3,24,31,0,0,10,0,2,10,24,0,0,29,31,6,2
0,0,168,5,0,0,15,31,0,1,15,3,0,34,183,0,8,29,35,10,0
1,2,678,9,12,24,154,533,2,2,907,3,2,108,642,0,11,163,1199,32,4
0,0,145,2,3,3,4,5,0,0,10,1,0,6,27,0,0,17,30,3,3
0,0,55,1,0,0,1,2,0,0,9,0,0,3,21,0,0,11,24,3,1
0,0,265,1,2,2,18,22,0,0,14,0,0,5,26,0,0,17,42,3,2
0,0,361,3,6,6,68,206,0,1,885,1,1,51,1426,0,10,151,1089,25,3
0,0,1552,7,24,33,94,288,5,0,187,6,8,210,242,0,15,280,447,74,3
0,0,989,3,5,5,19,122,0,1,770,1,1,22,281,0,10,38,854,13,2
0,160,2927,14,29,49,132,500,10,1,563,24,26,390,331,0,41,308,1105,335,3
0,0,59,1,3,3,24,28,0,0,8,0,3,12,23,0,0,25,28,7,2
0,0,288,3,5,5,6,148,0,1,764,1,2,44,488,0,10,72,878,25,3
0,0,526,2,3,3,18,40,0,0,25,2,0,11,32,0,0,27,59,7,0
4,32,979,33,20,24,314,292,6,5,85,27,38,417,90,2,5,364,446,65,4
0,0,43,1,0,0,1,2,0,0,8,0,0,3,21,0,0,11,22,3,4
67,7,1573,380,16,39,2310,1187,107,1,314,25,98,2085,354,0,11,2293,2125,153,4
0,0,317,6,4,4,27,98,0,1,565,1,8,58,247,0,10,71,631,21,0
0,0,401,3,5,5,19,131,0,1,852,1,1,22,277,0,11,46,945,13,2
0,0,479,5,10,12,1437,1507,0,0,2651,5,5,78,273,0,10,84,3775,39,0
0,0,156,1,2,2,15,27,0,0,15,0,0,5,27,0,0,21,37,3,2
0,0,88,1,3,3,20,27,0,0,10,0,3,12,24,0,0,39,32,7,2
0,0,161,1,2,2,15,25,0,0,30,0,0,5,24,0,0,21,55,3,2
0,0,114,1,2,2,42,82,0,0,14,0,0,5,23,0,0,29,42,3,2
1,0,189,3,5,5,48,21,1,0,11,2,6,62,28,0,0,75,83,10,4
0,0,200,3,5,5,7,46,0,0,15,7,2,31,40,0,0,42,54,13,0
0,0,158,1,3,3,163,18,1,0,11,0,0,127,36,0,0,180,123,3,1
0,160,2942,13,29,49,149,503,10,1,556,21,29,387,338,0,33,316,1111,338,3
0,0,454,1,3,3,107,109,1,0,17,0,0,27,29,0,0,82,67,3,1
0,0,169,1,3,3,5,18,0,0,15,0,0,8,33,0,0,74,40,4,1
0,0,268,3,4,4,40,72,0,2,23,5,0,24,192,0,8,35,64,11,0
0,0,566,10,13,16,140,321,1,4,20,12,5,264,302,0,8,156,162,120,0
0,0,57,1,0,1,84,50,1,0,10,1,0,88,21,0,0,100,109,15,3
0,11,414,13,7,11,13,99,2,1,1330,3,2,77,268,0,13,82,1428,29,4
0,0,56,1,3,3,24,28,0,0,8,0,2,10,23,0,0,23,27,6,2
0,0,375,4,5,5,443,227,1,0,41,7,1,381,226,0,9,438,465,12,2
0,0,84,1,0,0,13,20,0,0,14,0,0,5,24,0,0,11,40,3,1
0,0,86,2,3,3,26,39,0,0,10,0,3,17,26,0,0,37,33,8,2
0,0,300,4,3,3,47,64,0,1,18,1,0,20,182,0,9,30,55,10,3
0,0,70,1,3,3,36,43,0,0,10,0,2,10,24,0,0,29,31,6,2
0,0,551,3,3,3,113,143,0,2,25,3,2,12,38,1,0,27,55,6,4
0,0,303,2,3,3,18,40,0,0,25,3,0,11,32,0,0,27,59,7,0
3,25,1355,23,13,15,468,404,3,8,62,12,35,440,246,3,14,435,512,66,4
1,12,2427,14,15,19,909,338,1,6,58,4,4,592,236,0,8,778,589,22,4
0,0,51,1,3,3,24,28,0,0,8,0,1,8,23,0,0,21,26,5,2
0,0,420,3,6,6,19,125,0,1,799,1,7,39,285,0,11,72,891,20,2
0,0,173,1,2,2,16,31,0,0,15,0,0,5,27,0,0,17,37,3,2
0,0,245,4,0,0,33,47,1,0,20,7,2,73,197,0,10,71,77,26,3
0,160,650,4,3,4,40,145,2,0,92,7,9,453,213,0,27,155,240,305,3
0,0,335,7,4,4,27,101,0,1,539,1,8,64,249,0,10,77,604,21,0
0,0,298,1,2,2,15,18,0,1,14,0,0,5,30,0,0,17,40,3,3
0,0,0,0,1,1,0,0,0,0,0,0,0,0,0,0,0,0,16,0,2
0,0,144,1,2,2,11,61,0,0,15,0,0,33,40,0,0,50,37,3,1
0,0,124,1,2,2,12,22,0,0,15,0,0,5,23,0,0,15,37,3,2
0,0,202,1,2,2,15,53,0,0,16,0,0,21,43,0,0,56,38,3,2
0,0,61,1,3,3,25,29,0,0,9,0,1,8,23,0,0,27,28,5,2
0,0,35,1,2,2,1,2,0,0,8,0,0,3,21,0,0,11,23,3,0
0,0,168,1,2,2,15,25,0,0,15,0,0,5,27,0,0,21,37,3,2
0,0,719,1,0,2,135,66,2,0,64,0,0,149,56,0,0,197,253,35,3
0,0,51,1,3,3,24,28,0,0,8,0,1,8,23,0,0,21,26,5,2
0,0,298,3,6,6,66,282,0,2,70,5,2,47,593,0,11,85,282,17,0
0,0,156,1,2,2,15,27,0,0,15,0,0,5,27,0,0,21,37,3,2
0,0,79,0,2,2,44,48,0,0,2,5,0,1,11,0,1,20,50,0,2
0,0,677,4,3,3,90,156,0,2,575,1,0,22,265,0,10,57,628,10,4
0,0,16,0,0,1,0,5,0,0,660,0,0,9,11,0,0,0,683,0,3
0,0,263,1,3,3,44,85,0,0,16,0,3,30,39,0,0,86,42,7,2
0,159,4178,12,36,76,550,787,32,0,770,21,44,1052,422,0,61,863,1844,419,3
0,0,209,6,0,1,29,52,2,0,662,3,4,68,42,0,0,81,904,19,0
0,0,152,1,3,3,16,29,0,0,16,0,0,10,24,0,0,20,38,4,2
0,0,54,1,3,3,24,28,0,0,8,0,2,10,23,0,0,23,27,6,2
0,0,289,3,3,3,9,14,0,1,14,1,0,18,177,0,8,19,40,10,2
0,0,453,3,5,5,27,174,0,2,1057,1,1,22,312,0,10,53,1163,13,2
0,0,142,1,4,4,28,20,1,0,10,0,0,16,28,0,0,58,39,4,1
1,24,564,6,4,4,119,154,0,0,26,2,3,50,46,0,1,64,74,12,4
0,0,216,1,5,5,23,69,0,0,19,0,3,34,45,0,4,41,61,11,3
0,0,400,11,4,4,31,141,0,3,750,1,8,98,301,0,11,123,817,21,0
0,0,803,6,16,15,74,183,2,0,114,3,19,76,47,0,0,104,288,51,0
0,0,206,1,3,3,5,12,0,0,10,0,8,13759,58,0,0,54,37,12,1
0,0,452,3,0,6,59,1057,5,0,54,5,0,193,239,0,15,246,156,27,3
0,0,388,5,1,4,20,93,5,0,37,4,2,146,227,0,19,138,101,65,3
0,0,154,1,2,2,15,25,0,0,15,0,0,5,27,0,0,21,37,3,2
2,12,647,12,5,5,213,181,1,4,46,7,19,208,54,1,2,239,251,31,4
0,0,378,3,6,6,17,116,0,1,689,1,7,39,281,0,11,71,773,20,2
0,0,394,1,4,4,183,121,1,3,15,0,0,84,47,1,0,126,93,4,4
0,0,263,1,2,2,18,22,0,0,14,0,0,5,30,0,0,17,42,3,2
0,0,511,10,0,2,17,59,9,5,33,6,0,28,34,0,0,22,70,32,3
0,0,2132,75,15,23,62,325,58,0,496,7,14,202,88,1,7,399,790,62,3
0,0,1237,2,1,3,315,111,3,0,126,2,0,318,39,0,1,454,466,169,3
0,0,366,3,6,6,70,108,1,1,455,1,2,53,232,2,10,101,526,13,1
0,0,147,2,6,6,7,17,0,1,10,1,0,11,26,0,0,25,28,4,4
3,48,7476,26,22,35,50,203,6,4,117,18,39,322,137,2,8,203,319,73,4
0,0,162,1,3,3,56,46,1,0,18,0,0,27,30,0,3,56,62,3,1
0,0,161,1,2,2,15,25,0,0,30,0,0,5,24,0,0,21,55,3,2
0,0,595,24,4,4,218,154,1,0,16,11,1,186,53,0,0,216,212,5,4
0,123,728,16,6,6,303,308,1,6,35,0,11,148,49,0,11,204,178,25,4
0,0,937,3,5,5,19,128,0,1,792,1,1,22,288,0,10,38,877,13,2
0,0,713,28,5,5,835,732,1,8,25,30,55,586,205,0,1,618,403,70,0
0,0,242,2,3,3,32,64,0,0,15,2,2,20,42,0,0,40,50,8,0
0,0,875,3,5,5,19,120,0,1,699,1,1,22,279,0,10,38,781,13,2
0,0,556,3,5,5,19,136,0,1,875,1,1,22,290,0,10,48,965,13,2
0,0,366,3,6,6,221,126,1,1,938,1,2,195,269,0,10,242,1167,19,1
0,0,105,1,2,2,40,47,0,0,14,0,0,6,22,0,0,17,33,3,3
0,160,2946,13,29,49,149,503,10,1,562,21,29,385,338,0,33,316,1117,338,3
0,0,391,3,6,6,16,110,0,1,820,1,7,39,283,0,11,72,905,20,2
0,0,271,3,6,6,15,58,0,1,521,1,2,46,263,0,11,70,586,13,2
0,0,293,4,7,7,24,62,0,1,471,3,1,27,240,0,10,41,532,16,0
1,4,999,24,17,37,756,667,1,1,94,91,21,461,181,1,6,539,482,53,4
0,102,426,4,10,12,57,132,0,0,26,5,2,61,77,0,2,47,95,21,0
0,0,108,2,0,2,26,29,0,0,10,0,0,11,22,0,0,22,33,16,3
0,0,311,3,14,24,136,686,0,1,103,1,2,60,557,0,11,90,302,20,4
1,0,559,3,45,46,133,153,1,6,151,0,53,624,104,0,0,195,272,4,4
2,23,3178,19,15,17,316,369,5,6,115,20,39,349,96,3,3,341,520,71,4
0,0,115,1,2,2,35,46,0,0,14,0,0,5,22,0,0,23,42,3,4
0,7,201,6,4,6,23,74,0,0,24,7,7,43,42,0,0,44,82,16,0
0,0,270,3,6,6,15,61,0,1,556,1,2,46,260,0,11,70,622,13,2
2,7,619,23,10,11,156,186,1,4,600,19,33,244,390,0,12,264,792,61,4
3,27,1803,245,6,7,2421,1461,1,145,1211,159,20,1935,1635,4,16,2632,2327,52,4
0,0,202,2,3,3,112,117,1,0,11,0,0,87,61,0,7,133,94,3,1
0,0,368,4,7,7,77,336,0,2,74,7,4,70,651,0,11,110,318,26,0
0,0,147,1,3,3,16,27,0,0,16,0,0,10,24,0,0,20,38,4,2
0,3,605,1,5,11,74,103,7,1,109,0,15,96,48,0,1,144,296,36,3
0,0,250,1,2,2,43,63,0,0,15,0,0,5,27,0,0,31,44,3,2
1,3,518,6,12,15,152,130,1,5,31,5,5,137,237,1,9,175,169,36,4
0,0,210,1,8,16,22,29,0,0,15,0,0,18,27,0,0,19,47,5,0
0,0,518,3,5,5,19,138,0,1,919,1,1,22,305,0,11,48,1013,13,2
0,0,179,1,3,16,32,63,0,1,15,0,0,14,24,0,0,15,52,8,4
0,0,2215,7,7,8,413,497,1,18,552,3,5,92,289,0,10,162,669,18,4
0,0,116,1,2,2,49,65,0,0,14,0,0,7,23,0,0,24,41,3,2
0,0,89,1,3,3,22,29,0,0,10,0,2,10,24,0,0,31,31,6,2
0,0,290,3,5,5,6,146,0,1,784,1,2,44,496,0,10,73,898,25,3
0,0,388,3,6,6,17,113,0,1,763,1,7,39,281,0,11,72,849,20,2
0,0,241,1,2,2,40,47,0,1,14,0,0,5,26,0,0,17,40,3,3
0,0,150,2,3,3,4,5,0,0,10,1,0,6,27,0,0,21,30,3,3
0,4,849,90,12,17,389,396,2,2,111,91,335,1401,308,0,25,886,749,367,3
0,0,222,2,4,4,85,82,1,0,16,1,0,23,25,0,0,43,54,4,4
0,0,480,6947,5,5,27,84,0,1,1242,1,3,38,242,0,10,43,1323,18,0
0,0,52,1,3,3,24,28,0,0,8,0,1,8,23,0,0,21,26,5,2
0,7,2296,1,10,14,4808,423,1,6,43,1,4,3312,44,0,1,4692,4444,12,4
0,0,154,1,3,3,16,29,0,0,16,0,0,10,24,0,0,20,38,4,2
0,0,389,3,9,9,53,184,0,2,787,1,3,57,610,0,11,88,922,16,3
0,0,51,1,3,3,24,28,0,0,8,0,1,8,23,0,0,21,26,5,2
0,0,1404,30,19,27,56,349,6,0,273,11,34,472,114,0,0,930,858,213,0
0,0,380,3,4,4,49,81,0,1,19,1,0,23,197,0,14,50,52,11,1
0,0,96,1,2,2,13,18,0,0,14,0,0,5,22,0,0,17,42,3,2
0,0,2688,4,0,0,113,82,1,0,21,2,2,103,58,0,4,134,108,5,3
0,0,416,3,6,6,19,135,0,1,799,1,7,39,285,0,11,72,891,20,2
0,0,520,3,8,11,279,166,2,0,68,0,10,209,39,0,0,241,300,37,0
0,0,409,3,5,5,19,119,0,1,747,1,1,22,272,0,10,40,829,13,2
0,0,2899,11,29,48,551,566,10,0,375,18,29,691,300,0,26,723,1147,146,3
0,0,220,3,4,4,104,95,1,0,15,1,0,30,24,0,0,67,69,4,0
0,0,299,3,5,5,6,150,0,1,784,1,2,44,496,0,10,72,898,25,3
0,0,448,1,0,0,100,371,0,0,800,0,1,111,168,0,0,421,955,4,1
0,6131,1968,12,3,20,759,902,18,2,914,22,73,1119,458,0,42,1065,1871,235,3
0,0,156,1,3,3,16,27,0,0,16,0,0,10,24,0,0,20,38,4,2
0,0,164,3,4,8,25,41,0,0,14,3,2,18,29,0,0,25,42,6,4
0,0,256,1,2,2,18,22,0,0,14,0,0,5,30,0,0,17,42,3,2
0,0,54,1,3,3,24,28,0,0,8,0,3,12,23,0,0,25,28,7,2
0,7,1003,15,9,10,4332,483,2,6,2377,8,4,2719,940,0,13,3512,4686,34,4
0,0,108,2,0,2,26,29,0,0,10,0,0,11,22,0,0,22,33,16,3
0,0,449,3,5,5,19,131,0,1,764,1,1,22,294,0,12,48,855,13,2
0,0,91,1,2,2,21,29,0,0,14,0,0,7,24,0,0,16,34,3,2
0,0,233,1,3,3,5,12,0,0,10,0,8,14318,54,0,0,54,37,12,1
3,25,1848,15,13,16,229,245,4,7,70,10,49,324,84,0,5,251,330,66,4
0,0,230,2,3,3,18,40,0,0,25,2,0,11,36,0,0,27,59,7,0
0,0,377,3,4,4,36,126,0,1,633,1,0,23,259,0,11,28,695,11,2
0,0,55,1,3,3,24,28,0,0,8,0,3,12,23,0,0,25,28,7,2
0,76,896,49,10,14,1636,965,2,1,75,1,55,1923,153,0,8,1576,1624,17,4
0,0,180,2,3,3,18,40,0,0,25,1,0,11,32,0,0,27,59,7,0
0,0,124,1,2,2,12,22,0,0,15,0,0,5,23,0,0,15,37,3,2
0,0,39,1,0,0,1,2,0,0,8,0,0,5,21,0,0,14,22,5,4
0,160,2594,13,25,43,146,438,8,1,487,19,25,337,329,0,32,281,967,309,3
2,1,357,35,5,5,125,117,1,0,20,25,11,87,35,0,0,116,125,16,4
0,0,108,2,0,2,26,29,0,0,10,0,0,11,22,0,0,22,33,16,3
0,0,319,7,5,5,44,112,0,1,16,7,4,57,62,0,0,59,52,15,0
0,0,819,3,2,3,67,169,1,2,80,2,0,10,39,0,0,63,163,11,3
0,0,90,2,3,3,28,41,0,0,10,0,2,15,26,0,0,35,32,7,2
0,5,323,3,6,8,803,208,1,0,25,6,2,582,46,0,0,657,505,13,0
0,0,56,1,0,0,1,2,0,0,9,0,0,3,21,0,0,11,24,3,1
0,0,38,2,4,5,2,8,0,0,8,0,0,5,28,0,0,21,27,5,1
3,22,1468,23,14,16,313,298,2,0,69,22,43,382,102,3,5,416,482,54,4
0,0,211,1,3,3,6,25,0,0,10,0,13,14932,60,0,0,59,42,17,1
0,0,124,2,2,2,31,42,0,0,14,0,0,9,25,0,0,21,35,3,2
0,0,420,3,6,6,19,131,0,1,799,1,7,39,285,0,11,72,891,20,2
0,0,236,1,3,3,43,81,0,0,16,0,3,28,46,0,0,84,42,7,2
1,25,697,6,9,12,296,250,1,0,21,1,2,141,48,0,1,213,187,9,4
0,0,230,2,3,3,32,63,0,0,15,2,2,20,38,0,0,40,51,8,0
0,0,261,1,3,3,599,255,1,0,252,0,0,383,39,0,0,460,757,3,1
0,0,393,3,6,6,17,113,0,1,764,1,7,39,281,0,11,72,850,20,2
0,0,72,1,3,3,20,27,0,0,10,0,3,12,24,0,0,33,32,7,2
0,0,636,4,4,8,11,113,1,1,79,1,2,75,209,0,8,114,174,67,3
0,0,323,4,3,3,37,54,0,1,18,1,0,20,182,0,9,30,55,10,3
4,44,5069,35,21,26,180,415,21,7,293,18,83,372,412,0,17,343,684,128,4
0,0,127,1,3,3,51,70,0,0,14,0,4,16,31,0,0,46,48,8,2
2,7,731,23,9,9,828,521,1,0,43,93,46,709,75,26,1,927,823,56,4
0,0,465,3,6,6,19,131,0,1,761,1,7,39,285,0,11,71,852,20,2
0,0,55,1,3,3,24,28,0,0,8,0,3,12,23,0,0,25,28,7,2
0,0,261,1,3,3,160,104,1,0,16,0,0,73,32,0,18,111,91,3,0
0,0,209,4,5,5,45,106,0,0,16,7,6,55,51,0,0,57,73,20,0
0,0,57,1,0,1,82,49,1,0,10,1,0,86,21,0,0,98,107,15,3
0,0,80,0,2,2,45,48,0,0,2,5,0,1,15,0,1,20,50,0,1
0,9,1699,1,21,35,3,96,3,4,212,6,1,23,37,0,1,879,402,7,4
0,0,93,1,3,3,26,33,0,0,10,0,3,12,24,0,0,33,32,7,2
0,0,271,3,6,6,15,58,0,1,541,1,2,46,256,0,11,70,607,13,2
0,0,53,1,3,3,24,28,0,0,8,0,3,12,23,0,0,25,28,7,2
0,0,85,1,2,2,17,21,0,0,14,0,0,5,22,0,0,15,34,3,2
0,0,198,1,4,4,101,115,1,0,15,0,0,23,31,0,0,46,52,5,4
0,0,172,1,2,2,16,31,0,0,15,0,0,5,27,0,0,17,37,3,2
0,3,1247,12,7,8,129,277,1,1,1876,7,2,65,554,0,12,122,2049,30,4
0,0,342,4,5,5,48,126,0,1,559,5,0,43,270,0,11,38,626,16,0
0,0,244,1,2,2,23,30,0,1,14,0,0,5,22,0,0,15,35,3,1
0,0,154,1,2,2,15,25,0,0,15,0,0,5,27,0,1,21,37,3,2
0,0,133,1,3,3,34,47,0,0,14,0,0,34,32,0,0,22,44,4,1
0,0,25,1,0,1,16,5,1,0,10,1,0,20,21,0,0,32,41,15,3
0,2586,1066,11,0,17,153,251,21,0,416,3,4,362,385,0,18,266,782,79,3
1,2,394,5,5,5,110,80,1,1,23,2,3,79,35,1,1,111,126,7,4
0,0,368,3,3,3,9,14,0,1,14,1,0,18,177,0,8,19,40,10,2
0,0,336,1,3,3,70,96,0,2,50,0,1,10,31,0,0,24,89,5,4
0,0,2894,11,29,48,564,567,10,0,375,17,29,701,296,0,26,735,1154,146,3
0,0,177,2,2,2,31,45,0,0,35,0,0,9,29,0,0,21,61,3,2
1,46,1038,9,7,8,198,288,4,4,170,2,39,292,70,0,8,141,457,46,4
0,0,92,1,3,3,26,33,0,0,10,0,3,12,24,0,0,33,32,7,2
0,0,1050,5,7,7,275,195,1,0,31,2,6,260,235,0,8,290,312,19,3
0,0,635,17,14,16,267,598,0,12,20,21,0,378,142,0,0,292,180,182,0
0,0,257,1,2,2,43,63,0,0,15,0,0,5,35,0,0,31,44,3,2
0,0,39,1,0,0,14,17,0,0,8,0,0,3,22,0,0,15,22,3,0
0,0,88,1,3,3,20,27,0,0,10,0,3,12,24,0,0,33,32,7,2
0,0,163,1,3,3,56,46,1,0,18,0,0,27,30,0,0,56,62,3,1
0,0,605,11,5,19,63,271,14,5,127,17,5,62,100,0,0,117,313,17,0
0,0,54,1,0,0,28,29,0,0,8,0,0,3,22,0,0,15,22,3,0
0,0,131,1,3,3,34,47,0,0,14,0,0,34,28,0,0,22,44,4,1
0,0,265,1,3,3,13,28,0,0,17,0,2,14,34,0,0,45,52,6,1
0,0,250,1,2,2,37,41,0,0,14,0,0,5,26,0,0,17,41,3,2
0,0,363,1,2,2,160,180,0,0,14,0,0,5,30,0,0,35,41,3,1
0,0,83,1,3,3,20,28,0,0,9,0,1,8,25,0,0,21,28,5,2
0,0,184,3,3,3,31,51,0,0,16,4,16,47,38,0,2,42,62,20,3
0,0,59,1,3,3,31,35,0,0,8,0,3,12,23,0,0,25,28,7,2
0,0,46,1,0,1,56,36,1,0,10,1,0,60,21,0,0,72,81,15,3
5,37,1019,55,20,25,202,413,4,0,94,21,103,575,423,0,16,417,471,130,4
0,0,68,1,3,3,36,43,0,0,10,0,2,10,24,0,0,29,31,6,2
0,0,56,1,0,0,1,2,0,0,9,0,0,3,21,0,0,11,24,3,1
0,0,633,7,0,1,42,146,6,0,107,4,0,274,278,0,22,165,186,72,3
0,0,170,1,3,3,5,18,0,0,16,0,0,8,33,0,0,74,40,4,1
1,9,865,21,6,7,216,228,2,3,72,9,0,105,196,2,9,143,231,24,4
0,0,309,3,3,3,9,14,0,1,14,1,0,18,177,0,8,19,40,10,2
0,0,78,1,3,3,25,32,0,0,10,0,3,12,24,0,0,30,32,7,2
0,0,91,1,2,2,21,29,0,0,14,0,0,7,24,0,0,16,34,3,2
0,0,168,1,0,0,1,31,2,0,18,3,0,36,42,0,1,19,39,13,3
0,0,249,4,0,0,53,61,1,0,20,7,2,93,197,0,10,91,97,26,3
0,0,151,1,2,2,13,30,0,0,14,0,0,7,29,0,0,16,33,3,2
0,0,226,1,3,3,5,12,0,0,10,0,7,22,52,0,0,53,36,11,1
0,0,54,1,3,3,24,28,0,0,8,0,3,12,23,0,0,25,28,7,2
0,0,250,8,4,4,49,98,0,0,15,5,5,48,56,0,0,54,60,17,0
4,111,1567,78,13,14,328,309,6,4,101,62,315,969,171,2,8,666,818,335,4
0,0,490,3,5,5,19,136,0,1,763,1,1,22,282,0,11,48,855,13,2
0,0,23,1,0,0,1,2,0,0,8,0,0,3,21,0,0,15,22,3,4
0,0,148,3,3,3,57,35,1,0,10,0,0,45,30,0,0,74,71,3,1
0,0,258,1,2,2,43,63,0,0,15,0,0,5,31,0,0,31,44,3,2
0,0,3181,18,22,43,293,649,13,2,1425,25,39,572,445,0,53,552,2220,197,3
0,0,330,1,4,5,6,55,1,0,64,0,0,12,31,0,0,52,139,14,1
2,164,4799,33,15,40,7,140,4,1,91,32,39,267,225,0,16,167,259,151,4
0,0,474,8,8,10,156,206,1,0,16,6,3,102,65,0,0,138,98,19,0
0,0,212,2,2,2,31,47,0,0,75,0,0,9,33,0,0,27,117,3,2
0,0,389,3,6,6,16,110,0,1,708,1,7,39,283,0,11,72,790,20,2
0,108,358,3,4,5,33,137,0,1,722,1,3,32,274,0,11,39,794,14,2
0,0,215,2,9,9,16,54,2,0,15,1,1,41,41,0,0,41,56,14,0
1,14,1715,16,14,25,41,153,3,5,96,10,3,88,78,0,4,101,207,33,4
0,0,399,4,6,6,174,217,1,7,24,12,1,107,230,0,9,175,111,20,0
0,0,258,1,2,2,18,22,0,0,14,0,0,5,26,0,0,17,42,3,2
0,6,259,5,5,7,50,144,0,0,24,12,9,75,67,0,0,77,101,25,0
0,0,144,1,2,2,11,61,0,0,15,0,0,33,40,0,0,50,37,3,1
1,0,1341,14,11,15,239,459,3,1,117,0,19,167,97,0,0,218,351,89,0
1,0,867,6,8,9,84,155,1,0,18,6,1,65,60,0,0,2786,90,8,4
0,0,1119,10,15,17,10,70,1,1,63,3,1,63,211,1,8,46,157,25,4
0,0,206,2,3,3,18,49,0,0,25,2,0,11,32,0,0,27,59,7,0
0,0,406,4,5,5,57,149,0,3,704,1,3,43,375,0,11,78,817,16,3
0,0,266,3,6,6,15,58,0,1,541,1,2,46,256,0,11,70,607,13,2
0,33,1132,35,15,31,250,260,3,2,54,10,46,391,234,0,13,289,293,90,4
0,0,410,9,9,10,44,146,4,3,70,3,4,104,298,0,10,132,193,32,0
0,0,154,1,2,2,15,25,0,0,15,0,0,5,27,0,0,21,37,3,2
0,0,347,3,4,4,33,135,0,1,729,1,4,33,545,0,11,111,795,15,2
0,0,329,3,5,5,23,167,0,1,748,1,2,44,493,0,10,73,859,25,3
0,0,1045,4,0,3,4,115,2,0,121,0,2,71,42,0,18,73,265,32,0
0,0,190,2,3,3,113,106,1,0,11,0,0,87,57,0,6,131,94,3,1
0,0,1538,7,24,33,94,285,5,0,187,6,4,218,250,0,23,242,443,70,3
0,0,2950,11,29,48,603,570,10,0,375,17,29,731,296,0,26,771,1175,146,3
0,0,38,2,4,5,2,8,0,0,8,0,0,5,28,0,0,21,27,5,1
0,0,569,24,0,12,66,281,16,0,116,16,2,176,149,0,3,206,322,25,3
0,0,51,1,3,3,24,28,0,0,8,0,1,8,23,0,0,21,26,5,2
0,6,259,5,5,7,50,144,0,0,24,12,9,74,63,0,1,76,101,25,0
0,0,38,1,0,0,1,2,0,0,8,0,0,3,21,0,0,11,22,3,0
0,0,208,3,3,3,31,51,0,2,28,1,0,20,183,0,8,29,57,10,1
0,0,291,3,5,5,6,147,0,1,764,1,2,44,489,0,10,72,878,25,3
0,0,552,72,0,6,555,466,8,0,48,5,2,490,164,0,7,614,550,42,3
0,0,249,1,2,2,43,62,0,0,14,0,0,5,31,0,0,31,44,3,2
0,0,414,3,3,3,18,653,0,2,17,1,0,20,381,0,8,40,59,10,0
0,0,269,1,4,5,3,50,1,0,69,0,0,14,28,0,0,43,144,14,3
0,0,51,1,3,3,24,28,0,0,8,0,1,8,23,0,0,21,26,5,2
0,160,2945,12,29,49,149,507,10,1,560,24,29,409,333,0,33,330,1117,338,3
1,0,1433,15,10,11,79,412,2,2,168,5,12,104,536,0,11,135,327,38,4
0,0,214,2,3,3,112,135,1,0,11,0,0,87,67,0,8,133,94,3,1
0,0,59,1,3,3,31,35,0,0,8,0,3,12,23,0,0,25,28,7,2
0,0,311,4,9,13,77,104,0,4,20,1,0,27,179,0,8,30,69,10,3
0,0,119,1,2,2,49,65,0,0,14,0,0,7,23,0,0,24,41,3,2
0,0,89,1,2,2,21,29,0,0,14,0,0,7,24,0,0,16,34,3,2
0,0,357,3,3,3,9,13,0,1,13,1,0,18,177,0,8,19,37,10,2
0,0,108,1,2,2,27,46,0,0,14,0,0,7,27,0,0,22,41,3,1
0,0,330,4,3,4,24,42,0,1,19,1,0,22,189,0,9,30,58,10,3
0,0,56,1,3,3,24,28,0,0,8,0,2,10,23,0,0,23,27,6,2
0,0,935,3,5,5,19,129,0,1,736,1,1,22,284,0,10,38,820,13,2
0,0,83,1,3,3,26,33,0,0,10,0,3,12,24,0,0,33,32,7,2
0,0,226,1,3,3,5,12,0,0,10,0,8,14189,54,0,0,54,37,12,1
0,0,57,1,3,3,24,28,0,0,8,0,3,12,23,0,0,25,28,7,2
0,0,59,1,0,1,90,53,1,0,10,1,0,94,21,0,0,106,115,15,3
0,0,54,1,3,3,24,28,0,0,8,0,3,12,23,0,0,25,28,7,2
0,0,261,1,2,2,18,22,0,0,14,0,0,5,26,0,0,17,42,3,2
0,0,99,2,3,3,20,34,0,0,10,0,3,17,26,0,0,37,33,8,2
0,0,356,3,7,7,63,79,0,2,16,1,0,15,35,0,0,29,39,4,4
0,0,112,1,2,2,27,46,0,0,14,0,0,7,35,0,0,22,41,3,1
0,0,155,2,3,3,1,2,0,0,10,1,0,7,26,0,0,17,33,3,3
0,1,177,2,2,2,3,17,0,0,17,1,0,7,33,0,0,17,38,3,3
0,0,53,1,3,3,24,28,0,0,8,0,3,12,23,0,0,25,28,7,2
0,0,277,2,4,4,5,56,0,0,121,0,0,10,53,0,0,33,167,4,1
0,0,58,1,0,1,84,50,1,0,10,1,0,88,21,0,0,100,109,15,3
0,0,265,1,2,2,18,22,0,0,14,0,0,5,30,0,0,17,42,3,2
0,0,279,2,0,1,26,14,1,0,3154,1,0,24,29,0,0,43,3600,7875,3
0,0,56,1,3,3,24,28,0,0,8,0,2,10,23,0,0,23,27,6,2
0,0,90,1,2,2,14,21,0,0,14,0,0,5,21,0,0,15,34,3,2
0,160,3168,11,29,59,134,593,30,0,798,19,32,452,402,0,36,305,1478,364,3
0,0,231,2,3,3,112,150,1,0,11,0,0,87,72,0,9,141,94,3,1
0,0,354,4,2,3,13,54,1,0,58,3,0,7,31,0,0,35,126,15,4
0,0,115,2,3,3,2,29,0,0,9,0,1,14,57,0,0,35,28,7,1
0,0,411,3,5,5,19,142,0,1,797,1,1,22,284,0,11,48,891,13,2
0,0,89,1,2,2,21,26,0,0,14,0,0,5,23,0,0,15,34,3,2
0,0,2891,11,29,48,538,563,10,0,374,18,26,691,300,0,34,718,1137,143,3
0,0,260,1,2,2,18,22,0,0,14,0,0,5,30,0,0,17,42,3,2
0,160,1065,4,9,15,52,202,4,0,154,8,15,492,228,0,28,202,379,323,3
0,0,304,3,3,3,9,14,0,1,14,1,0,18,177,0,8,19,40,10,2
0,0,46,1,0,1,56,36,1,0,10,1,0,60,21,0,0,72,81,15,3
0,0,356,4,6,6,44,110,1,1,549,2,0,49,242,0,10,60,630,13,0
0,0,129,1,2,2,12,22,0,0,15,0,0,7,23,0,0,20,36,3,2
0,0,54,1,3,3,24,28,0,0,8,0,3,12,23,0,0,25,28,7,2
0,0,171,1,2,2,17,28,0,0,15,0,0,5,27,0,0,17,37,3,2
0,0,414,3,6,6,99,153,1,1,540,1,13,99,257,13,10,154,640,24,1
0,0,24,1,0,1,2,3,0,0,9,1,0,8,21,0,0,17,27,15,3
0,0,248,1,4,4,22,95,0,0,24,0,18,54,63,15,0,101,67,22,1
0,0,67,1,0,0,2,3,0,0,8,0,0,3,21,0,0,15,22,3,3
0,0,56,1,0,0,1,2,0,0,9,0,0,3,21,0,0,11,24,3,1
0,3,2992,12,7,9,197,256,4,0,159,6,15,452,176,0,3,430,443,126,3
0,0,196,3,5,5,8,47,0,1,555,1,2,41,251,0,10,58,618,19,3
0,0,2540,11,25,42,535,500,8,0,309,16,25,633,279,0,25,676,999,117,3
0,0,362,4,3,3,71,87,0,3,14,0,0,8,29,0,0,30,36,4,4
0,0,180,1,3,3,22,47,0,0,14,0,0,12,26,0,0,40,44,4,2
0,0,302,3,5,5,6,145,0,1,729,1,2,44,490,0,10,72,842,25,3
2,20,718,13,13,14,174,220,4,0,105,10,38,270,249,0,12,194,347,59,4
0,0,138,3,3,3,48,29,1,0,10,0,0,37,29,0,0,65,62,3,1
0,0,309,1,3,3,59,74,0,2,14,0,0,10,29,0,0,26,35,4,4
0,0,596,20,0,14,55,270,16,0,118,19,2,166,152,0,3,192,316,38,3
0,0,251,1,2,2,18,22,0,0,14,0,0,5,26,0,0,17,42,3,2
0,0,88,1,3,3,26,33,0,0,10,0,3,12,24,0,0,33,32,7,2
0,0,122,1,2,2,1,18,0,0,10,0,0,3,28,0,0,21,27,3,1
0,0,92,1,2,2,14,19,0,0,14,0,0,5,21,0,0,15,34,3,2
1,10,1397,15,8,10,416,439,1,0,45,19,22,138,95,1,0,168,171,28,4
0,0,364,3,6,6,72,218,0,1,946,1,1,51,1413,0,11,152,1156,22,3
0,0,252,1,2,2,18,22,0,0,14,0,0,5,26,0,0,17,42,3,2
0,0,85,2,3,3,22,35,0,0,10,0,2,15,26,0,0,35,32,7,2
0,11,19211,14,16,25,298,235,4,4,1377,11,6,2737,126,0,1,4102,1718,31,4
0,0,199,2,4,4,340,61,1,0,19,0,1,254,33,0,0,336,227,5,2
0,0,116,1,2,2,49,65,0,0,14,0,0,7,23,0,0,24,41,3,2
0,0,666,4,6,12,71,114,7,1,103,2,9,102,209,0,8,125,296,39,3
0,0,233,2,3,3,32,62,0,0,15,2,2,20,42,0,0,40,51,8,0
0,0,403,5,2,3,19,103,5,0,44,5,5,146,230,0,24,132,114,57,3
0,0,182,1,2,2,31,47,0,0,16,0,0,5,28,0,0,28,38,3,1
0,0,90,1,3,3,22,29,0,0,10,0,2,10,24,0,0,31,31,6,2
0,0,330,1,4,5,6,55,1,0,64,0,0,12,31,0,0,52,139,14,1
0,14,518,13,12,26,49,177,1,0,69,2,14,123,60,0,0,156,205,55,0
0,0,295,4,7,7,24,62,0,1,472,3,1,27,240,0,10,41,533,16,0
0,0,1725,1,10,21,49,327,6,0,279,5,27,200,78,0,0,232,651,143,0
0,160,2948,13,29,49,149,507,10,1,564,23,29,411,344,0,34,330,1121,338,3
0,0,54,1,3,3,24,28,0,0,8,0,3,12,23,0,0,25,28,7,2
0,0,55,1,3,3,24,28,0,0,8,0,3,12,23,0,0,25,28,7,2
0,0,309,1,3,3,32,57,0,0,17,0,1,17,45,0,0,26,48,6,0
0,0,197,1,4,4,74,89,1,0,22,2,0,33,45,0,0,52,79,3,2
0,0,300,3,5,5,7,145,0,1,804,1,2,44,496,0,10,72,916,25,3
0,0,411,3,5,5,19,139,0,1,841,1,1,22,298,0,11,52,934,13,2
0,0,90,2,3,3,28,41,0,0,10,0,2,15,26,0,0,35,32,7,2
0,235,1112,2,20,23,331,300,5,6,44,0,9,99,55,0,2,182,222,21,4
0,0,98,1,0,0,19,7,1,0,9,0,0,19,22,0,0,32,35,3,1
0,0,42,1,0,0,1,2,0,0,8,0,0,3,21,0,0,11,22,3,0
0,0,183,2,2,2,8,22,0,0,14,0,0,7,25,0,0,14,40,3,3
2,70,921,38,16,26,183,461,4,0,1411,24,47,386,488,10,16,339,1731,80,4
0,60,521,5,5,7,203,208,1,2,968,1,6,150,372,0,11,398,1152,19,1
0,0,327,1,4,5,6,55,1,0,64,0,0,12,31,0,0,52,139,14,1
0,0,279,3,3,3,30,44,0,1,17,1,0,20,177,0,8,20,45,10,2
0,0,80,1,3,3,20,28,0,0,9,0,1,8,25,0,0,21,28,5,2
0,0,196,1,3,3,20,40,0,0,16,0,1,15,27,0,0,29,49,6,2
0,0,121,1,2,2,17,25,0,0,14,0,0,7,25,0,0,18,34,3,2
0,0,90,1,3,3,26,33,0,0,10,0,3,12,24,0,1,33,32,7,2
3,30,1191,31,22,28,324,356,5,3,224,20,39,454,808,2,18,480,750,73,4
0,0,305,1,2,2,1,6,0,0,45,0,0,5,43,0,0,18,64,3,4
0,0,57,1,3,3,1,0,0,0,8,0,0,5,23,0,38,19,23,3,3
0,0,34,1,2,2,1,0,0,0,8,0,0,3,21,0,0,11,23,3,2
0,0,1107,1,0,3,5,89,1,0,129,0,0,24,27,0,0,47,244,42,3
0,0,389,4,12,16,182,297,0,0,24,6,11,101,54,0,0,89,99,35,0
0,0,325,4,3,4,33,51,0,1,19,1,0,22,182,0,9,30,58,10,3
0,0,270,3,6,6,15,58,0,1,507,1,2,46,256,0,11,70,572,13,2
0,0,275,3,0,0,121,114,0,1,843,1,2,45,488,0,10,98,993,14,2
0,0,154,1,2,2,15,25,0,0,15,0,0,5,27,0,0,21,37,3,2
0,0,185,1,3,3,22,47,0,0,14,0,0,14,31,0,0,34,44,4,2
0,0,460,1,5,6,598,124,2,0,429,0,0,466,44,20,0,622,898,17,3
0,0,167,3,3,3,21,32,0,1,17,1,0,20,181,0,8,28,53,10,2
0,0,192,1,2,2,5,16,0,0,16,0,0,5,26,0,0,21,38,3,1
0,0,90,2,3,3,28,41,0,0,10,0,2,15,26,0,0,35,32,7,2
0,0,57,1,0,1,90,53,1,0,10,1,0,94,21,0,0,106,115,15,3
0,0,202,3,5,5,13,59,0,2,564,1,2,43,285,0,11,59,633,19,3
0,0,331,4,2,4,230,102,2,0,38,5,6,484,221,0,29,327,227,93,3
0,0,57,1,0,1,84,50,1,0,10,1,0,88,21,0,0,100,109,15,3
0,0,430,3,5,5,19,124,0,1,760,1,1,22,275,0,10,46,845,13,2
0,0,299,2,2,2,101,127,0,2,20,0,0,7,34,0,0,28,49,3,4
0,0,657,3,6,12,56,114,7,1,103,2,9,91,209,0,8,112,287,39,3
3,168,999,14,13,22,96,197,3,0,263,16,19,221,137,0,6,345,461,45,4
0,0,1279,4,15,20,234,366,4,1,175,3,13,272,89,0,9,341,504,95,0
0,0,950,3,5,5,15,118,0,1,700,1,1,22,288,0,10,39,774,13,2
0,0,416,3,5,5,35,133,0,1,604,1,13,57,264,13,10,105,669,24,1
0,0,145,2,3,3,4,5,0,0,10,1,0,6,27,0,0,17,30,3,3
0,0,1364,11,9,10,16,151,1,0,74,5,6,102,236,0,13,110,178,34,3
0,0,282,6,8,13,172,150,58,0,24,0,2,131,42,0,0,101,133,17,4
1,22,603,5,5,5,230,174,1,0,24,0,1,121,46,0,2,181,182,5,4
0,0,552,4,6,7,56,71,2,1,68,2,0,69,197,0,8,96,187,24,3
0,0,301,3,3,3,9,14,0,1,14,1,0,18,177,0,8,19,40,10,2
0,160,4251,20,32,68,1061,830,32,0,769,20,37,1425,434,0,63,1371,2106,413,3
0,0,290,1,3,3,29,39,0,0,15,0,0,75,56,0,0,81,44,3,1
0,0,412,5,1,2,72,105,5,0,37,4,2,181,226,0,16,190,133,54,3
0,0,160,1,2,2,15,25,0,0,30,0,0,5,24,0,0,21,55,3,2
0,0,206,2,3,3,112,123,1,0,11,0,0,87,63,0,7,133,94,3,1
0,0,132,1,2,2,11,61,0,0,15,0,0,33,40,0,0,50,37,3,1
0,0,2899,11,29,48,551,566,10,0,375,18,29,691,300,0,26,723,1147,146,3
0,0,52,1,3,3,24,28,0,0,8,0,1,8,23,0,0,21,26,5,2
2,37,1817,49,16,18,455,435,3,1,175,27,66,579,128,3,4,540,817,96,4
0,0,176,1,3,3,11,18,0,0,15,0,0,71,53,0,0,71,43,3,1
0,0,57,1,0,1,84,50,1,0,10,1,0,88,21,0,0,100,109,15,3
0,0,155,1,2,2,15,25,0,0,15,0,0,5,31,0,0,21,37,3,2
0,0,412,14,8,8,234,230,1,2,880,3,10,222,749,0,11,252,1136,40,3
0,0,36,1,0,0,1,2,0,0,8,0,0,3,21,0,0,11,22,3,0
0,0,192,2,3,3,18,40,0,0,25,2,0,11,32,0,0,27,59,7,0
0,0,173,2,2,2,31,45,0,0,35,0,0,9,29,0,0,21,61,3,2
0,0,320,4,3,4,31,58,0,1,19,1,0,22,184,0,9,34,58,10,3
0,0,270,3,6,6,15,58,0,1,474,1,2,46,253,0,11,70,538,13,2
0,0,316,4,3,3,42,59,0,1,18,1,0,22,186,0,9,30,54,10,3
0,0,107,1,2,2,36,50,0,0,14,0,0,7,23,0,0,24,42,3,4
0,0,90,2,3,3,28,41,0,0,10,0,2,15,26,0,0,35,32,7,2
0,0,155,1,2,2,15,25,0,0,15,0,0,5,27,0,0,21,37,3,2
0,0,837,3,6,6,530,282,1,0,17,1,5,262,148,1,8,372,228,17,4
0,0,253,1,3,3,29,39,0,0,15,0,0,71,58,0,0,77,44,3,1
0,0,496,75,0,6,384,429,8,0,56,4,0,341,157,0,6,446,463,30,3
0,0,1306,9,9,9,386,480,1,11,66,1,11,282,253,0,9,289,471,25,3
0,0,242,1,2,2,43,63,0,0,15,0,0,5,27,0,0,31,44,3,2
0,0,260,1,2,2,43,61,0,0,15,0,0,5,27,0,0,31,44,3,2
0,0,422,3,6,6,38,50,0,4,17,1,0,41,181,0,8,22,52,10,3
0,0,51,1,3,3,24,28,0,0,8,0,1,8,23,0,0,21,26,5,2
3,0,504,8,11,14,100,132,2,2,625,1,0,102,267,0,10,135,748,15,3
0,0,36,1,0,0,1,2,0,0,8,0,0,3,21,0,0,11,22,3,4
0,0,1007,147,8,10,83,239,8,0,340,9,22,210,83,0,0,172,455,50,3
0,0,423,3,5,5,19,138,0,1,746,1,1,22,291,0,11,48,837,13,2
0,0,107,2,3,3,22,38,0,0,10,0,2,15,26,0,0,35,32,7,2
0,0,89,1,2,2,21,26,0,0,14,0,0,5,23,0,0,15,34,3,2
0,0,23,1,0,0,1,2,0,0,8,0,0,3,21,0,0,15,22,3,4
0,0,252,1,2,2,18,22,0,0,14,0,0,5,26,0,0,17,42,3,2
0,0,35,1,0,0,1,2,0,0,8,0,0,3,21,0,0,11,22,3,0
0,0,129,1,3,3,30,52,0,0,14,0,0,16,29,0,0,29,36,4,2
0,0,156,1,3,3,16,31,0,0,16,0,0,10,24,0,0,20,38,4,2
0,0,2890,11,29,48,538,563,10,0,375,18,29,681,292,0,27,711,1140,146,3
0,0,500,20,7,7,75,144,0,2,33,16,6,79,136,0,0,70,97,22,3
0,0,355,2,6,6,114,152,0,0,20,0,0,13,38,0,0,39,55,6,4
0,0,262,1,2,2,18,22,0,0,14,0,0,5,30,0,0,17,42,3,2
0,0,50,1,0,0,241,18,1,0,8,0,0,163,21,0,0,203,134,3,0
0,0,230,1,3,3,5,12,0,0,10,0,8,14281,56,0,0,54,37,12,1
0,0,436,3,5,5,19,138,0,1,746,1,1,22,290,0,11,48,837,13,2
0,0,89,1,2,2,21,26,0,0,14,0,0,5,23,0,0,15,34,3,2
0,0,51,1,3,3,24,28,0,0,8,0,1,8,23,0,0,21,26,5,2
0,0,55,1,3,3,24,28,0,0,8,0,3,12,23,0,0,25,28,7,2
0,0,54,1,3,3,24,28,0,0,8,0,3,12,23,0,0,25,28,7,2
0,0,52,1,0,0,2,4,0,0,8,0,0,3,21,0,0,9,22,3,1
0,0,16,0,0,1,0,5,0,0,731,0,0,10,12,0,0,0,754,0,3
0,0,435,1,2,2,154,188,0,0,21,0,0,5,29,0,0,37,52,3,1
0,0,392,4,9,12,93,178,0,0,20,5,4,74,60,0,0,70,69,23,0
0,0,252,1,3,3,29,39,0,0,15,0,0,75,56,0,0,81,44,3,1
1,3,1294,13,15,17,66,155,4,2,78,5,20,144,95,1,1,141,224,41,4
0,0,107,3,0,0,9,16,0,0,14,0,0,11,21,0,0,19,40,3,0
0,0,618,11,6,7,18,133,1,2,831,4,2,58,428,0,10,104,965,28,4
0,0,156,2,3,3,1,2,0,0,10,1,0,7,26,0,0,17,33,3,3
0,0,286,3,5,5,7,148,0,1,767,1,2,44,496,0,10,72,878,25,3
0,0,118,1,2,2,15,13,0,0,8,0,0,3,22,0,0,15,23,3,2
0,7,992,6,5,5,199,225,1,5,31,4,29,147,208,0,9,120,125,42,4
0,20,1040,32,8,35,127,456,7,3,627,4,19,206,625,0,16,207,814,49,4
2,24,1330,22,16,26,160,356,8,4,1199,18,34,256,803,0,16,300,1550,100,4
0,0,1503,7,24,33,94,285,5,0,187,6,8,210,242,0,15,268,447,74,3
0,0,478,1,0,0,9,28,0,0,27,1,0,10,26,0,0,25,58,15,4
0,0,173,1,2,2,16,31,0,0,15,0,0,5,27,0,0,17,37,3,2
1,6,972,38,14,15,26,232,1,2,162,10,9,176,518,1,15,228,340,44,4
0,0,425,2,3,3,18,40,0,0,25,2,0,11,32,0,0,27,59,7,0
0,9,748,16,8,9,47,419,1,3,1749,7,5,85,895,0,13,150,1970,34,4
0,0,109,1,2,2,27,46,0,0,14,0,0,7,31,0,0,22,41,3,1
0,0,53,1,3,3,24,28,0,0,8,0,3,12,23,0,0,25,28,7,2
0,0,230,3,10,14,20,30,1,2,19,1,1,36,38,0,0,56,66,7,3
0,0,119,1,2,2,49,65,0,0,14,0,0,7,23,0,0,24,41,3,2
0,0,294,3,5,5,6,147,0,1,799,1,2,44,490,0,10,72,914,25,3
0,0,294,3,5,5,7,149,0,1,767,1,2,44,505,0,10,73,878,25,3
0,0,220,3,4,4,50,64,0,1,17,1,0,24,178,0,8,27,52,10,2
0,0,56,1,3,3,24,28,0,0,8,0,2,10,23,0,0,23,27,6,2
0,0,156,2,3,3,1,2,0,0,10,1,0,7,26,0,0,17,33,3,3
0,0,109,1,3,3,15,25,0,0,14,0,0,8,22,0,0,19,45,3,2
0,0,266,1,2,2,18,22,0,0,14,0,0,5,26,0,0,17,42,3,2
0,0,49,1,0,0,2,4,0,0,8,0,0,3,21,0,0,9,22,3,1
0,0,197,2,4,4,23,49,0,0,15,1,1,24,36,0,0,31,53,10,0
0,0,329,3,6,6,16,77,0,2,534,1,5,39,244,0,11,81,597,19,2
0,0,150,1,0,0,70,95,0,0,14,0,0,7,25,0,0,18,47,3,0
0,4,368,7,9,8,144,107,1,2,26,3,4,111,196,0,8,147,126,20,4
0,0,806,3,5,5,19,119,0,1,772,1,1,22,289,0,10,38,855,13,2
0,0,92,1,3,3,26,33,0,0,10,0,3,12,24,0,0,33,32,7,2
0,0,109,1,2,2,27,46,0,0,14,0,0,7,31,0,0,22,41,3,1
0,0,198,1,3,3,20,40,0,0,16,0,1,15,27,0,0,29,49,6,2
0,0,439,6,1,4,99,104,2,0,46,4,6,205,224,0,19,231,170,74,3
0,0,739,20,5,5,651,350,1,1,40,9,1,136,148,0,0,227,152,5,0
0,0,422,5,1,2,72,102,5,0,45,4,2,179,233,0,23,192,143,54,3
0,0,2904,11,29,48,538,562,10,0,375,18,29,681,296,0,26,711,1140,146,3
0,160,2979,13,29,49,149,500,10,1,562,21,29,387,336,0,33,316,1117,338,3
0,0,328,4,3,3,37,54,0,1,18,1,0,20,182,0,9,30,55,10,3
0,0,56,1,3,3,24,28,0,0,8,0,3,12,23,0,0,25,28,7,2
0,0,409,12,3,4,12,62,1,1,61,7,0,24,171,1,8,41,136,22,4
0,0,596,1,6,10,2,51,1,0,59,9,1,22,33,0,0,44,140,20,3
0,0,375,4,5,6,41,67,0,1,18,1,0,24,185,0,9,30,57,10,3
0,0,302,3,3,3,9,14,0,1,14,1,0,18,177,0,8,19,40,10,2
0,0,51,1,3,3,24,28,0,0,8,0,1,8,23,0,0,21,26,5,2
0,0,416,5,1,2,72,102,5,0,37,4,2,181,221,0,16,190,133,54,3
0,0,263,1,2,2,18,22,0,0,14,0,0,5,26,0,0,17,42,3,2
0,0,173,1,3,3,95,102,0,0,26,0,0,44,24,0,0,16,70,4,3
0,0,264,3,5,5,13,50,0,2,585,1,3,45,277,0,10,76,651,24,1
0,0,133,4,3,3,10,35,0,0,52,3,0,17,42,0,0,28,76,5,0
0,0,297,3,4,4,10,25,0,2,18,1,0,31,181,0,11,36,56,10,3
0,0,5991,19,18,30,1177,582,11,1,12732,13,39,1196,354,0,34,1481,14469,31296,3
0,0,347,3,4,4,36,129,0,1,685,1,0,23,266,0,12,28,748,11,2
0,0,57,1,3,3,24,28,0,0,8,0,3,12,23,0,0,25,28,7,2
0,0,285,3,3,3,9,13,0,1,13,1,0,18,177,0,8,19,38,10,2
0,0,260,1,2,2,18,22,0,0,14,0,0,5,26,0,0,17,42,3,2
0,160,2997,13,29,49,134,507,10,1,567,23,26,386,339,0,42,305,1114,333,3
0,0,225,3,10,14,20,30,1,2,19,1,1,35,42,0,0,56,66,6,3
0,885,185,4,0,0,40,60,0,0,19,0,4,23,30,0,0,22,59,7,0
0,0,3571,115,14,18,110,408,1,0,885,91,5,340,295,0,11,96,1098,38,4
0,6670,2352,17,10,27,714,905,19,1,971,24,76,1092,441,0,64,1030,1945,247,3
0,0,52,1,3,3,24,28,0,0,8,0,1,8,23,0,0,21,26,5,2
0,0,412,3,3,3,9,13,0,1,13,1,0,18,177,0,8,19,38,10,2
0,0,250,4,0,0,53,61,1,0,20,7,2,93,201,0,10,91,97,26,3
0,0,413,5,10,12,81,201,0,2,879,6,5,86,317,0,12,94,977,42,0
0,0,649,41,0,11,508,546,16,0,110,17,2,443,155,0,4,560,598,16,3
0,0,941,3,5,5,19,132,0,1,772,1,1,22,284,0,10,38,857,13,2
1,11,427,9,6,6,116,218,1,1,51,10,9,186,80,1,1,278,180,20,4
0,0,54,1,3,3,24,28,0,0,8,0,3,12,23,0,0,25,28,7,2
0,0,93,1,3,3,26,33,0,0,10,0,3,12,24,0,0,33,32,7,2
0,0,118,1,2,2,49,65,0,0,14,0,0,7,23,0,0,24,41,3,2
0,0,203,3,5,5,15,51,0,1,588,1,2,41,250,0,10,58,651,16,3
0,0,31,1,0,1,2,13,0,0,9,1,0,8,25,0,0,17,27,15,3
1,0,797,11,0,29,349,250,4,0,45,1,3,397,103,0,0,349,401,51,4
0,136,478,14,5,9,125,209,3,0,35,31,12,139,84,0,0,199,171,31,0
0,160,3751,12,31,61,86,550,26,0,672,19,25,373,377,0,47,317,1357,345,3
0,0,210,3,5,5,15,51,0,1,555,1,2,41,250,0,10,58,617,16,3
0,0,147,7,0,0,15,37,0,2,15,6,3,41,40,0,0,35,36,10,0
0,0,55,1,3,3,24,28,0,0,8,0,3,12,23,0,0,25,28,7,2
3,22,974,20,14,16,1721,944,6,2,157,32,97,1894,108,9,6,1791,2027,110,4
0,0,455,1,9,16,53,127,3,0,78,0,2,88,43,0,0,66,201,30,3
2,13,2430,38,12,15,160,481,11,4,419,9,81,554,132,1,2,510,688,147,4
0,6716,2158,17,10,27,605,865,19,2,1088,22,76,981,480,0,64,886,1982,213,3
0,0,404,6,6,10,63,132,5,1,59,5,2,93,242,0,8,113,166,20,0
0,10,527,15,11,12,186,109,1,2,43,6,5,210,84,3,1,221,244,20,4
0,0,361,6,10,12,141,196,1,1,966,6,49,1418,69,0,0,139,1088,120,0
0,0,51,1,3,3,24,28,0,0,8,0,1,8,23,0,0,21,26,5,2
2,30,1878,11,13,22,314,467,8,8,110,24,56,179,112,0,4,201,293,68,4
0,0,249,1,2,2,18,22,0,0,14,0,0,5,26,0,0,17,42,3,2
0,0,369,3,4,4,36,127,0,1,685,1,0,23,266,0,11,28,748,11,2
0,0,90,1,3,3,20,28,0,0,9,0,1,8,25,0,0,21,28,5,2
0,0,318,4,3,4,28,46,0,1,19,1,0,22,182,0,9,30,58,10,3
0,0,217,3,4,4,43,90,0,0,15,1,2,40,49,0,0,62,56,12,0
0,0,85,1,2,2,17,21,0,0,14,0,0,5,22,0,0,15,34,3,2
0,0,468,3,5,5,29,186,0,2,1159,1,1,22,318,0,10,55,1271,13,2
0,0,187,2,6,6,37,68,1,0,17,2,1,57,45,0,1,69,69,28,3
0,0,268,1,2,2,18,22,0,0,14,0,0,5,26,0,0,17,42,3,2
0,0,255,2,3,3,18,40,0,0,25,2,0,11,32,0,0,27,59,7,0
0,0,261,4,5,5,65,48,1,1,19,2,0,64,191,0,12,67,81,10,3
0,0,271,1,3,3,101,117,0,0,14,0,11,30,23,0,0,44,55,15,4
0,0,248,2,3,3,18,40,0,0,25,2,0,11,32,0,0,27,59,7,0
0,0,71,1,2,2,30,31,0,0,8,0,0,3,22,0,0,31,23,3,3
0,0,197,7,7,9,17,53,0,0,15,5,2,40,37,0,0,39,61,22,0
0,0,1746,15,17,26,173,450,11,1,1528,11,26,293,367,0,27,482,1915,92,3
1,24,480,4,4,4,109,170,0,0,26,0,4,34,65,2,0,72,72,9,4
0,0,252,1,2,2,18,22,0,0,14,0,0,5,30,0,0,17,42,3,2
0,0,425,4,9,12,182,324,0,0,20,5,4,64,52,0,0,66,71,25,0
0,0,56,1,0,0,1,2,0,0,9,0,0,3,21,0,0,11,24,3,1
0,0,321,4,3,4,24,42,0,1,19,1,0,22,182,0,9,30,58,10,3
0,0,177,1,2,2,16,31,0,0,15,0,0,5,27,0,0,17,37,3,2
0,0,57,1,0,1,84,50,1,0,10,1,0,88,21,0,0,100,109,15,3
2,7,935,14,9,10,248,304,2,1,135,5,4,179,457,2,11,263,385,31,4
0,0,364,4,6,6,55,320,0,3,405,1,2,56,729,0,11,118,598,46,3
0,0,485,8,10,14,130,144,1,4,22,1,1,44,55,0,0,73,77,9,3
0,0,570,1,5,6,309,162,2,0,73,0,4,253,64,0,0,316,338,67,0
0,0,238,3,6,8,19,31,0,2,16,0,0,5,22,0,0,21,44,3,3
0,0,417,3,5,5,19,134,0,1,960,1,1,22,290,0,11,48,1057,13,2
0,0,121,1,2,2,20,42,0,0,14,0,0,11,29,0,0,28,42,3,2
0,0,152,1,3,3,16,27,0,0,16,0,0,10,24,0,0,20,38,4,2
0,0,51,1,3,3,24,28,0,0,8,0,1,8,23,0,0,21,26,5,2
0,0,56,1,3,3,24,28,0,0,8,0,3,12,23,0,0,25,28,7,2
0,0,154,2,3,3,1,2,0,0,10,1,0,7,26,0,0,17,33,3,3
0,0,204,1,2,2,15,53,0,0,16,0,0,21,43,0,0,56,38,3,2
0,0,1517,7,24,33,94,288,5,0,187,6,4,201,242,0,23,263,442,69,3
0,0,374,2,3,3,3,36,0,0,17,1,0,25,79,0,0,43,57,8,0
0,0,712,3,6,6,15,61,0,1,507,1,2,46,256,0,11,70,572,13,2
0,0,93,1,3,3,26,33,0,0,10,0,3,12,24,0,0,33,32,7,2
0,0,158,1,3,3,54,89,1,0,16,0,0,18,23,0,0,33,53,3,1
0,0,449,1,2,2,139,180,0,0,26,0,0,5,29,0,0,49,60,3,1
0,0,182,2,3,3,18,40,0,0,25,2,0,11,32,0,0,27,59,7,0
0,0,315,1,3,3,103,76,1,2,15,0,0,57,40,0,0,91,92,3,4
0,0,125,1,3,3,51,70,0,0,14,0,4,16,23,0,0,46,48,8,2
0,0,1003,15,6,12,92,311,8,2,297,16,28,236,320,0,24,273,605,72,0
0,0,228,1,2,8,31,92,0,0,15,12,0,5,64,0,20,19,54,3,1
0,0,298,3,5,5,7,147,0,1,729,1,2,44,486,0,10,72,839,22,3
0,0,51,1,3,3,24,28,0,0,8,0,1,8,23,0,0,21,26,5,2
0,0,67,1,0,0,2,3,0,0,8,0,0,3,21,0,0,15,22,3,3
0,0,157,1,3,3,16,27,0,0,16,0,0,10,28,0,0,20,38,4,2
0,0,322,4,8,8,77,123,1,1,421,4,0,37,232,0,10,42,490,15,0
0,0,122,1,3,3,33,61,0,0,14,0,0,16,29,0,0,33,44,4,2
0,0,225,1,3,3,46,59,0,0,14,0,1,10,28,0,0,22,43,5,1
0,0,51,1,3,3,24,28,0,0,8,0,1,8,23,0,0,21,26,5,2
0,0,942,11,12,16,68,214,3,0,120,10,8,115,78,0,0,120,306,73,0
0,0,188,4,4,6,9,38,0,0,16,0,0,22,40,0,1,25,61,4,0
0,0,188,2,3,3,18,40,0,0,25,2,0,11,36,0,0,27,59,7,0
1,17,534,12,18,23,78,106,4,0,64,8,38,254,61,0,2,142,248,59,4
0,0,330,4,4,6,46,151,2,1,34,1,1,44,208,0,8,78,104,14,0
0,0,2900,11,29,48,551,564,10,0,375,18,29,691,296,0,26,723,1147,146,3
0,0,291,1,3,3,29,39,0,0,15,0,0,73,58,0,0,79,44,3,1
0,0,108,2,0,2,26,29,0,0,10,0,0,11,22,0,0,22,33,16,3
0,0,290,3,3,3,9,14,0,1,14,1,0,18,177,0,8,19,40,10,2
0,0,770,10,9,12,11,103,3,0,226,0,3,98,53,0,1,163,340,56,3
0,0,138,1,2,2,1,5,0,0,10,10,0,23,28,0,0,30,27,39,1
0,0,369,3,4,4,36,126,0,1,684,1,0,23,266,0,11,28,747,11,2
1,4,1006,18,8,8,788,510,1,8,572,56,42,597,283,26,11,721,1258,60,4
0,0,217,1,3,3,6,13,0,0,10,0,19,14256,54,0,0,65,48,23,1
0,0,33,1,0,1,16,13,1,0,10,1,0,20,21,0,0,32,41,15,3
0,0,141,10,9,16,11,69,0,0,51,5,0,80,43,0,1,29,132,3,3
0,0,372,3,3,3,9,13,0,1,13,1,0,18,177,0,8,19,38,10,2
0,0,75,1,2,2,36,43,0,0,8,0,0,7,24,0,0,18,23,3,2
5,24,998,38,14,19,361,360,5,3,96,16,60,384,294,0,26,386,488,84,4
0,0,946,50,11,145,514,734,17,2,157,4,13,425,285,0,3,588,730,17,1
0,0,330,1,4,5,6,55,1,0,64,0,0,12,31,0,0,52,139,14,1
0,0,248,1,3,3,29,39,0,0,15,0,0,73,59,0,0,79,44,3,1
0,0,212,1,4,4,8,73,0,0,61,0,0,13,73,8,0,153,95,4,3
0,0,231,3,4,4,20,37,0,1,17,1,0,25,179,0,8,39,55,11,2
0,0,259,1,3,4,2,45,1,0,58,0,0,14,39,0,11,41,125,14,1
0,0,54,1,3,3,24,28,0,0,8,0,3,12,23,0,0,25,28,7,2
0,0,31,1,0,1,16,11,1,0,10,1,0,20,21,0,0,32,41,15,3
0,0,1672,4,3,3,18,5,1,0,12,1,0,17,24,0,0,33,48,3,0
0,0,169,1,3,3,5,18,0,0,16,0,0,8,33,0,0,74,40,4,1
1,24,1175,21,13,27,539,297,2,6,49,4,25,444,79,2,4,556,571,37,4
0,0,261,3,6,6,21,75,0,2,689,5,1,30,303,0,11,51,753,14,1
0,0,92,1,3,3,26,33,0,0,10,0,3,12,24,0,0,33,32,7,2
0,0,902,4,13,16,70,209,2,0,174,19,24,117,403,0,20,142,369,63,1
0,0,747,1,6,8,21,566,1,0,64,3,1,19,68,0,0,74,147,17,3
0,0,389,1,3,3,1,116,0,0,548,0,2,27,242,0,1,62,678,6,1
0,0,87,1,3,3,26,33,0,0,10,0,3,12,24,0,1,33,32,7,2
0,0,120,1,2,2,49,65,0,0,14,0,0,7,27,0,0,24,41,3,2
2,0,773,15,5,5,156,266,0,0,30,8,11,104,249,0,8,46,117,23,4
17,35,482,25,6,6,233,165,1,1,38,2,8,160,194,0,8,219,218,19,4
0,0,161,1,2,2,15,25,0,0,30,0,0,5,24,0,0,21,55,3,2
0,0,297,4,7,7,24,62,0,1,511,3,1,27,244,0,10,41,573,16,0
0,0,310,3,5,5,6,149,0,1,712,1,2,44,498,0,11,72,824,25,3
0,0,168,2,0,0,25,34,0,0,14,0,0,5,26,0,0,15,40,3,1
0,3,591,6,11,11,83,376,1,3,1176,1,2,73,912,0,12,131,1335,17,4
0,0,125,1,3,3,125,27,1,0,11,0,0,97,27,0,0,135,99,3,1
0,0,59,1,3,3,31,35,0,0,8,0,3,12,23,0,0,25,28,7,2
0,0,300,3,3,3,9,14,0,1,14,1,0,18,177,0,8,19,40,10,2
0,0,224,1,3,3,5,12,0,0,10,0,7,22,52,0,0,53,36,11,1
0,0,200,7,3,3,31,45,0,0,45,0,0,10,36,0,0,22,74,4,2
0,0,155,1,3,3,16,29,0,0,16,0,0,10,24,0,0,20,38,4,2
0,0,140,1,2,2,25,39,0,0,15,0,0,7,26,0,1,18,44,3,1
0,0,54,1,3,3,24,28,0,0,8,0,3,12,23,0,0,25,28,7,2
2,17,1644,20,20,22,145,429,5,2,972,19,18,187,487,0,18,252,1295,51,4
3,53,1464,48,21,25,885,815,7,12,1526,28,122,902,931,0,20,910,2219,160,4
0,0,109,1,2,2,27,46,0,0,14,0,0,7,31,0,0,22,41,3,1
0,0,649,7,5,5,265,403,1,7,924,2,1,144,345,0,11,233,1118,16,0
0,0,92,1,3,3,26,33,0,0,10,0,3,12,24,0,0,33,32,7,2
0,0,501,6299,13,15,62,318,1,1,1685,4,5,187,1114,0,13,206,1925,94,0
0,0,274,3,5,7,59,96,3,1,32,5,1,58,55,0,0,89,115,13,0
0,0,265,1,3,3,29,39,0,0,15,0,0,75,56,0,0,81,44,3,1
2,22,1227,17,28,53,508,434,5,6,71,4,16,326,213,0,10,354,432,29,4
0,0,406,3,5,5,19,141,0,1,962,1,1,22,289,0,11,52,1059,13,2
0,0,421,5,0,3,73,106,5,0,46,5,2,186,226,0,24,194,149,67,3
0,0,1934,7,4,4,29,105,0,0,17,5,4,58,67,0,0,69,57,15,0
0,0,212,1,7,10,43,54,0,2,15,0,0,8,31,0,0,29,38,5,1
0,0,57,1,0,1,82,49,1,0,10,1,0,86,21,0,0,98,107,15,3
0,0,362,1,4,4,180,136,1,0,15,0,0,91,25,0,0,78,86,80,0
0,0,121,1,2,2,49,65,0,0,14,0,0,7,31,0,0,24,41,3,2
0,0,525,9,7,7,94,303,0,2,692,14,13,120,398,0,14,186,827,42,0
0,0,301,3,5,5,7,153,0,1,748,1,2,44,492,0,10,73,859,25,3
0,0,1558,9,10,11,404,503,2,11,66,1,28,319,284,0,8,305,489,26,3
0,0,1115,1,3,3,7,19,0,0,18,1,0,6,31,0,0,31,42,3,3
0,0,82,0,2,2,45,48,0,0,2,5,0,1,19,0,1,20,50,0,2
0,0,146,1,2,2,11,61,0,0,15,0,0,33,40,0,0,50,37,3,1
0,0,360,3,4,4,33,151,0,1,696,1,17,60,274,0,11,67,774,28,2
0,0,157,1,3,3,16,27,0,0,16,0,0,10,24,0,0,20,46,4,2
0,0,134,1,0,0,4,27,3,0,12,0,0,25,27,0,2,25,30,21,3
0,0,317,3,5,5,27,89,0,5,834,1,2,46,541,0,11,87,931,34,3
0,0,301,3,6,6,165,104,1,1,598,1,2,135,268,0,21,178,735,16,1
0,0,511,1,7,7,284,325,0,0,15,0,2,49,32,0,0,115,61,6,4
0,0,218,4,0,0,33,47,1,0,20,7,2,73,197,0,10,71,77,26,3
0,0,3024,12,12,24,234,533,13,4,1202,10,11,285,364,1,22,429,1862,117,3
0,0,167,1,2,2,25,35,0,0,14,0,0,7,23,1,0,16,34,3,4
0,0,147,1,2,2,11,61,0,0,15,0,0,33,44,0,0,50,37,3,1
1,0,142,3,0,0,26,15,1,0,9,1,0,23,25,0,0,36,37,3,4
0,0,86,2,3,3,26,39,0,0,10,0,3,17,26,0,0,43,33,8,2
0,0,183,1,2,2,16,33,0,0,15,0,0,5,27,0,0,23,37,3,2
0,0,123,2,2,2,31,42,0,0,14,0,0,9,25,0,0,21,35,3,2
1,13,1348,7,11,12,663,121,4,2,48,6,18,582,84,0,2,593,511,26,4
0,0,360,4,4,10,67,111,7,0,64,0,0,47,47,0,0,52,171,3,0
0,0,448,1,9,16,47,115,3,0,79,0,3,97,48,0,1,67,203,31,3
0,0,420,3,5,5,19,141,0,1,818,1,1,22,290,0,11,48,911,13,2
0,0,504,42,4,4,510,694,1,84,74,29,7,302,59,0,0,589,369,12,4
1,0,808,11,24,25,75,164,16,0,134,11,9,190,77,0,5,162,336,91,3
0,0,800,171,9,12,58,332,10,1,566,66,11,163,101,0,0,157,712,38,3
0,0,341,6,10,15,11,79,0,1,667,3,2,47,291,0,12,63,743,27,0
0,0,55,1,3,3,24,28,0,0,8,0,3,12,23,0,0,25,28,7,2
2,34,1338,12,22,56,999,444,19,0,3510,2,24,907,134,1,1,981,5336,42,4
0,0,440,1,2,2,139,180,0,0,26,0,0,5,29,0,0,49,60,3,1
0,0,382,12,6,6,26,106,0,1,801,1,3,55,443,0,10,105,900,18,1
0,0,156,2,3,3,1,2,0,0,10,1,0,7,26,0,0,17,33,3,3
0,160,2954,13,29,49,160,501,10,1,562,21,27,393,337,0,34,328,1127,335,3
0,0,261,3,4,6,47,96,2,1,31,4,1,31,44,0,0,44,84,12,0
0,0,424,3,5,5,19,135,0,1,765,1,1,22,294,0,11,48,857,13,2
0,0,2884,11,29,48,551,566,10,0,375,17,29,691,300,0,26,723,1147,146,3
0,0,56,1,0,0,1,2,0,0,9,0,0,3,21,0,0,11,24,3,1
0,0,282,1,5,5,121,103,1,1,16,0,0,39,40,0,0,95,80,6,2
0,0,181,2,2,2,32,48,0,0,35,0,0,9,28,0,0,25,61,3,2
0,0,533,7,8,11,235,366,1,4,1330,2,7,146,704,0,11,204,1537,22,1
0,0,301,4,6,8,52,69,1,1,19,1,0,52,192,0,8,54,78,11,3
0,0,776,5,11,14,61,160,1,2,716,7,7,86,283,0,11,103,857,52,0
1,62,1159,36,17,29,448,765,2,5,3012,60,35,350,892,6,17,484,3556,92,4
0,0,181,2,2,2,31,45,0,0,35,0,0,9,29,0,0,25,61,3,2
0,2,483,16,10,23,341,485,3,2,24,6,2,195,63,0,1,263,226,12,4
0,0,272,3,6,6,15,58,0,1,555,1,2,46,260,0,11,70,621,13,2
0,0,53,1,3,3,24,28,0,0,8,0,3,12,23,0,0,25,28,7,2
0,0,234,2,5,5,143,92,1,0,21,1,0,61,35,0,0,69,91,5,0
0,0,156,1,2,2,15,27,0,0,15,0,0,5,27,0,0,21,37,3,2
0,0,690,97,8,8,116,180,1,0,51,13,17,161,85,0,3,142,156,32,1
0,0,454,3,6,6,17,116,0,1,778,1,7,39,273,0,11,72,865,20,2
0,0,352,3,4,4,36,127,0,1,684,1,0,23,266,0,11,28,747,11,2
0,0,185,2,3,3,18,40,0,0,25,3,0,11,36,0,0,27,59,7,0
0,0,543,4,4,4,114,143,0,3,17,5,1,15,34,3,0,28,43,5,4
0,0,260,3,8,11,64,101,1,0,30,3,2,52,54,0,0,59,87,15,0
0,0,461,3,6,6,17,113,0,1,762,1,7,39,281,0,11,72,848,20,2
0,0,88,2,3,3,26,39,0,0,10,0,3,17,26,0,0,37,33,8,2
0,0,122,1,3,3,124,26,1,0,11,0,0,97,27,0,0,135,99,3,1
0,0,195,3,5,5,6,40,0,1,550,1,2,41,262,0,10,59,610,16,3
0,0,494,7,15,26,40,111,0,1,820,5,7,90,299,0,11,87,920,54,0
0,0,695,75,0,7,528,507,9,0,101,5,6,471,170,0,6,608,649,47,3
0,0,579,3,6,6,31,70,0,1,476,1,2,42,247,0,10,60,538,19,1
0,0,124,1,2,2,41,51,0,0,14,0,0,7,23,0,0,20,33,3,2
0,0,316,3,5,5,27,89,0,5,813,1,2,46,527,0,11,87,909,34,3
0,0,571,7,0,1,42,149,6,0,93,3,0,254,260,0,10,154,169,72,3
0,0,108,2,0,2,26,29,0,0,10,0,0,11,22,0,0,22,33,16,3
0,0,532,4,7,7,488,141,1,1,111,4,1,425,228,0,8,476,453,19,0
0,0,87,1,3,3,20,27,0,0,10,0,3,12,24,0,0,33,32,7,2
1,7,1616,7,8,10,193,229,3,0,85,1,2,106,91,1,1,190,259,20,4
0,0,291,6,6,6,165,108,1,1,1281,1,2,135,261,0,10,178,1439,16,1
3,32,1243,26,14,15,414,328,4,4,77,40,64,553,112,10,5,535,613,82,4
0,0,188,1,2,2,16,33,0,0,15,0,0,5,27,0,0,23,37,3,2
0,0,161,1,3,3,56,46,1,0,18,0,0,27,30,0,0,56,62,3,1
0,0,387,3,6,6,17,116,0,1,638,1,7,39,274,0,11,72,721,20,2
0,0,295,3,5,5,7,147,0,1,729,1,2,44,484,0,10,72,840,25,3
0,160,2936,13,29,49,149,502,10,1,565,21,29,387,343,0,33,316,1120,338,3
0,6655,2393,18,10,27,764,964,19,2,975,24,83,1171,467,0,65,1101,2013,263,3
0,0,118,1,2,2,49,65,0,0,14,0,0,7,23,0,0,24,41,3,2
0,0,217,1,7,10,31,41,0,0,15,0,0,8,26,0,0,15,40,5,3
0,0,97,2,3,3,1,3,0,0,10,0,0,4,21,0,0,11,29,3,4
0,0,117,1,3,3,29,54,0,0,14,0,0,14,28,0,0,31,44,4,2
0,0,321,1,2,2,159,211,0,0,16,0,0,5,29,0,0,45,54,3,1
0,0,56,1,3,3,24,28,0,0,8,0,2,10,23,0,0,23,27,6,2
0,3,614,1,5,11,74,103,7,1,109,0,15,96,44,0,1,140,296,36,3
2,2,1294,38,6,7,132,318,5,4,296,9,52,370,100,0,1,282,433,101,4
0,0,198,7,3,3,31,45,0,0,45,0,0,10,36,0,0,22,74,4,2
0,0,92,1,3,3,26,33,0,0,10,0,3,12,24,0,0,33,32,7,2
0,0,1315,3,4,4,259,435,0,0,18,1,0,27,1504,0,8,31,48,10,1
0,0,312,1,7,10,400,581,0,4,15,0,0,8,27,0,0,43,39,5,1
0,0,118,1,2,2,15,13,0,0,8,0,0,3,22,0,0,15,23,3,2
0,60,502,5,5,7,196,157,1,2,933,1,6,150,331,0,11,398,1110,19,1
0,0,306,4,3,4,24,42,0,1,19,1,0,22,182,0,9,30,58,10,3
0,0,129,1,2,2,18,29,0,0,14,0,0,7,25,0,0,18,34,3,2
0,0,247,4,0,0,53,61,1,0,20,7,2,93,193,0,10,91,97,26,3
1,16,703,13,7,22,90,169,6,0,155,7,19,225,83,0,5,205,352,36,4
2,98,3324,37,19,27,232,712,6,3,1330,18,37,432,945,0,20,435,1858,81,4
1,0,290,19,5,5,293,119,1,0,16,1,0,227,41,1,0,291,303,5,4
3,18,1332,9,11,12,242,171,2,6,53,7,11,210,68,0,4,213,262,19,4
0,0,282,1,3,3,2386,208,1,0,16,0,0,1827,28,0,0,2220,1337,3,1
4,39,3374,21,14,21,860,253,3,1,148,18,44,824,110,0,8,940,812,83,4
0,0,146,1,2,2,11,61,0,0,15,0,0,33,40,0,0,50,37,3,1
0,0,169,1,3,3,5,18,0,0,16,0,0,8,33,0,0,74,40,4,1
0,0,813,3,5,5,19,117,0,1,770,1,1,22,281,0,10,38,854,13,2
1,28,662,20,10,11,63,142,1,0,80,9,29,186,233,2,12,145,212,49,4
0,0,170,1,3,3,5,18,0,0,16,0,0,8,33,0,0,74,40,4,1
0,0,58,1,0,0,1,2,0,0,9,0,0,3,21,0,0,11,24,3,1
0,0,57,1,0,0,1,2,0,0,9,0,0,3,21,0,0,11,24,3,1
0,0,68,1,3,3,20,27,0,0,10,0,3,12,24,0,0,33,32,7,2
0,4,275,3,4,6,58,104,0,0,24,8,3,28,51,0,0,37,81,12,0
0,0,87,0,2,2,45,48,0,0,2,5,0,1,11,0,1,20,50,0,2
0,0,434,1,2,2,39,57,0,1,15,0,0,6,23,0,0,21,49,5,3
0,0,54,1,3,3,24,28,0,0,8,0,3,12,23,0,0,25,28,7,2
0,0,56,1,0,0,1,2,0,0,9,0,0,3,21,0,0,11,24,3,1
0,20,2172,9,37,56,17,246,6,4,335,9,6,107,499,0,11,1074,545,43,4
0,0,259,1,3,3,614,252,1,0,252,0,0,391,31,0,0,472,769,3,1
0,0,267,1,2,2,18,22,0,0,14,0,0,5,26,0,0,17,42,3,2
0,0,413,3,5,5,19,135,0,1,963,1,1,22,290,0,11,48,1060,13,2
0,0,313,4,1,3,230,102,2,0,30,4,5,476,221,0,25,326,212,90,3
0,0,201,2,3,3,18,49,0,0,25,2,0,11,36,0,0,27,59,7,0
0,0,146,1,2,2,6,17,0,0,15,0,0,9,26,0,0,22,36,3,2
0,0,56,1,0,0,1,2,0,0,9,0,0,3,21,0,0,11,24,3,1
0,0,108,2,0,2,26,29,0,0,10,0,0,11,22,0,0,22,33,16,3
0,0,253,1,2,2,43,63,0,0,15,0,0,5,27,0,0,31,44,3,2
0,9,481,3,5,5,181,174,1,5,55,12,0,55,35,0,0,92,135,10,4
0,0,337,22,0,0,75,87,1,1,96,2,3,153,218,0,8,140,229,85,1
0,0,263,1,2,2,18,22,0,0,14,0,0,5,26,0,0,17,42,3,2
0,0,273,3,6,6,15,58,0,1,555,1,2,46,260,0,11,70,621,13,2
0,0,304,3,9,23,38,71,0,0,17,4,3,45,61,0,0,45,72,46,0
0,160,2949,13,29,49,149,504,10,1,559,21,29,387,342,0,33,316,1114,338,3
0,0,319,3,6,6,16,75,0,2,469,1,5,39,244,0,11,81,530,19,2
0,0,403,3,6,6,19,132,0,1,773,1,7,39,290,0,11,62,861,20,2
0,0,177,2,2,2,31,45,0,0,35,0,0,9,29,0,0,21,61,3,2
0,0,155,1,3,3,16,27,0,0,16,0,0,10,24,0,0,20,38,4,2
8,44,3563,31,15,17,1299,268,5,3,133,18,41,1148,150,0,10,1318,1013,85,4
0,0,114,3,0,0,11,15,0,1,12,1,0,19,176,0,8,23,32,10,0
0,0,227,1,3,3,43,81,0,0,16,0,3,28,38,0,0,84,42,7,2
0,0,293,3,5,5,6,147,0,1,767,1,2,44,503,0,10,72,880,25,3
0,0,2482,71,29,44,738,783,13,3,737,30,33,1304,489,0,22,1016,1792,125,3
0,0,2653,27,26,51,107,512,41,1,651,20,30,371,350,0,48,344,1344,176,3
0,0,120,1,3,3,51,70,0,0,14,0,4,16,23,0,0,46,48,8,2
0,32926,493,5,6,6,42,117,1,1,1152,2,7,58,272,0,16,113,1248,21,3
0,0,278,4,5,5,29,64,0,1,18,2,2,52,206,0,8,48,67,20,0
0,0,55,1,0,0,1,2,0,0,9,0,0,3,21,0,0,11,24,3,1
0,0,884,3,7,8,51,116,1,0,66,1,11,44,34,0,0,68,166,27,3
0,0,227,1,3,3,5,12,0,0,10,0,8,14130,56,0,0,54,37,12,1
0,0,67,1,0,0,2,3,0,0,8,0,0,3,21,0,0,15,22,3,3
0,0,52,1,3,3,24,28,0,0,8,0,1,8,23,0,0,21,26,5,2
0,0,58,1,0,1,82,49,1,0,10,1,0,86,25,0,0,98,107,15,3
0,0,102,1,2,2,16,22,0,0,14,0,0,5,22,0,0,15,34,3,2
3,72,1152,63,19,23,927,854,4,14,422,79,75,881,912,26,27,1078,1472,96,4
0,0,232,1,3,3,20,37,0,0,16,0,0,10,26,0,0,23,47,4,2
0,0,62,1,2,2,27,28,0,0,8,0,0,3,21,0,0,15,23,3,2
0,0,206,2,3,3,112,120,1,0,11,0,0,87,62,0,7,133,94,3,1
0,0,276,1,3,3,29,39,0,0,15,0,0,73,55,0,0,79,44,3,1
0,0,234,3,3,3,20,43,0,1,19,1,0,28,189,0,8,47,57,10,2
0,0,44,1,0,0,4,5,0,0,8,0,0,3,21,0,0,15,22,3,4
0,0,761,6,6,6,408,487,1,3,708,2,3,174,259,0,10,74,1051,18,1
0,0,657,15,11,20,1,69,88,0,106,50,1,309,44,0,5,74,245,183,3
1,3,567,7,12,15,132,206,1,2,809,3,16,161,324,0,12,162,969,34,4
0,0,113,1,2,2,2,8,0,0,16,0,0,5,21,0,0,21,37,3,1
0,0,261,1,3,3,29,39,0,0,15,0,0,75,56,0,0,81,44,3,1
0,0,2381,1,2,2,95,105,0,0,14,0,0,9,22,0,0,13,33,3,4
0,0,369,3,5,5,70,543,0,1,1185,1,3,46,1562,0,11,86,1482,19,1
0,0,297,3,3,3,9,14,0,1,14,1,0,18,177,0,8,19,40,10,2
0,0,50,1,3,3,24,28,0,0,8,0,1,8,23,0,0,21,26,5,2
0,0,51,1,3,3,24,28,0,0,8,0,1,8,23,0,0,21,26,5,2
0,0,185,1,3,3,15,20,0,0,16,0,0,7,22,0,0,16,38,3,2
0,0,925,4,3,5,40,180,3,0,248,4,9,415,239,0,26,156,431,110,3
0,0,95,1,2,2,13,18,0,0,14,0,0,5,22,0,0,17,42,3,2
0,0,67,1,3,3,38,42,0,0,8,0,0,6,23,0,0,20,25,4,2
4,30,1107,27,16,26,256,397,9,7,854,18,51,503,880,2,16,421,1320,95,4
0,0,37,1,0,0,1,2,0,0,8,0,0,3,21,0,0,11,22,3,0
0,0,80,1,3,3,26,33,0,0,10,0,3,12,24,0,0,33,32,7,2
0,0,68,1,3,3,36,43,0,0,10,0,2,10,24,0,0,29,31,6,2
0,0,805,1,5,7,31,91,1,0,66,0,0,11,43,0,0,64,434,595,1
0,0,125,2,2,2,31,42,0,0,14,0,0,9,25,0,0,21,35,3,2
0,0,120,1,2,2,49,65,0,0,14,0,0,7,27,0,0,24,41,3,2
0,3744,401,2,0,2,461,322,5,0,33,4,12,527,115,0,8,639,365,122,3
0,0,1326,9,9,9,389,493,1,11,66,1,11,282,255,0,10,289,471,25,3
0,0,600,17,7,8,119,201,2,4,1070,6,3,120,489,0,10,143,1236,32,4
0,0,508,24,43,63,1193,437,11,0,87,32,23,1018,131,0,1,1337,689,101,0
0,0,54,1,3,3,24,28,0,0,8,0,3,12,23,0,0,25,28,7,2
1,0,289,10,0,1,216,89,1,0,13,3,1,206,66,0,0,210,150,4,4
0,0,299,4,7,7,24,62,0,1,529,3,1,27,252,0,10,41,591,16,0
3,9,531,11,11,12,246,189,4,3,44,9,15,255,60,1,2,233,271,23,4
0,0,336,6,10,15,11,83,0,1,787,3,2,47,293,0,11,63,866,27,0
0,0,131,3,3,3,47,52,1,0,15,0,0,21,24,0,0,45,49,3,4
0,0,84,1,2,2,17,23,0,0,14,0,0,5,22,0,0,15,34,3,2
0,0,58,1,3,3,31,35,0,0,8,0,3,12,23,0,0,25,28,7,2
0,0,864,3,5,5,16,110,0,1,700,1,1,22,275,0,10,38,776,13,2
0,0,254,1,2,2,43,63,0,0,15,0,0,5,35,0,0,31,44,3,2
0,0,742,16,0,6,93,222,11,2,95,13,4,188,282,0,20,134,258,55,3
0,0,202,1,2,2,21,40,0,0,16,0,0,20,42,0,0,32,58,31,1
6,32,843,44,8,8,327,610,4,9,125,1,17,331,537,1,16,252,352,35,4
0,0,164,1,3,3,95,102,0,0,26,0,0,44,28,0,0,16,70,4,3
0,0,407,3,6,6,16,113,0,1,763,1,7,39,275,0,11,72,847,20,2
0,0,55,1,3,3,24,28,0,0,8,0,3,12,23,0,0,25,28,7,2
0,0,70,1,2,2,6,13,0,0,14,0,0,9,21,0,0,15,38,3,2
0,0,318,4,3,5,230,102,2,0,38,5,6,480,217,0,29,325,227,93,3
0,0,158,1,3,3,136,13,1,0,11,0,0,107,36,0,0,151,108,3,1
1,9,611,13,8,12,177,166,1,4,41,5,10,118,207,0,10,154,159,23,4
0,0,202,3,3,3,25,42,0,1,23,1,0,20,182,0,8,25,51,10,1
0,0,722,4,7,9,183,434,2,3,92,6,6,73,676,0,11,139,356,26,0
0,0,170,1,3,3,5,18,0,0,16,0,0,8,33,0,0,74,40,4,1
0,0,569,21,10,12,62,182,0,2,1530,12,7,111,469,0,11,158,1689,257,3
0,0,423,1,2,2,154,188,0,0,26,0,0,5,33,0,0,37,58,3,1
0,0,81,0,2,2,45,48,0,0,2,5,0,1,11,0,1,20,50,0,2
0,3,607,1,5,11,74,103,7,1,109,0,15,96,44,0,1,140,296,36,3
3,0,504,8,11,14,89,127,2,2,662,1,0,96,265,0,10,126,779,15,3
0,0,167,1,0,1,109,50,1,0,14,1,0,103,32,0,5,201,100,25,3
0,0,55,1,3,3,24,28,0,0,8,0,3,12,23,0,0,25,28,7,2
0,9,450,21,10,23,92,181,2,0,46,6,35,151,62,0,2,103,129,59,4
1,119,2212,28,19,28,76,198,2,0,1072,7,12,160,171,0,7,191,1328,51,3
0,0,216,1,3,3,6,25,0,0,10,0,13,14079,58,0,0,59,42,17,1
0,0,336,3,6,6,16,76,0,2,534,1,5,38,244,0,11,76,597,19,2
0,0,225,2,2,2,67,75,0,0,14,0,0,5,26,0,0,15,41,5,3
1,0,660,25,0,0,198,359,1,4,791,4,15,138,388,2,11,132,951,33,4
0,0,51,1,3,3,24,28,0,0,8,0,1,8,23,0,0,21,26,5,2
0,0,184,1,4,4,258,53,1,0,17,0,0,192,33,0,0,259,178,4,2
3,23,406,21,11,12,247,190,2,1,62,15,26,295,65,3,5,333,400,36,4
4,32,984,29,16,19,484,327,7,4,52,35,32,462,88,8,4,510,569,77,4
0,0,119,1,2,2,49,65,0,0,14,0,0,7,23,0,0,24,41,3,2
1,0,717,6,5,5,214,275,0,7,685,1,3,32,254,1,10,65,754,14,4
0,0,117,2,3,3,1,17,0,0,9,1,0,14,29,0,0,22,27,4,0
0,0,91,1,2,2,21,29,0,0,14,0,0,7,24,0,0,16,34,3,2
0,0,958,8,8,8,252,442,1,4,1202,3,3,183,744,0,12,136,1596,40,1
0,0,56,1,0,0,1,2,0,0,9,0,0,3,21,0,0,11,24,3,1
2,27,9077,19,24,29,1179,6462,5,4,119,34,37,1075,109,10,6,1157,7157,81,4
0,0,101,1,2,2,17,21,0,0,14,0,0,5,22,0,0,15,34,3,2
0,0,113,2,3,3,2,29,0,0,9,0,1,14,57,0,0,35,28,7,1
8,50,740,49,13,16,166,649,2,4,857,4,23,319,842,0,19,284,1117,40,4
0,0,51,1,3,3,24,28,0,0,8,0,1,8,23,0,0,21,26,5,2
0,0,367,3,4,4,36,126,0,1,684,1,0,23,266,0,11,28,747,11,2
0,3,302,1,5,5,175,128,1,0,18,0,15,103,32,0,0,120,99,27,4
0,0,306,3,3,3,9,14,0,1,14,1,0,18,177,0,8,19,40,10,2
0,160,3000,13,29,49,149,503,10,1,562,21,29,385,337,0,33,316,1117,338,3
0,0,52,1,3,3,24,28,0,0,8,0,1,8,23,0,0,21,26,5,2
0,0,31,1,3,3,1,0,0,0,8,0,0,5,23,0,6,19,23,3,3
0,0,255,1,2,2,37,41,0,0,14,0,0,5,26,0,0,17,41,3,2
0,0,203,2,3,3,18,49,0,0,25,1,0,11,32,0,0,27,59,7,0
0,0,747,1,6,8,21,619,1,0,64,3,1,19,74,0,0,74,147,17,3
0,0,162,1,2,2,15,25,0,0,30,0,0,5,28,0,0,21,55,3,2
0,0,280,1,3,3,29,39,0,0,15,0,0,75,60,0,0,81,44,3,1
0,0,755,26,35,82,154,337,20,3,1187,12,39,268,344,1,11,162,1371,139,4
0,0,124,1,3,3,124,26,1,0,11,0,0,97,27,0,0,135,99,3,1
0,0,151,1,3,3,17,27,0,0,16,0,0,7,22,0,0,25,46,3,2
0,0,815,38,5,6,28,31,1,1,20,4,0,35,23,0,0,71,63,27,4
0,0,56,1,3,3,24,28,0,0,8,0,3,12,23,0,0,25,28,7,2
0,0,363,5,7,10,79,135,1,0,19,2,3,91,223,0,9,99,88,22,0
0,0,194,1,2,2,21,40,0,0,16,0,0,20,34,0,0,32,58,31,1
0,0,203,2,3,3,112,120,1,0,11,0,0,87,62,0,7,133,94,3,1
0,0,220,1,3,3,5,12,0,0,10,0,7,22,52,0,0,53,36,11,1
0,0,469,7,15,26,40,120,0,1,760,5,7,90,341,0,11,86,870,117,0
0,0,52,1,3,3,24,28,0,0,8,0,1,8,23,0,0,21,26,5,2
0,0,247,3,7,9,29,63,0,0,15,5,1,51,46,0,0,47,58,24,0
0,0,38,2,4,5,2,8,0,0,8,0,0,5,28,0,0,21,27,5,1
0,0,241,8,4,4,59,107,0,0,15,5,6,34,47,0,0,35,57,17,0
0,0,241,1,2,2,43,61,0,0,15,0,0,5,31,0,0,31,44,3,2
0,0,199,1,3,3,20,37,0,0,16,0,0,10,26,0,0,23,47,4,2
0,0,86,2,3,3,26,39,0,0,10,0,3,17,26,0,0,37,33,8,2
0,0,141,2,3,3,4,5,0,0,10,1,0,6,27,0,0,17,30,3,3
0,0,2896,11,29,48,551,566,10,0,375,18,29,691,300,0,26,723,1147,146,3
0,0,739,3,5,5,73,532,0,2,2240,1,2,82,7690,0,10,186,2538,31,1
0,0,399,4,5,9,81,152,4,2,52,6,2,53,54,0,0,60,143,13,0
0,0,245,1,2,2,17,22,0,0,14,0,0,5,26,0,0,17,34,3,2
0,0,109,2,0,2,26,29,0,0,10,0,0,11,26,0,0,22,33,16,3
0,0,921,15,11,15,92,315,3,1,115,8,8,179,109,0,1,202,319,84,0
0,0,310,4,1,3,230,102,2,0,30,4,5,476,217,0,22,328,212,90,3
0,0,305,3,5,5,7,155,0,1,767,1,2,44,508,0,10,72,878,25,3
0,0,282,1,4,4,21,87,0,0,23,0,17,50,67,15,0,112,65,21,1
0,0,101,1,2,2,20,30,0,0,14,0,0,5,28,0,0,21,34,3,2
1,0,650,6,8,9,73,190,2,3,794,3,2,77,414,1,10,130,952,28,4
0,0,266,1,2,2,18,22,0,0,14,0,0,5,26,0,0,17,42,3,2
0,0,297,3,5,5,6,145,0,1,784,1,2,44,497,0,10,72,898,25,3
0,0,515,4,13,16,105,178,0,2,721,1,10,69,410,0,10,215,826,30,4
0,7,605,3,29,33,76,131,0,0,26,1,74,336,227,0,8,165,172,63,4
0,64,664,6078,4,14,46,235,0,1,64,20,21,133,107,0,0,129,227,38,0
0,0,150,1,3,3,1,6,0,0,35,0,0,6,28,0,0,33,59,4,1
0,0,92,1,3,3,26,33,0,0,10,0,3,12,24,0,0,33,32,7,2
0,0,271,3,6,6,15,58,0,1,591,1,2,46,263,0,11,70,658,13,2
2,9,1970,47,16,20,296,333,2,7,189,18,23,292,551,0,13,371,562,58,4
0,0,96,2,3,3,19,32,0,0,10,0,3,17,26,0,0,43,33,8,2
0,3,305,4,6,6,9,48,0,3,679,1,2,44,259,0,10,72,748,19,2
0,0,147,1,2,2,25,36,0,0,15,0,0,7,30,0,0,18,44,3,1
0,0,92,1,3,3,26,33,0,0,10,0,3,12,24,0,0,33,32,7,2
0,0,81,0,2,2,45,48,0,0,2,5,0,1,7,0,1,20,50,0,1
0,0,56,1,3,3,24,28,0,0,8,0,3,12,23,0,0,25,28,7,2
0,0,208,3,3,3,31,51,0,2,28,1,0,20,183,0,8,29,57,10,1
91,11,880,28,10,11,128,366,5,19,1904,17,9,130,868,0,14,202,2151,50,4
0,0,918,3,5,5,19,131,0,1,753,1,1,22,287,0,10,46,842,13,2
0,0,31,1,3,3,1,0,0,0,8,0,0,5,23,0,6,19,23,3,3
0,0,269,1,2,2,18,22,0,0,14,0,0,5,30,0,0,17,42,3,2
0,0,501,2,8,11,208,160,2,1,70,1,4,192,54,0,0,236,297,42,0
0,0,119,1,2,2,49,65,0,0,14,0,0,7,23,0,0,24,41,3,2
0,0,146,1,4,4,54,51,1,0,15,0,0,20,24,0,0,40,58,4,0
0,0,116,1,2,2,49,65,0,0,14,0,0,7,23,0,0,24,41,3,2
0,0,443,3,5,5,19,136,0,1,818,1,1,22,290,0,11,48,911,13,2
0,0,871,3,5,5,19,120,0,1,735,1,1,22,281,0,10,38,818,13,2
0,0,22,1,0,0,1,2,0,0,8,0,0,3,21,0,0,11,22,3,1
0,0,92,1,3,3,26,33,0,0,10,0,3,12,24,0,0,33,32,7,2
0,0,56,1,0,0,1,2,0,0,9,0,0,3,21,0,0,11,24,3,1
0,0,463,1,0,0,9,24,0,0,22,0,0,5,25,0,0,18,50,3,4
0,3,735,6,5,6,283,414,5,18,861,1,0,177,282,0,10,103,1008,16,4
0,0,83,1,3,3,20,27,0,0,10,0,3,12,24,0,0,33,32,7,2
1,0,2014,16,9,10,291,277,2,1,83,13,12,180,206,4,8,228,335,39,4
0,0,155,1,2,2,15,25,0,0,15,0,0,5,31,0,0,21,37,3,2
0,0,207,1,3,3,6,25,0,0,10,0,13,14239,60,0,0,59,42,17,1
1,14,2818,23,10,11,291,405,2,4,2362,26,16,271,712,4,14,378,2795,47,4
0,0,55,1,3,3,24,28,0,0,8,0,3,12,23,0,0,25,28,7,2
0,0,154,1,2,2,15,25,0,0,15,0,0,5,27,0,0,21,37,3,2
0,0,88,0,2,2,45,48,0,0,2,5,0,1,11,0,1,20,50,0,2
0,160,2981,13,29,49,149,503,10,1,559,21,29,387,339,0,33,316,1114,338,3
0,0,205,2,3,3,112,120,1,0,11,0,0,87,62,0,7,133,94,3,1
0,0,878,3,5,5,19,120,0,1,665,1,1,22,281,0,10,38,746,13,2
1,5,1291,17,0,2,132,115,1,0,34,5,5,130,96,0,1,144,154,27,4
0,0,518,3,3,3,9,13,0,1,13,1,0,18,177,0,8,19,37,10,2
0,0,22,1,0,1,2,3,0,0,9,1,0,8,21,0,0,17,27,15,3
5,17,1231,25,19,24,1955,461,4,0,67,11,24,1944,333,0,10,1968,1407,35,4
0,0,154,1,2,2,15,25,0,0,15,0,0,5,27,0,0,21,37,3,2
0,0,494,3,5,5,11,131,0,2,2043,1,2,77,335,0,10,139,2130,19,1
0,0,267,1,2,2,18,22,0,0,14,0,0,5,26,0,0,17,42,3,2
0,0,55,1,3,3,24,28,0,0,8,0,3,12,23,0,0,25,28,7,2
0,20,1077,24,6,6,174,191,1,4,38,3,4,55,76,1,4,107,100,8,4
0,0,88,1,2,2,13,17,0,0,14,0,0,5,21,0,0,15,42,3,2
0,0,92,1,3,3,26,33,0,0,10,0,3,12,24,0,0,33,32,7,2
0,0,419,3,5,5,19,129,0,1,781,1,1,22,281,0,10,46,866,13,2
1,76,1082,38,9,10,175,427,2,4,2403,13,3,111,991,0,18,250,2662,35,4
0,0,151,1,3,3,16,27,0,0,16,0,0,10,24,0,0,20,38,4,2
0,0,391,9,5,5,56,240,0,2,188,4,4,69,1125,0,11,102,314,37,3
0,71,509,5,5,7,203,209,1,2,1020,1,6,150,378,0,11,399,1206,19,1
0,0,154,1,3,3,16,29,0,0,16,0,0,10,28,0,0,20,38,4,2
0,0,298,3,3,3,30,43,0,1,17,1,0,20,181,0,8,20,45,10,2
0,0,218,1,3,3,6,25,0,0,10,0,13,13632,58,0,0,59,42,17,1
0,0,163,1,3,3,56,46,1,0,18,0,0,27,30,0,0,56,62,3,1
1,9,703,19,17,21,210,312,5,2,993,7,16,269,379,2,12,272,1261,48,4
0,0,88,1,2,2,13,17,0,0,14,0,0,5,21,0,0,15,42,3,2
0,0,319,4,3,4,24,42,0,1,19,1,0,22,182,0,9,30,58,10,3
0,0,161,1,5,6,181,215,1,0,15,0,0,122,22,1,0,153,148,3,4
0,159,4183,12,36,76,550,789,32,0,772,22,44,1038,422,0,60,865,1846,419,3
0,0,405,3,5,5,19,138,0,1,782,1,1,22,290,0,11,52,874,13,2
0,0,413,3,6,6,16,110,0,1,744,1,7,39,270,0,11,72,828,20,2
0,0,324,4,3,3,64,81,0,1,18,1,0,20,182,0,9,30,54,10,3
0,0,311,3,3,3,9,14,0,1,14,1,0,18,177,0,8,19,40,10,2
0,0,52,1,3,3,24,28,0,0,8,0,1,8,23,0,0,21,26,5,2
0,0,173,1,3,3,11,16,0,0,15,0,0,75,55,0,0,75,43,3,1
0,9,1613,7,8,18,136,321,7,13,724,14,3,108,315,0,19,173,880,54,3
0,0,46,1,0,1,56,36,1,0,10,1,0,60,21,0,0,72,81,15,3
0,0,104,1,2,2,17,23,0,0,14,0,0,5,22,0,0,15,34,3,2
0,10,1077,3,4,4,526,614,0,2,49,1,4,39,196,0,8,270,99,16,4
0,0,71,1,3,3,20,28,0,0,9,0,2,10,25,0,0,23,29,6,2
0,0,226,1,3,3,5,12,0,0,10,0,8,14882,52,0,0,54,37,12,1
0,0,87,1,2,2,21,26,0,0,14,0,0,5,23,0,0,15,34,3,2
2,31,1451,12,22,56,1694,567,19,0,3501,2,23,1533,131,1,1,1703,5969,42,4
0,0,364,1,3,3,144,130,1,4,16,0,0,29,22,0,0,58,56,3,4
0,0,57,1,3,3,24,28,0,0,8,0,3,12,23,0,0,25,28,7,2
0,0,1492,7,24,33,94,285,5,0,187,6,8,210,241,0,16,268,447,74,3
0,0,393,5,0,3,73,103,5,0,38,4,2,188,229,0,16,194,138,67,3
0,0,186,1,3,3,22,50,0,0,14,0,0,14,27,0,0,34,44,4,2
0,0,563,7,10,11,37,143,3,0,1450,2,4,77,431,0,10,173,1633,31,4
0,0,4360,22,6,7,97,265,3,3,148,0,1,128,801,0,2,169,2203,121,4
0,0,653,4,3,4,105,182,2,0,78,4,9,499,218,0,26,222,255,113,3
0,0,96,2,3,3,1,2,0,0,8,1,0,4,21,0,0,11,23,3,3
0,0,312,4,3,3,37,54,0,1,18,1,0,20,186,0,9,30,55,10,3
0,0,173,1,3,3,11,18,0,0,15,0,0,71,53,0,0,71,43,3,1
1,160,463,5,0,2,138,127,3,0,46,4,1,86,53,0,1,96,141,17,3
0,0,940,3,5,5,19,124,0,1,900,1,1,22,288,0,11,38,988,13,2
0,0,354,3,4,4,36,126,0,1,699,1,0,23,258,0,11,28,763,11,2
0,0,285,3,5,5,6,147,0,1,764,1,2,44,490,0,10,72,878,25,3
0,0,32,1,0,0,1,2,0,0,8,0,0,3,21,0,0,11,22,3,0
1,11,1451,6,23,39,551,348,11,3,154,2,63,372,97,1,3,443,677,110,4
0,0,154,1,2,2,15,25,0,0,15,0,0,5,27,0,0,21,37,3,2
0,0,83,1,3,3,26,33,0,0,10,0,3,12,24,0,0,33,32,7,2
0,0,294,3,5,5,7,145,0,1,784,1,2,44,491,0,10,72,896,25,3
0,0,2661,1,3,3,7,20,0,0,18,0,0,6,39,0,0,19,42,3,4
0,0,109,1,2,2,28,48,0,0,14,0,0,7,31,0,0,22,41,3,1
0,0,181,1,3,3,22,47,0,0,14,0,0,12,26,0,0,40,44,4,2
0,0,210,1,5,6,52,82,0,0,14,0,0,11,32,0,0,57,54,4,0
0,0,55,1,3,3,24,28,0,0,8,0,3,12,23,0,0,25,28,7,2
0,0,191,3,5,5,7,43,0,0,15,7,2,29,38,0,0,41,54,13,0
0,0,312,3,3,3,30,43,0,1,17,1,0,20,177,0,8,20,45,10,2
0,0,120,1,2,2,49,65,0,0,14,0,0,7,27,0,0,24,41,3,2
0,0,370,3,7,7,64,355,0,1,888,1,2,49,430,1,11,79,1002,16,4
0,0,56,1,0,0,1,2,0,0,9,0,0,3,21,0,0,11,24,3,1
0,0,140,1,0,1,111,53,1,0,19,3,5,126,39,0,5,227,116,43,3
0,0,1487,7,24,33,94,285,5,0,187,6,8,210,245,0,15,270,447,74,3
0,0,290,1,3,3,29,39,0,0,15,0,0,73,55,0,0,79,44,3,1
1,7,589,7,10,11,89,146,3,3,36,5,14,113,48,0,1,62,107,21,4
0,0,64,1,3,3,30,37,0,0,10,0,2,10,24,0,0,36,31,6,2
0,0,32,1,0,0,6,7,0,0,8,0,0,3,21,0,0,15,22,3,4
0,0,95,1,2,2,13,18,0,0,14,0,0,5,22,0,0,17,42,3,2
0,0,197,1,2,2,21,40,0,0,16,0,0,20,34,0,0,32,58,31,1
0,0,201,1,3,3,6,13,0,0,10,0,19,14016,54,0,0,65,48,23,1
0,0,88,1,0,2,66,46,1,0,10,0,0,72,29,0,0,82,91,16,3
0,0,1261,7,22,30,155,243,4,0,137,6,8,284,253,0,15,280,410,63,3
0,0,55,1,3,3,24,28,0,0,8,0,3,12,23,0,0,25,28,7,2
4,37,1545,73,21,22,648,731,13,13,522,24,138,841,1138,3,20,823,1302,210,4
0,0,57,1,0,1,82,49,1,0,10,1,0,86,21,0,0,98,107,15,3
0,0,134,1,2,2,1,5,0,0,10,0,0,13,28,0,0,26,27,19,1
0,0,199,7,3,3,31,45,0,0,45,0,0,10,36,0,0,22,74,4,2
0,0,397,3,6,6,17,117,0,1,692,1,7,39,281,0,11,72,776,20,2
0,0,36,1,0,0,1,2,0,0,8,0,0,3,21,0,0,11,22,3,0
0,0,213,7,7,9,14,53,0,0,15,6,6,58,43,0,0,64,67,30,0
4,35,1313,30,11,12,602,486,6,8,76,15,43,489,73,2,6,497,588,61,4
0,0,150,1,3,3,1,6,0,0,35,0,0,6,28,0,0,33,59,4,1
0,0,106,2,3,4,8,18,0,0,15,0,0,6,23,0,0,19,45,3,2
0,0,160,1,3,3,16,27,0,0,16,0,0,10,28,0,0,20,38,4,2
0,0,244,1,2,2,18,22,0,0,14,0,0,5,26,0,0,17,42,3,2
0,0,187,3,7,9,559,632,0,0,1019,4,4,53,58,0,1,52,2071,29,0
0,0,141,2,3,3,4,5,0,0,10,1,0,6,27,0,0,17,30,3,3
0,0,347,1,0,0,82,99,0,0,18,0,1,17,25,0,0,20,41,4,1
0,0,55,1,3,3,32,36,0,0,8,0,1,8,23,0,0,21,26,5,2
0,0,452,3,5,5,19,135,0,1,833,1,1,22,282,0,11,48,927,13,2
0,0,92,1,3,3,26,33,0,0,10,0,3,12,24,0,0,33,32,7,2
1,8,602,8,12,15,677,484,1,2,178,3,16,605,620,0,13,754,929,35,4
0,0,254,1,2,2,18,22,0,0,14,0,0,5,26,0,0,17,42,3,2
0,0,365,3,4,4,36,127,0,1,699,1,0,23,258,0,11,28,763,11,2
0,0,2570,1,3,3,7,20,0,0,18,0,0,6,35,0,0,19,42,3,4
0,0,408,3,5,5,19,136,0,1,837,1,1,22,294,0,11,48,930,13,2
0,0,135,1,2,2,11,61,0,0,15,0,0,33,40,0,1,50,37,3,1
0,0,55,1,3,3,24,28,0,0,8,0,3,12,23,0,0,25,28,7,2
0,0,216,1,3,3,31,12,1,0,62,0,0,27,28,0,0,53,112,3,1
0,0,53,1,3,3,24,28,0,0,8,0,3,12,23,0,0,25,28,7,2
0,0,231,2,0,2,2,48,3,0,20,2,2,66,48,0,7,75,47,38,3
1,21,734,10,5,5,1124,471,1,8,27,2,35,796,43,0,1,1007,1005,40,4
0,0,168,1,3,3,5,18,0,0,16,0,0,8,33,0,0,76,40,4,1
1,4,814,8,4,5,66,100,2,3,23,6,0,33,40,1,1,41,58,14,4
0,0,181,1,2,2,64,136,0,0,14,0,0,5,64,0,0,65,33,3,1
0,0,262,1,2,2,18,22,0,0,14,0,0,5,26,0,0,17,42,3,2
0,160,2873,14,29,49,149,504,10,1,559,21,29,385,339,0,34,316,1114,338,3
1,9,580,10,0,0,3,34,1,0,44,10,7,49,52,0,1,41,103,14,4
0,0,133,3,0,0,11,18,0,1,12,1,0,21,177,0,8,24,32,10,0
0,0,59,1,0,1,90,53,1,0,10,1,0,94,21,0,0,106,115,15,3
0,0,86,2,3,3,26,39,0,0,10,0,3,17,26,0,0,37,33,8,2
0,0,28,1,2,2,1,2,0,0,8,0,0,3,21,0,0,11,23,3,1
0,0,405,3,5,5,22,140,0,1,782,1,1,22,300,0,11,49,875,13,2
0,0,881,3,5,5,19,118,0,1,735,1,1,22,282,0,10,38,818,13,2
0,0,61,1,3,3,24,28,0,0,9,0,2,10,23,0,0,27,29,6,2
0,0,95,1,3,3,20,28,0,0,10,0,2,10,25,0,0,27,31,6,2
0,6,916,17,14,18,296,459,2,29,1923,9,2,258,888,1,12,279,2202,30,4
0,0,439,1,2,2,154,188,0,0,26,0,0,5,29,0,0,37,58,3,1
0,0,722,11,0,12,508,1622,15,0,112,16,2,556,437,0,14,708,555,69,3
0,0,48,1,0,1,56,36,1,0,10,1,0,60,21,0,0,72,81,15,3
0,0,127,1,4,4,15,8,1,0,11,0,0,18,27,0,0,40,43,4,2
0,0,698,1,0,1,135,60,2,0,64,0,0,145,49,0,0,195,250,35,3
0,0,311,5,5,5,26,95,0,1,23,8,5,50,214,0,8,48,64,22,0
0,0,35,1,2,2,1,2,0,0,8,0,0,3,21,0,0,11,23,3,3
0,0,402,3,5,5,19,129,0,1,768,1,1,22,285,0,11,46,858,13,2
0,0,57,1,0,1,82,49,1,0,10,1,0,86,21,0,0,98,107,15,3
0,0,246,1,2,2,43,61,0,0,15,0,0,5,27,0,0,31,44,3,2
0,0,55,1,3,3,24,28,0,0,8,0,3,12,23,0,0,25,28,7,2
0,0,119,1,3,3,22,32,0,0,15,0,0,8,23,0,0,23,45,4,1
0,0,212,1,3,3,11,18,0,0,16,0,0,123,53,0,0,71,45,3,1
0,0,56,1,3,3,24,28,0,0,8,0,3,12,23,0,0,25,28,7,2
0,0,56,1,3,3,24,28,0,0,8,0,3,12,24,0,0,25,29,7,2
0,28,470,5,3,5,51,175,0,1,775,6,6,178,303,0,11,113,897,125,0
0,0,56,1,3,3,24,28,0,0,8,0,3,12,23,0,0,25,28,7,2
0,0,2295,23,3,13,475,327,16,1,7873,22,24,734,337,0,25,600,8828,20058,3
0,0,525,3,2,50,74,146,50,0,23,0,0,174,124,0,0,52,392,11,4
0,0,56,1,0,0,1,2,0,0,9,0,0,3,21,0,0,11,24,3,1
0,0,380,6,6,6,45,148,0,0,18,13,7,101,223,0,8,112,82,32,0
0,0,146,1,2,2,25,36,0,0,15,0,0,7,30,0,0,18,44,3,1
0,0,170,1,3,3,5,18,0,0,16,0,0,8,33,0,0,74,40,4,1
0,0,390,4,4,8,47,138,4,0,48,4,2,44,67,0,0,60,134,13,0
0,0,90,2,3,3,28,41,0,0,10,0,2,15,26,0,0,35,32,7,2
0,0,56,1,3,3,24,28,0,0,8,0,2,10,23,0,0,23,27,6,2
0,0,117,1,2,2,41,51,0,0,14,0,0,7,23,0,0,20,33,3,2
0,0,55,1,3,3,24,28,0,0,8,0,3,12,23,0,0,25,28,7,2
0,0,153,1,2,2,15,25,0,0,15,0,0,5,27,0,0,21,37,3,2
0,0,397,8,13,16,85,234,1,13,19,14,5,226,266,0,8,117,114,120,0
0,0,51,1,3,3,24,28,0,0,8,0,1,8,23,0,0,21,26,5,2
0,0,211,1,0,0,36,49,0,2,14,0,0,9,24,0,0,21,33,3,4
0,0,218,1,3,3,6,25,0,0,10,0,13,13932,58,0,0,59,42,17,1
0,0,115,2,2,2,48,55,0,0,14,0,0,5,22,0,0,15,41,5,3
0,0,264,1,2,2,18,22,0,0,14,0,0,5,26,0,0,17,42,3,2
0,0,124,1,2,2,41,51,0,0,14,0,0,7,23,0,0,20,33,3,2
0,0,295,3,5,5,7,151,0,1,748,1,2,44,494,0,10,72,859,25,3
0,0,980,12,13,18,97,229,3,0,119,11,8,138,84,0,0,147,318,75,0
0,3,249,2,3,3,44,60,0,2,20,0,0,10,29,0,1,22,43,4,4
0,0,325,1,2,2,159,211,0,0,26,0,0,5,29,0,0,45,66,3,1
0,0,154,1,2,2,15,25,0,0,15,0,0,5,27,0,0,21,37,3,2
0,0,499,3,6,6,243,230,1,1,16,1,4,95,50,0,0,136,107,8,1
0,0,241,1,3,3,29,39,0,0,15,0,0,73,55,0,0,79,44,3,1
0,0,53,1,3,3,24,28,0,0,8,0,3,12,23,0,0,25,28,7,2
0,3413,388,2,0,2,461,344,5,0,38,4,12,550,128,0,8,639,371,122,3
0,0,407,1,2,2,154,188,0,0,16,0,0,5,29,0,1,37,46,3,1
0,0,299,4,7,7,24,62,0,1,472,3,1,27,240,0,10,41,533,16,0
0,0,270,3,6,6,15,58,0,1,493,1,2,46,249,0,11,70,558,13,2
0,0,486,15,14,14,488,289,3,1,923,15,8,412,398,0,11,514,1321,35,3
0,0,238,1,3,3,365,68,1,0,17,0,0,267,38,0,0,355,229,3,1
0,0,271,3,6,6,15,58,0,1,575,1,2,46,256,0,11,70,642,13,2
0,0,50,1,3,3,24,28,0,0,8,0,1,8,23,0,0,21,26,5,2
2,41,915,18,0,11,232,376,4,6,84,14,31,250,111,2,3,134,256,63,4
1,0,14970,5,4,4,61,92,0,0,42,2,16,45,334,0,0,48,119,22,4
0,0,354,4,4,5,33,51,0,1,19,1,0,24,190,0,9,30,58,13,3
1,5,808,17,5,5,503,275,1,2,26,40,30,421,53,15,1,495,535,36,4
0,0,247,1,2,2,43,63,0,0,15,0,0,5,31,0,0,31,44,3,2
0,0,121,1,2,2,49,65,0,0,14,0,0,7,27,0,0,24,41,3,2
0,0,246,1,2,2,43,63,0,0,15,0,0,5,31,0,0,31,44,3,2
0,160,2933,14,29,49,149,503,10,1,565,20,29,385,344,0,33,316,1120,338,3
0,0,292,24,3,3,65,127,20,1,19,1,9,65,46,0,0,107,73,58,0
0,0,379,5,1,2,19,91,5,0,36,4,2,138,221,0,15,128,95,52,3
0,0,647,4,7,10,66,85,0,2,14,3,1,21,25,0,0,28,50,8,4
0,0,429,5,5,5,55,135,0,2,525,8,1,47,257,0,12,44,590,15,0
0,0,57,1,3,3,24,28,0,0,8,0,3,12,23,0,0,25,28,7,2
1,10,811,22,10,11,144,252,2,2,151,19,6,184,468,2,13,247,396,39,4
0,0,257,1,3,3,6,25,0,0,10,0,13,14964,56,0,0,59,42,17,1
0,0,961,8,3,3,130,197,3,1,871,8,9,131,290,0,10,156,986,26,1
2,3,468,13,6,6,258,135,1,3,23,15,19,240,41,3,1,305,325,25,4
0,0,51,1,3,3,24,28,0,0,8,0,1,8,23,0,0,21,26,5,2
2,0,170,4,6,8,26,48,0,0,9,3,1,31,34,0,0,31,30,6,1
0,0,57,1,3,3,24,28,0,0,8,0,3,12,23,0,0,25,28,7,2
0,0,404,5,6,6,86,192,0,1,74,1,5,52,281,0,10,75,139,20,0
0,3,3811,41,14,24,173,575,8,6,10583,11,41,450,204,0,9,333,11958,21281,3
0,0,242,1,0,0,43,53,0,0,17,0,0,6,28,0,0,15,46,5,1
0,0,56,1,0,0,1,2,0,0,9,0,0,3,21,0,0,11,24,3,1
0,0,287,3,5,5,6,146,0,1,824,1,2,44,511,0,10,72,938,25,3
0,0,255,1,2,2,43,61,0,0,15,0,0,5,31,0,0,31,44,3,2
0,0,310,1,2,2,26,32,0,1,14,0,0,5,22,0,0,17,40,3,3
0,0,1035,10,11,15,316,474,3,2,120,6,11,171,254,0,8,225,769,82,0
0,0,330,4,3,4,24,42,0,1,19,1,0,22,194,0,9,30,58,10,3
0,0,372,3,4,4,34,166,0,1,749,1,21,68,288,0,11,79,833,32,2
3,35,1154,23,20,25,188,272,5,1,84,14,47,189,297,0,12,213,291,70,4
0,0,95,1,3,3,20,28,0,0,10,0,2,10,25,0,0,27,31,6,2
0,0,54,1,3,3,24,28,0,0,8,0,3,12,23,0,0,25,28,7,2
0,0,56,1,3,3,24,28,0,0,8,0,3,12,23,0,0,25,28,7,2
0,0,57,1,3,3,24,28,0,0,8,0,3,12,23,0,0,25,28,7,2
0,0,355,26,8,8,98,225,21,4,540,2,10,84,253,0,10,107,628,66,0
0,0,66,1,3,3,38,42,0,0,8,0,0,6,23,0,0,20,25,4,2
0,3,487,6,6,7,45,153,1,0,121,2,2,57,419,0,10,110,244,28,4
0,10,324,4,3,3,17,37,0,1,24,2,2,21,35,0,2,50,52,7,4
2,12,620,19,0,0,133,159,4,5,57,17,20,119,61,2,2,112,172,27,4
0,0,283,4,0,0,53,61,1,0,20,7,2,93,193,0,10,91,97,26,3
0,0,1237,24,14,21,7,189,3,0,190,5,43,217,226,0,8,168,471,131,3
0,0,55,1,3,3,24,28,0,0,8,0,3,12,23,0,0,25,28,7,2
0,0,206,3,3,3,25,42,0,1,23,1,0,20,182,0,8,25,51,10,1
0,0,239,1,2,2,29,39,0,0,14,0,0,5,25,0,0,15,34,3,2
0,0,153,1,3,3,13,24,0,0,16,0,0,7,23,0,0,16,37,3,1
1,0,736,6,2,2,49,77,1,0,71,2,3,54,216,0,10,64,135,25,4
0,0,119,1,2,2,49,65,0,0,14,0,0,7,23,0,0,24,41,3,2
0,0,301,3,6,6,165,109,1,1,1352,1,2,135,268,0,10,178,1511,16,1
0,0,53,1,3,3,24,28,0,0,8,0,1,8,23,0,0,21,26,5,2
0,0,53,1,3,3,24,28,0,0,8,0,3,12,23,0,0,25,28,7,2
0,0,174,1,3,3,95,102,0,0,25,0,0,44,24,0,0,16,70,4,3
0,0,199,3,4,4,5,45,0,0,15,0,2,61,44,0,0,60,49,9,3
0,0,95,0,2,2,47,50,0,0,2,5,0,1,19,0,1,20,50,0,2
0,0,382,3,4,4,36,125,0,1,650,1,0,23,266,0,11,28,712,11,2
0,3,285,4,4,4,16,33,0,3,22,1,0,28,182,0,8,37,56,10,2
0,0,387,3,6,6,18,125,0,1,810,1,5,35,289,0,12,62,896,18,2
0,0,385,3,6,6,17,119,0,1,831,1,7,39,279,0,11,72,919,20,2
0,0,403,1,2,2,154,188,0,0,16,0,0,5,29,0,0,37,46,3,1
0,0,120,1,2,2,49,65,0,0,14,0,0,7,23,0,0,24,41,3,2
0,0,169,2,3,3,35,63,0,0,16,0,6,25,32,0,0,59,55,11,2
0,0,154,1,3,3,16,27,0,0,16,0,0,10,24,0,0,20,38,4,2
0,160,2995,13,29,49,149,506,10,1,566,23,26,411,337,0,42,327,1120,335,3
0,0,165,3,4,4,23,67,0,0,19,2,2,38,46,0,0,43,49,13,0
0,0,311,4,2,4,230,102,2,0,38,5,6,484,217,0,29,327,227,93,3
0,0,38,2,4,5,2,8,0,0,8,0,0,5,28,0,0,21,27,5,1
0,0,432,3,5,5,19,132,0,1,712,1,1,22,290,0,11,48,800,13,2
0,0,51,1,3,3,24,28,0,0,8,0,1,8,23,0,0,21,26,5,2
0,0,120,1,2,2,49,65,0,0,14,0,0,7,23,0,0,24,41,3,2
0,0,2904,11,29,48,551,563,10,0,375,18,29,691,296,0,26,723,1147,146,3
0,0,824,6,9,14,14,119,5,0,240,0,3,128,57,0,1,173,376,56,3
1,0,1002,4,16,22,72,118,2,2,75,1,14,70,85,0,0,104,194,38,4
0,0,123,2,2,2,31,42,0,0,14,0,0,9,25,0,0,21,35,3,2
0,0,450,1,2,2,215,248,0,0,16,0,0,5,29,0,0,45,46,3,1
0,0,652,17,8,9,132,256,2,0,977,6,2,95,474,0,10,144,1157,31,4
0,0,264,1,2,2,18,22,0,0,14,0,0,5,26,0,0,17,42,3,2
0,0,196,1,8,16,13,20,0,0,15,0,0,18,26,0,0,19,40,5,3
3,27,1326,22,14,15,307,246,4,2,63,20,43,392,122,3,4,448,496,66,4
1,10,471,9,19,30,138,545,3,1,131,6,14,150,512,0,13,90,347,31,4
0,8,388,6,6,8,58,140,0,3,27,11,5,73,226,0,8,65,102,27,0
0,0,67,1,0,0,2,3,0,0,8,0,0,3,21,0,0,15,22,3,3
0,0,142,4,3,3,10,35,0,0,52,3,0,17,42,0,0,28,76,5,0
0,0,92,1,3,3,26,33,0,0,10,0,3,12,24,0,0,33,32,7,2
0,0,413,7,9,9,19,179,0,0,65,11,8,106,292,0,10,124,140,38,0
0,0,265,1,2,2,18,22,0,0,14,0,0,5,26,0,0,17,42,3,2
4,17,2366,26,4,6,295,167,5,1,75,29,6,323,322,5,14,337,340,46,4
0,9,329,2,5,21,122,73,1,0,22,1,9,128,36,0,0,166,131,49,4
0,0,92,1,3,3,26,33,0,0,10,0,3,12,24,0,0,33,32,7,2
5,12,535,39,7,7,12,416,4,2,865,2,19,105,899,0,15,149,1015,35,4
0,0,299,3,5,5,7,152,0,1,712,1,2,44,493,0,10,72,822,25,3
0,0,90,2,3,3,28,41,0,0,10,0,2,15,26,0,0,35,32,7,2
0,0,247,5,0,0,12,22,0,2,15,3,0,9,25,0,0,26,40,3,3
0,0,862,15,12,15,273,449,3,11,573,2,3,118,404,0,11,173,716,23,0
0,0,435,3,4,4,84,79,1,1,15,2,3,33,29,0,0,46,67,8,4
0,0,256,1,3,3,29,45,0,0,53,0,0,8,35,0,0,27,86,9,4
0,0,172,1,2,2,16,32,0,0,15,0,0,5,27,0,0,17,37,3,2
0,14,877,36,12,18,459,398,1,12,48,16,8,414,104,13,2,370,472,23,4
0,0,330,4,3,3,24,41,0,1,18,1,0,20,190,0,9,30,56,10,3
0,0,703,11,11,14,71,151,2,1,811,5,2,107,279,0,11,160,985,32,0
6,81,3215,324,22,48,512,631,11,4,267,57,111,783,384,21,28,676,933,138,4
0,3,309,2,2,2,35,58,0,1,22,4,0,13,31,0,1,32,44,3,4
0,0,282,4,4,4,43,86,0,2,28,3,2,34,187,0,8,36,74,14,0
0,0,56,1,0,0,1,2,0,0,9,0,0,3,21,0,0,11,24,3,1
0,32860,484,4,6,10,42,129,1,1,1041,2,3,50,275,0,18,88,1144,17,3
0,0,452,3,5,5,25,151,0,2,994,1,1,22,306,0,10,55,1090,13,2
0,0,144,1,2,2,11,61,0,0,15,0,0,33,40,0,0,50,37,3,1
18,36,295,25,6,6,231,163,1,1,38,2,8,160,194,0,8,219,218,19,4
4,28,1605,40,21,25,372,343,6,10,90,19,42,435,345,2,13,433,475,76,4
0,0,223,1,3,3,5,12,0,0,10,0,8,13896,54,0,0,54,37,12,1
0,0,33,1,2,2,2,4,0,0,8,0,0,3,22,0,0,15,24,3,1
0,0,351,6,4,4,27,101,0,1,634,1,8,58,258,0,10,71,701,21,0
0,0,93,0,2,2,44,47,0,0,2,5,0,1,15,0,1,20,50,0,1
0,0,57,1,3,3,24,28,0,0,8,0,3,12,23,0,0,25,28,7,2
0,0,554,5,8,9,114,129,2,1,73,2,7,141,230,0,22,158,226,29,3
0,0,244,4,3,3,227,71,1,0,20,3,5,437,205,0,21,309,187,69,3
0,0,194,1,2,2,5,16,0,0,16,0,0,5,26,0,0,21,38,3,1
0,0,656,4,6,12,56,114,7,1,103,2,9,91,209,0,8,112,287,39,3
0,0,93,1,3,3,26,33,0,0,10,0,3,12,24,0,0,33,32,7,2
0,0,284,3,5,5,17,65,0,2,654,1,2,44,457,0,11,71,738,22,3
4,129,960,57,17,18,832,465,16,0,150,34,64,914,188,0,11,935,789,80,4
1,18,664,6,4,4,150,279,0,10,1063,1,2,36,275,0,10,135,1132,15,4
0,81,561,8,7,10,40,197,3,1,1326,12,10,155,348,0,14,140,1500,59,0
0,0,83,1,2,2,21,21,0,0,10,0,0,3,21,0,0,19,27,3,1
0,0,147,3,0,0,19,44,0,0,14,4,5,40,43,0,0,38,35,10,0
0,0,120,1,2,2,49,65,0,0,14,0,0,7,23,0,0,24,41,3,2
0,0,52,1,3,3,18,22,0,0,9,0,2,10,23,0,0,27,29,6,2
0,0,172,1,10,19,9,17,0,0,15,0,0,21,36,0,0,23,50,5,3
0,0,574,5,5,6,39,208,1,0,68,5,25,97,217,0,10,191,188,49,3
0,0,125,1,3,3,125,22,1,0,11,0,0,97,27,0,12,135,99,3,1
0,0,553,4,6,7,56,71,2,1,68,2,0,69,197,0,8,96,187,24,3
0,0,56,1,3,3,24,28,0,0,8,0,3,12,23,0,0,25,28,7,2
0,0,148,1,2,2,11,61,0,0,15,0,0,33,40,0,0,50,37,3,1
0,0,170,1,2,2,15,25,0,0,30,0,0,5,27,0,0,21,55,3,2
0,0,124,1,3,3,33,61,0,0,14,0,0,16,33,0,0,33,44,4,2
0,0,548,13,10,12,138,264,0,1,966,5,7,114,311,0,11,112,1070,50,0
0,0,56,1,3,3,24,28,0,0,8,0,3,12,23,0,0,25,28,7,2
0,0,2899,10,29,48,538,563,10,0,375,18,29,681,296,0,26,711,1140,146,3
0,0,406,3,5,5,19,128,0,1,746,1,1,22,284,0,11,48,839,13,2
0,0,773,5969,13,15,190,324,1,2,1239,5,7,165,463,0,13,186,1502,97,0
0,0,59,1,3,3,24,28,0,0,8,0,3,12,23,0,0,25,28,7,2
0,0,614,1,7,9,35,147,2,0,119,0,1,25,48,0,0,74,251,27,2
3,30,2351,33,10,12,206,238,4,1,145,14,48,329,109,0,7,373,498,79,4
0,0,38,2,4,5,2,8,0,0,8,0,0,5,28,0,0,21,27,5,1
0,0,281,1,3,3,29,39,0,0,15,0,0,73,55,0,0,79,44,3,1
0,0,100,2,3,3,20,36,0,0,10,0,3,17,26,0,0,37,33,8,2
0,197,17277,61,30,56,309,358,4,0,125,22,38,402,252,0,50,509,572,556,4
0,0,156,1,3,3,16,27,0,0,16,0,0,10,24,0,0,20,38,4,2
1,15,260,5,0,4,62,60,1,0,24,0,0,62,44,0,1,61,76,5,4
0,0,280,3,6,6,15,58,0,1,661,1,2,46,260,0,11,70,730,13,2
0,0,145,1,2,2,11,61,0,0,15,0,0,33,40,0,0,50,37,3,1
0,0,112,1,0,0,4,27,3,0,12,0,0,25,27,0,2,25,30,21,3
0,4,515,6,6,23,183,248,3,0,31,1,0,119,44,0,2,161,119,19,4
0,0,209,1,2,2,42,55,0,0,16,0,0,5,30,0,4,28,38,3,1
0,0,54,1,3,3,19,23,0,0,9,0,1,8,23,0,0,27,28,5,2
0,0,81,0,2,2,45,48,0,0,2,5,0,1,11,0,1,20,50,0,2
0,0,152,1,0,0,46,23,1,0,32,5,0,41,38,0,5,57,92,8,1
0,0,300,3,5,5,7,147,0,1,729,1,2,44,485,0,10,72,840,25,3
0,0,418,5,1,2,72,105,5,0,37,4,2,182,231,0,19,194,133,54,3
0,0,288,3,5,5,7,147,0,1,804,1,2,44,499,0,10,72,916,25,3
0,0,229,2,4,6,40,19,1,0,10,4,0,72,40,0,9,54,66,9,3
0,0,178,1,2,2,16,31,0,0,15,0,0,5,31,0,0,17,37,3,2
0,0,56,1,3,3,24,28,0,0,8,0,2,10,23,0,0,23,27,6,2
0,0,162,1,2,2,15,25,0,0,15,0,0,5,27,0,0,21,37,3,2
3,16,636,17,14,19,240,149,5,0,48,20,21,163,74,1,2,228,275,28,4
0,0,663,15,10,20,1,72,88,0,106,50,1,309,45,0,5,74,245,183,3
1,47,493,14,4,4,189,142,1,0,21,1,0,140,49,0,1,143,154,3,4
0,0,295,3,3,3,9,13,0,1,13,1,0,18,177,0,8,19,38,10,2
0,0,16,0,0,1,0,5,0,0,223,0,0,3,5,0,0,0,240,0,3
0,184,2218,26,16,41,437,483,24,4,524,12,52,579,434,0,18,589,1331,121,3
0,0,90,2,3,3,28,41,0,0,10,0,2,15,26,0,0,35,32,7,2
1,0,293,12,5,5,17,31,0,1,9,7,5,25,35,2,0,24,36,9,4
0,0,1010,7,7,8,56,126,1,0,71,2,10,52,47,0,0,85,174,25,3
0,0,320,4,1,3,230,102,2,0,30,4,5,476,217,0,22,328,212,90,3
1,25,1055,26,14,30,129,623,3,4,67,11,18,254,98,0,6,195,228,56,4
0,0,269,1,2,2,18,22,0,0,14,0,0,5,26,0,0,17,42,3,2
0,0,171,1,2,2,16,31,0,0,15,0,0,5,27,0,0,17,37,3,2
0,0,108,2,0,2,26,29,0,0,10,0,0,11,22,0,0,22,33,16,3
0,0,55,1,3,3,24,28,0,0,8,0,3,12,23,0,0,25,28,7,2
0,0,21,1,0,0,1,2,0,0,8,0,0,3,21,0,0,11,22,3,1
1,8,570,22,8,9,93,259,2,3,1003,5,2,132,513,0,12,186,1235,28,4
0,0,1612,26,8,11,221,272,3,0,71,6,7,148,72,0,3,199,279,19,3
0,10,164,3,3,3,224,117,1,0,13,0,0,214,29,0,0,256,241,3,1
0,160,4193,19,32,68,359,711,32,0,776,24,36,873,427,0,60,652,1735,412,3
0,0,664,4,6,12,56,114,7,1,103,2,9,91,209,0,8,112,287,39,3
0,0,675,386,5,5,203,328,1,2,19,362,60,230,77,0,14,290,141,74,0
0,0,388,3,6,6,17,114,0,1,742,1,7,39,274,0,11,72,828,20,2
6,7,1565,86,21,32,1042,401,18,0,215,25,53,1083,236,0,3,1122,1187,177,1
0,0,185,1,4,4,298,57,1,0,17,0,0,222,29,0,0,295,199,4,2
0,0,442,12,12,14,63,198,1,1,639,12,11,130,360,0,11,135,794,64,3
0,0,437,1,2,2,139,180,0,0,26,0,0,5,33,0,0,49,60,3,1
2,0,583,28,8,9,111,168,1,0,18,6,23,131,68,1,0,135,129,50,4
0,0,133,1,2,2,1,5,0,0,10,0,0,13,28,0,0,26,27,19,1
0,0,468,9,16,22,78,245,1,2,828,40,2,117,846,0,11,144,997,79,4
0,0,56,1,0,0,1,2,0,0,9,0,0,3,21,0,0,11,24,3,1
0,0,353,1,2,2,160,180,0,0,14,0,0,5,26,0,0,35,41,3,1
0,0,342,1,2,2,159,211,0,0,26,0,0,5,29,0,0,45,66,3,1
0,0,156,1,2,2,15,27,0,0,15,0,0,5,27,0,0,21,37,3,2
0,0,123,1,3,3,125,27,1,0,11,0,0,97,27,0,0,135,99,3,1
0,0,212,1,3,3,6,25,0,0,10,0,13,14022,58,0,0,59,42,17,1
0,0,121,1,3,3,22,32,0,0,15,0,0,8,23,0,0,23,45,4,1
0,0,56,1,0,0,1,2,0,0,9,0,0,3,21,0,0,11,24,3,1
0,0,82,0,2,2,45,48,0,0,2,5,0,1,15,0,1,20,50,0,2
1,0,247,4,4,4,25,47,0,0,20,5,0,10,32,0,0,19,45,6,4
0,0,333,5,2,3,59,58,2,0,37,4,0,135,203,0,16,134,127,54,3
2,59,879,22,13,18,269,310,5,1,86,9,43,325,121,0,7,321,325,64,4
0,0,199,7,3,3,31,45,0,0,45,0,0,10,34,0,0,22,74,4,2
0,0,16,0,0,1,0,5,0,0,731,0,0,10,12,0,0,0,753,0,3
0,0,99,1,3,3,23,34,0,0,14,1,0,8,23,0,0,18,35,4,2
0,0,155,1,3,3,16,27,0,0,16,0,0,10,24,0,0,20,38,4,2
0,0,540,3,5,5,19,137,0,1,825,1,1,22,294,0,10,48,913,13,2
0,0,177,1,2,2,16,31,0,0,15,0,0,5,27,0,0,17,37,3,2
0,0,55,1,3,3,24,28,0,0,8,0,3,12,23,0,0,25,28,7,2
0,0,323,8,7,9,54,116,0,0,30,11,5,63,57,0,0,74,79,25,0
0,6202,3734,2,52,67,456,1695,0,2,87,2,1,757,30,0,0,221,1166,210,4
0,0,317,4,3,4,24,42,0,1,19,1,0,22,182,0,9,30,58,10,3
0,0,151,1,3,3,56,46,1,0,18,0,0,27,30,0,0,56,62,3,1
0,0,166,1,3,3,27,55,0,0,16,0,0,10,29,3,0,45,44,4,1
0,0,322,3,6,6,66,126,0,2,655,1,2,44,287,0,10,81,730,17,2
0,0,107,2,3,3,22,35,0,0,10,0,2,15,26,0,0,35,32,7,2
0,7,501,3,8,13,115,205,1,1,184,1,2,297,249,0,13,89,238,15,4
0,0,216,1,3,3,5,12,0,0,10,0,8,14164,54,0,0,54,37,12,1
0,0,108,1,4,4,15,8,1,0,11,0,0,18,27,0,0,40,43,4,2
0,0,108,1,2,2,28,48,0,0,14,0,0,7,27,0,0,22,41,3,1
0,0,261,1,3,4,2,45,1,0,58,0,0,14,39,0,11,41,125,14,1
2,14,1019,17,6,6,456,473,1,8,60,17,24,361,226,0,10,451,411,39,4
0,0,124,1,2,2,41,51,0,0,14,0,0,7,23,0,0,20,33,3,2
0,0,160,1,3,3,25,61,0,0,14,0,1,18,26,0,0,29,37,8,3
0,0,2855,20,3,8,265,138,4,2,4482,11,10,381,291,0,18,343,4967,10808,3
0,13,765,17,16,34,18,152,0,2,1135,14,13,154,348,1,16,228,1266,51,1
0,3,550,29,14,20,69,216,0,1,38,9,23,185,88,0,3,101,120,50,3
0,0,90,1,3,3,26,33,0,0,10,0,3,12,24,0,0,39,32,7,2
0,0,194,1,3,3,6,25,0,0,10,0,13,14443,56,0,0,59,42,17,1
0,0,356,3,9,9,19,274,0,2,942,1,2,53,1178,0,10,85,1160,145,3
0,0,322,1,4,4,92,131,0,6,23,0,2,23,34,0,0,46,66,6,4
0,0,385,1,3,3,6,72,0,0,21,0,4,16,32,0,0,37,50,8,1
0,0,91,2,3,3,28,41,0,0,10,0,2,15,30,0,0,35,32,7,2
1,21,2960,32,8,22,342,657,21,4,4521,40,38,1124,149,0,4,706,4818,63,4
0,0,228,1,3,3,5,12,0,0,10,0,8,14346,54,0,0,54,37,12,1
0,0,234,3,4,4,35,82,0,0,15,1,2,40,49,0,0,62,55,12,0
0,0,2904,11,29,48,551,565,10,0,375,17,29,691,296,0,26,723,1147,146,3
0,0,277,1,2,2,37,64,0,0,16,0,0,5,42,0,0,34,50,15,1
0,0,46,1,0,1,56,36,1,0,10,1,0,60,21,0,0,72,81,15,3
0,0,113,2,3,3,2,29,0,0,9,0,1,14,61,0,0,35,28,7,1
0,0,263,1,2,2,37,41,0,0,14,0,0,5,26,0,1,17,41,3,2
0,0,576,3,5,5,19,118,0,1,752,1,1,22,287,0,10,40,835,13,2
0,0,404,1,4,4,126,202,1,2,72,1,1,98,43,0,2,282,128,7,1
0,0,52,1,3,3,24,28,0,0,8,0,1,8,23,0,0,21,26,5,2
1,19,897,24,9,27,314,346,3,11,57,4,12,238,82,1,3,280,275,30,4
0,0,144,1,2,2,11,61,0,0,15,0,0,33,44,0,0,50,37,3,1
5,86,4103,56,15,25,5137,1484,9,4,1812,20,92,4222,452,1,35,5148,7193,140,4
0,0,41,2,4,5,2,10,0,0,8,0,0,5,28,0,0,21,27,5,1
0,0,55,1,3,3,24,28,0,0,8,0,3,12,23,0,0,25,28,7,2
0,238,784,11,4,6,184,382,0,4,81,0,9,112,57,0,0,273,210,22,4
1,4,526,9,5,5,89,113,1,3,20,1,2,39,157,0,8,60,66,20,4
3,44,944,34,21,25,486,773,2,11,142,13,44,578,231,0,8,629,723,57,4
3,41,920,14,18,22,136,160,17,0,107,17,61,283,123,1,6,298,377,81,4
0,0,1693,5,10,12,58,208,2,1,688,2,13,77,290,0,10,135,882,51,3
0,0,125,1,3,3,125,27,1,0,11,0,0,97,27,0,0,135,99,3,1
0,0,433,9,7,7,60,225,0,1,708,9,10,112,341,0,15,150,796,33,3
0,0,113,1,2,2,2,8,0,0,16,0,0,5,21,0,0,21,37,3,1
0,3,613,1,5,11,74,103,7,1,109,0,15,96,44,0,1,140,296,36,3
0,159,4218,19,32,68,1035,821,32,0,558,21,37,1410,375,0,62,1351,1879,413,3
0,0,229,2,0,2,2,45,3,0,20,2,2,66,44,0,2,77,47,38,3
0,102,843,4,12,17,115,126,3,3,44,1,1,79,78,0,1,97,130,11,4
0,0,125,1,3,3,51,70,0,0,14,0,4,16,23,0,0,46,48,8,2
0,0,353,3,4,4,16,45,0,1,19,1,0,23,186,0,14,46,51,11,1
0,159,3616,12,32,60,416,614,10,0,424,19,36,901,325,0,57,668,1219,385,3
0,0,75,1,3,3,20,28,0,0,9,0,2,10,25,0,0,29,29,6,2
0,0,59,1,0,1,88,52,1,0,10,1,0,92,21,0,0,104,113,15,3
0,0,129,6,4,4,12,48,0,0,15,42,3,50,44,0,18,38,54,13,0
0,0,124,1,3,3,124,26,1,0,11,0,0,97,27,0,0,135,99,3,1
6,31,2005,43,21,25,348,299,6,0,144,79,40,438,150,0,10,478,607,91,4
0,0,258,1,3,3,48,83,0,0,14,0,2,22,35,0,0,54,45,6,2
3,73,1094,36,21,32,960,400,5,3,101,13,32,1078,182,2,9,1059,952,65,4
0,0,442,3,5,5,19,142,0,1,802,1,1,22,294,0,11,52,894,13,2
0,0,34,1,2,2,1,2,0,0,8,0,0,3,21,0,0,11,23,3,1
0,0,212,2,2,2,31,45,0,0,74,0,0,9,33,0,1,27,109,3,2
0,0,56,1,3,3,27,31,0,0,8,0,3,12,23,0,0,26,28,7,2
0,0,2940,10,29,48,538,562,10,0,375,18,29,681,296,0,26,711,1140,146,3
0,0,56,1,3,3,24,28,0,0,8,0,3,12,23,0,0,25,28,7,2
0,0,169,5,3,3,5,16,0,0,15,0,1,10,31,0,0,26,39,5,3
0,0,256,1,2,2,18,22,0,0,14,0,0,5,26,0,0,17,42,3,2
0,28,486,5,3,5,51,181,0,1,846,6,6,111,324,0,11,101,956,45,0
0,65,391,2,7,9,323,165,1,0,35,6,4,268,59,0,0,323,356,12,0
2,6,795,15,12,13,252,173,4,2,37,32,27,297,60,7,1,274,345,36,4
0,0,66,1,0,0,2,3,0,0,8,0,0,3,21,0,0,15,22,3,3
0,0,157,1,2,2,15,27,0,0,15,0,0,5,27,0,0,21,37,3,2
0,0,286,1,3,3,29,39,0,0,15,0,0,75,60,0,0,81,44,3,1
1,45,1033,29,18,19,90,165,4,2,117,31,65,269,246,0,17,238,329,91,4
0,0,170,1,3,3,5,18,0,0,16,0,0,8,33,0,0,74,40,4,1
0,0,54,1,3,3,24,28,0,0,8,0,3,12,23,0,1,25,28,7,2
0,0,472,6799,4,4,27,83,0,1,1240,1,1,30,241,0,10,48,1316,13,0
0,0,433,3,5,5,19,123,0,1,851,1,1,22,282,0,10,46,938,13,2
5,54,2308,58,20,24,481,533,8,5,137,25,60,580,279,1,17,506,698,98,4
0,0,88,1,3,3,26,33,0,0,10,0,3,12,24,0,0,33,32,7,2
0,0,85,1,3,3,26,33,0,0,10,0,3,12,24,0,0,33,32,7,2
0,0,385,3,4,8,50,119,4,2,48,4,3,24,43,0,0,43,130,8,0
0,0,163,1,3,3,18,28,0,0,16,0,0,8,31,0,1,21,48,4,2
0,0,66,1,3,3,38,42,0,0,8,0,0,6,23,0,0,20,25,4,2
0,0,267,3,0,0,51,68,0,4,17,5,0,40,187,0,8,47,40,10,0
0,0,174,2,2,2,31,45,0,0,35,0,0,9,29,0,0,21,61,3,2
0,0,88,1,3,3,25,32,0,0,10,0,3,12,24,0,0,31,32,7,2
0,0,240,2,3,3,112,189,1,0,11,0,0,87,87,0,12,137,94,3,1
1,55,5096,30,22,28,213,571,8,13,258,31,60,426,425,3,15,461,621,124,4
0,0,16,0,0,1,0,5,0,0,733,0,0,10,12,0,0,0,756,0,3
0,0,369,3,4,4,36,129,0,1,649,1,0,23,266,0,11,28,712,11,2
0,0,47,1,0,1,56,36,1,0,10,1,0,60,25,0,0,72,81,15,3
0,0,142,3,3,3,48,29,1,0,10,0,0,37,29,0,1,65,62,3,1
0,0,90,1,2,2,14,21,0,0,14,0,0,5,25,0,0,15,34,3,1
0,0,294,3,3,3,9,14,0,1,14,1,0,18,177,0,8,19,40,10,2
0,0,252,1,2,2,18,22,0,0,14,0,0,5,26,0,0,17,42,3,2
0,0,317,3,3,3,38,86,0,2,514,1,0,22,253,0,10,21,565,10,4
0,0,177,1,3,3,11,18,0,0,15,0,0,75,59,0,0,75,43,3,1
0,0,597,28,5,5,843,723,1,8,25,31,54,584,190,0,0,613,402,69,0
0,0,38,2,2,2,1,5,0,0,8,0,0,5,22,0,0,10,23,3,4
0,0,383,5,1,4,112,93,2,0,37,4,2,203,216,0,14,225,157,59,3
0,0,479,3,5,5,19,138,0,1,962,1,1,22,291,0,11,52,1059,13,2
0,0,155,1,2,2,15,27,0,0,15,0,0,5,27,0,0,21,37,3,2
0,0,220,1,3,3,46,59,0,0,14,0,1,10,28,0,0,22,43,5,1
0,0,93,1,2,2,20,28,0,0,14,0,0,5,22,0,0,23,42,3,2
0,0,3554,41,17,26,1179,553,11,1,383,15,52,1291,393,0,36,1524,1570,158,3
0,0,198,1,3,3,20,37,0,0,16,0,0,10,26,0,0,23,47,4,2
0,0,150,1,3,3,17,28,0,0,16,0,0,7,26,0,0,25,46,3,2
0,0,87,1,3,3,20,27,0,0,10,0,3,12,24,0,0,33,32,7,2
0,0,187,1,4,4,259,54,1,0,17,0,0,192,33,0,0,259,178,4,2
0,0,294,3,5,5,7,146,0,1,764,1,2,44,486,0,10,72,876,25,3
0,0,325,3,5,5,31,93,0,5,855,1,2,46,541,0,11,88,956,28,3
0,0,102,1,2,2,16,22,0,0,14,0,0,5,22,0,0,15,34,3,2
0,0,154,1,2,2,15,26,0,0,15,0,0,5,24,0,0,27,45,3,2
0,0,59,1,0,1,88,52,1,0,10,1,0,92,21,0,0,104,113,15,3
0,10,1226,21,7,7,115,270,0,3,35,15,39,152,273,5,19,134,134,56,4
0,0,556,7,7,11,165,162,4,1,1572,1,2,147,288,0,10,199,1822,64,1
0,0,80,0,2,2,45,48,0,0,2,5,0,1,7,0,1,20,50,0,1
0,23,274,4,5,7,43,125,0,0,24,8,7,68,67,0,0,63,93,23,0
0,0,89,1,3,3,20,27,0,0,10,0,3,12,24,0,0,33,32,7,2
0,0,2897,11,29,48,551,567,10,0,375,18,26,701,296,0,34,730,1144,143,3
0,0,134,1,2,2,1,5,0,0,10,0,0,13,28,0,0,26,27,19,1
0,0,424,3,5,5,19,122,0,1,781,1,1,22,281,0,10,46,866,13,2
4,24,1582,102,21,34,1300,1117,7,9,274,69,53,1040,479,0,15,1333,1298,162,3
0,0,167,3,3,3,21,32,0,1,17,1,0,20,177,0,8,28,53,10,2
0,0,34,1,0,0,1,2,0,0,8,0,0,3,21,0,0,11,22,3,1
0,0,288,3,3,3,30,43,0,1,17,1,0,20,177,0,8,20,45,10,2
0,0,155,2,2,2,55,100,0,0,15,2,0,11,35,0,0,34,42,3,0
0,0,184,1,2,2,16,32,0,0,15,0,0,5,31,0,0,17,37,3,2
0,0,263,1,2,2,18,22,0,0,14,0,0,5,30,0,0,17,42,3,2
0,0,374,4,4,10,58,160,6,0,63,4,2,62,73,0,0,100,188,14,0
1,3,199,2,5,5,41,37,1,0,18,0,0,46,42,0,0,74,78,4,4
0,0,51,1,3,3,24,28,0,0,8,0,1,8,23,0,0,21,26,5,2
2,14,928,19,20,25,831,797,3,14,1415,8,35,756,1112,5,14,831,2369,72,4
0,0,288,3,3,3,9,14,0,1,14,1,0,18,177,0,8,19,40,10,2
0,0,175,2,4,4,51,44,1,0,21,1,0,46,38,0,0,61,82,4,0
0,0,458,28,10,12,108,174,1,0,19,15,17,90,61,0,0,98,96,33,0
1,8,538,36,5,5,334,270,1,0,21,1,2,142,42,0,0,263,193,7,4
2,78,1091,28,15,16,142,262,7,1,148,14,65,365,340,0,21,319,388,91,4
0,0,234,3,10,14,20,30,1,2,19,1,1,36,38,0,0,56,66,7,3
0,0,90,2,3,3,28,41,0,0,10,0,2,15,26,0,0,35,32,7,2
0,0,46,1,0,1,56,36,1,0,10,1,0,60,21,0,0,72,81,15,3
0,0,116,1,2,2,27,35,0,0,14,0,0,5,22,0,0,13,40,3,1
0,0,150,1,10,19,9,17,0,0,14,0,0,21,28,0,0,23,49,5,0
0,0,297,2,2,8,48,66,0,2,16,0,0,5,26,0,0,21,53,3,3
1,3,1127,45,10,11,470,630,2,10,1425,12,3,291,1083,0,12,416,1945,39,4
3,87,1252,70,33,33,509,474,5,2,121,46,64,675,220,7,11,736,726,92,4
0,0,110,1,2,2,16,22,0,0,14,0,0,5,22,0,0,15,34,3,2
0,0,328,1,4,5,6,55,1,0,64,0,0,12,31,0,0,53,139,14,1
0,0,273,1,3,3,29,39,0,0,15,0,0,75,60,0,0,81,44,3,1
4,5,913,18,9,10,250,336,6,3,861,6,3,164,485,0,10,238,1098,48,4
0,0,305,3,4,4,6,70,0,1,629,1,0,29,229,0,10,452,680,11,1
0,0,98,0,2,2,45,48,0,0,2,5,0,1,23,0,1,20,50,0,2
0,0,304,3,3,3,9,14,0,1,14,1,0,18,177,0,8,19,40,10,2
0,0,364,3,6,6,221,127,1,1,835,1,3,195,251,0,10,243,1063,16,1
0,0,293,3,3,3,9,14,0,1,14,1,0,18,177,0,8,19,40,10,2
0,0,162,1,2,2,15,25,0,0,30,0,0,5,24,0,0,21,55,3,2
0,0,291,3,5,5,6,146,0,1,748,1,2,44,499,0,10,72,861,25,3
0,0,124,2,2,2,31,42,0,0,14,0,0,9,25,0,0,21,35,3,2
0,0,491,1,4,5,42,86,1,0,58,2,0,10,32,0,0,50,128,14,1
0,0,25,1,0,1,16,5,1,0,10,1,0,20,21,0,0,32,41,15,3
0,0,284,9,7,7,50,103,0,0,15,4,3,48,59,0,0,48,64,18,0
0,0,145,1,2,2,11,61,0,0,15,0,0,33,40,0,0,50,37,3,1
0,0,170,1,3,3,5,18,0,0,16,0,0,8,33,0,0,72,40,4,1
0,0,145,1,2,2,25,36,0,0,15,0,0,7,26,0,0,18,44,3,1
0,160,3148,12,29,59,134,605,30,0,808,21,34,486,421,0,38,322,1493,364,3
0,0,2901,11,29,48,551,564,10,0,375,17,29,691,296,0,26,723,1147,146,3
0,0,233,1,3,3,5,12,0,0,10,0,8,13940,54,0,0,54,37,12,1
0,0,53,1,3,3,24,28,0,0,8,0,1,8,23,0,0,21,26,5,2
3,24,2321,45,18,22,292,397,8,8,317,30,46,336,404,5,16,401,811,89,4
2,55,1236,15,16,26,1818,610,4,1,108,10,61,1228,115,3,6,1332,1001,117,4
0,0,54,1,3,3,24,28,0,0,8,0,1,8,23,0,1,21,26,5,2
0,0,1015,3,5,5,19,130,0,1,843,1,1,22,284,0,10,38,930,13,2
0,0,156,1,0,1,109,50,1,0,14,1,0,103,36,0,5,205,100,25,3
0,160,4196,12,36,75,355,740,32,0,565,23,44,884,367,0,57,671,1531,419,3
0,0,758,4,9,13,126,179,3,1,117,1,9,156,52,0,0,204,358,50,0
0,0,231,2,0,2,2,48,3,0,20,2,2,66,48,0,7,77,47,38,3
0,0,152,1,3,3,1,6,0,0,35,0,0,6,28,0,0,33,59,4,1
0,0,694,2,5,8,2,89,2,0,112,2,6,34,41,0,5,69,245,37,3
0,0,56,1,0,0,1,2,0,0,9,0,0,3,21,0,0,11,24,3,1
0,0,57,1,0,0,1,2,0,0,9,0,0,3,21,0,0,11,24,3,1
0,0,127,2,2,2,32,45,0,0,14,0,0,9,24,0,0,21,35,3,2
0,0,55,1,3,3,24,28,0,0,8,0,3,12,23,0,0,25,28,7,2
0,0,88,0,2,2,45,48,0,0,2,5,0,1,19,0,1,20,50,0,2
0,0,154,1,2,2,15,25,0,0,14,0,0,5,27,0,0,21,37,3,2
0,0,54,1,3,3,24,28,0,0,8,0,3,12,23,0,0,25,28,7,2
0,0,262,1,2,2,18,22,0,0,14,0,0,5,30,0,0,17,42,3,2
0,0,286,3,5,5,202,102,1,1,564,1,3,171,268,0,11,235,747,14,1
0,0,212,1,3,3,6,25,0,0,10,0,13,13832,58,0,0,59,42,17,1
0,0,51,1,3,3,24,28,0,0,8,0,1,8,23,0,0,21,26,5,2
0,0,183,1,3,3,1,5,0,0,8,0,0,6,23,0,0,29,25,4,1
0,3,608,1,5,11,74,103,7,1,109,0,15,96,44,0,1,140,296,36,3
0,0,85,1,2,2,17,21,0,0,14,0,0,5,22,0,0,15,34,3,2
1,3,500,27,4,4,103,167,1,0,21,0,0,83,58,0,0,118,105,3,4
0,0,447,6,11,13,66,106,0,2,23,1,0,47,184,0,8,60,77,16,4
0,0,154,1,2,2,15,25,0,0,15,0,0,5,27,0,0,21,37,3,2
4,68,1286,55,12,23,2417,561,10,5,116,34,42,1720,148,0,11,2269,2375,72,4
0,0,173,1,3,3,11,16,0,0,15,0,0,75,55,0,0,75,43,3,1
0,0,159,2,2,2,1,5,0,0,10,0,0,3,23,0,0,25,30,3,1
0,0,88,1,3,3,26,33,0,0,10,0,3,12,24,0,0,33,32,7,2
0,0,385,3,6,6,18,125,0,1,851,1,5,35,301,0,12,62,937,18,2
0,0,385,5,6,6,83,182,0,1,74,1,6,54,278,0,10,75,140,21,0
0,0,268,1,2,2,18,22,0,0,14,0,0,5,30,0,0,17,42,3,2
0,0,101,2,3,3,20,33,0,0,10,0,3,17,26,0,0,43,33,8,2
0,0,55,1,3,3,24,28,0,0,8,0,3,12,23,0,0,25,28,7,2
0,4,1264,1,28,46,3,59,3,4,212,6,2,23,44,0,1,804,309,186,4
0,0,145,1,2,2,25,36,0,0,15,0,0,7,26,0,0,18,44,3,1
0,0,2890,11,29,48,551,566,10,0,375,18,26,685,292,0,34,720,1144,143,3
0,0,66,1,3,3,24,31,0,0,10,0,2,10,24,0,0,29,31,6,2
0,0,347,6,4,4,27,101,0,1,579,1,8,58,254,0,10,71,646,21,0
0,0,242,3,10,14,20,30,1,2,19,1,1,35,38,0,0,54,66,6,3
0,0,947,3,5,5,19,129,0,1,786,1,1,22,277,0,10,38,872,13,2
0,0,2907,11,29,48,564,569,10,0,375,17,29,701,300,0,26,735,1154,146,3
0,0,105,1,3,3,33,43,0,0,10,0,2,10,25,0,0,29,31,6,2
0,0,741,3,5,5,16,101,0,1,682,1,1,22,268,0,10,40,756,13,2
3,36,1110,33,18,19,441,298,6,3,95,23,45,529,154,3,6,608,655,73,4
2,36,1113,26,14,15,195,214,4,3,85,15,62,331,133,2,8,354,404,74,4
0,0,283,3,3,3,9,13,0,1,13,1,0,18,177,0,8,19,38,10,2
0,0,311,3,5,5,31,93,0,5,915,1,2,46,549,0,11,88,1017,28,3
0,0,155,2,3,3,1,2,0,0,10,1,0,7,26,0,0,17,33,3,3
0,0,945,3,5,5,19,128,0,1,615,1,1,22,276,0,10,38,696,13,2
0,0,132,2,3,3,26,39,0,0,14,0,1,10,24,0,0,20,43,5,1
0,0,53,1,3,3,24,28,0,0,8,0,1,8,23,0,0,21,26,5,2
4,24,1825,18,28,35,141,210,12,1,112,5,39,255,101,0,5,317,473,84,4
0,36,3047,18,43,55,358,362,7,0,202,11,187,999,106,2,2,632,1387,192,3
0,0,171,3,4,4,23,67,0,0,52,2,2,38,56,0,0,43,85,13,0
5,40,962,34,22,28,182,242,7,3,115,26,38,231,142,0,9,171,418,63,4
0,0,62,1,2,2,27,28,0,0,8,0,0,3,21,0,0,15,23,3,2
0,0,398,3,6,6,18,122,0,1,754,1,5,35,281,0,12,62,839,18,2
0,0,2900,11,29,48,603,571,10,0,375,18,29,731,296,0,26,771,1175,146,3
0,0,281,1,0,0,41,48,0,1,10,0,0,9,23,0,0,26,27,4,4
0,0,304,4,6,8,52,69,1,1,19,1,0,52,196,0,8,54,78,11,3
0,0,141,1,2,2,13,53,0,0,15,0,0,27,37,0,0,44,37,3,1
0,0,57,1,3,3,24,28,0,0,8,0,3,12,23,0,0,25,28,7,2
0,0,255,2,3,3,32,47,0,0,21,0,0,6,33,0,0,19,51,3,0
0,0,523,8,10,12,330,280,0,1,940,7,7,116,282,0,11,143,1044,48,0
0,0,90,1,2,2,14,21,0,0,14,0,0,5,21,0,0,15,34,3,2
0,0,410,3,5,5,19,126,0,1,912,1,1,22,289,0,11,48,1009,13,2
0,160,2942,12,29,49,149,502,10,1,562,21,29,387,342,0,33,316,1117,338,3
0,0,54,1,3,3,24,28,0,0,8,0,3,12,23,0,0,25,28,7,2
0,0,2073,1,10,22,53,388,7,0,330,6,35,244,88,0,0,304,769,181,0
0,0,74,1,2,2,36,43,0,0,8,0,0,7,24,0,0,18,23,3,2
0,0,54,1,3,3,24,28,0,0,8,0,2,10,23,0,0,23,27,6,2
0,0,165,1,3,3,95,102,0,0,26,0,0,44,28,0,0,16,70,4,3
0,159,4197,19,32,68,1035,813,32,0,558,21,37,1399,379,0,59,1353,1875,413,3
0,0,331,4,3,3,64,81,0,1,18,1,0,20,186,0,9,30,54,10,3
0,0,1370,9,10,11,399,506,2,11,66,1,24,311,280,0,8,301,485,26,3
0,0,415,5,0,3,73,103,5,0,38,4,2,188,221,0,16,194,138,67,3
0,0,517,3,5,5,15,93,0,1,69,1,1,22,272,0,10,40,122,13,2
0,0,91,1,3,3,22,29,0,0,10,0,2,10,24,0,0,31,31,6,2
0,0,54,1,3,3,24,28,0,0,8,0,3,12,23,0,0,25,28,7,2
0,0,403,3,6,6,17,113,0,1,673,1,7,39,274,0,11,72,757,20,2
0,0,623,2,5,6,133,213,1,0,26,11,9,52,60,0,0,76,121,9,3
0,0,156,1,3,3,149,18,1,0,11,0,0,117,28,0,0,167,115,3,1
0,160,2927,13,29,49,135,504,10,1,563,23,26,389,339,0,42,306,1104,335,3
0,0,338,3,5,5,76,197,0,1,942,1,1,50,1255,0,10,139,1146,22,3
0,0,55,1,3,3,24,28,0,0,8,0,3,12,23,0,0,25,28,7,2
0,0,54,1,3,3,24,28,0,0,8,0,3,12,23,0,0,25,28,7,2
0,0,47,1,0,1,56,36,1,0,10,1,0,60,25,0,0,72,81,15,3
0,0,214,1,3,3,6,25,0,0,10,0,13,14946,58,0,0,59,42,17,1
1,0,288,23,4,4,214,203,1,19,46,8,1,179,64,0,0,286,215,7,1
0,0,51,1,3,3,24,28,0,0,8,0,1,8,23,0,0,21,26,5,2
0,0,403,3,5,5,19,140,0,1,839,1,1,22,297,0,11,48,932,13,2
0,0,361,3,6,6,81,392,0,4,1383,8,2,47,741,0,11,98,1660,23,0
4,381,1270,31,16,18,425,636,7,5,1134,18,84,963,245,0,84,793,2204,114,4
0,0,58,1,0,1,84,50,1,0,10,1,0,88,21,0,0,100,109,15,3
0,0,247,1,2,2,43,63,0,0,15,0,0,5,27,0,0,31,44,3,2
2,6,1636,44,7,7,750,465,1,6,71,22,35,471,145,18,1,569,464,45,4
0,2,454,4,6,8,167,215,10,0,46,7,46,185,55,0,0,227,203,77,0
0,0,285,1,3,3,29,39,0,0,15,0,0,73,59,0,0,79,44,3,1
0,0,395,5,7,8,15,92,1,0,79,5,5,125,44,0,0,151,222,159,0
0,0,429,3,5,5,19,140,0,1,710,1,1,22,290,0,11,48,800,13,2
0,0,254,1,2,2,18,22,0,0,14,0,0,5,30,0,0,17,42,3,2
0,160,3134,13,30,60,134,591,30,0,792,20,34,468,405,0,37,309,1477,376,3
0,0,558,3,5,5,19,143,0,1,819,1,1,22,291,0,11,48,912,13,2
0,0,55,1,3,3,24,28,0,0,8,0,3,12,23,0,0,25,28,7,2
0,0,838,9,10,14,121,781,3,1,117,7,5,467,246,0,0,506,303,66,0
2,3,339,12,14,18,246,73,1,0,14,8,15,205,37,1,0,244,223,27,4
0,0,523,5,10,12,306,223,2,3,27,2,0,149,212,0,8,330,244,30,0
0,0,91,0,2,2,45,48,0,0,2,5,0,1,19,0,1,20,50,0,2
0,0,315,4,3,4,28,46,0,1,19,1,0,22,182,0,9,30,58,10,3
0,0,200,7,3,3,31,47,0,0,45,0,0,10,40,0,0,22,74,4,2
0,0,76,1,2,2,36,43,0,0,8,0,0,7,24,0,0,18,23,3,2
0,0,42,1,0,0,14,17,0,0,8,0,0,3,22,0,0,15,22,3,0
0,0,95,1,3,3,27,34,0,0,10,0,2,10,24,0,0,35,31,6,2
0,0,46,1,0,1,56,36,1,0,10,1,0,60,21,0,0,72,81,15,3
1,6,613,8,5,5,67,92,0,2,34,9,9,36,34,0,1,51,80,13,4
0,0,263,1,3,3,44,85,0,0,16,0,3,30,39,0,0,86,42,7,2
0,0,178,2,2,2,31,45,0,0,35,0,0,9,29,0,0,21,61,3,2
0,0,170,1,3,3,149,18,1,0,11,0,0,117,28,0,0,167,115,3,1
0,0,510,9,9,9,240,206,3,1,660,6,9,207,393,0,11,287,926,35,0
0,0,93,1,2,2,12,22,0,0,14,0,0,5,24,0,0,21,34,3,2
0,0,310,3,4,4,25,78,0,1,631,1,0,23,250,0,10,346,693,11,1
0,0,180,7,7,9,8,45,0,0,15,5,5,53,41,0,0,47,64,29,0
0,0,49,1,3,3,18,22,0,0,8,0,2,10,23,0,0,29,27,6,2
0,0,212,2,3,5,49,79,2,1,31,3,0,11,31,0,0,31,75,4,0
0,0,55,1,3,3,24,28,0,0,8,0,3,12,23,0,0,25,28,7,2
1,7,3005,11,13,22,947,497,3,6,172,4,6,586,236,1,9,723,647,29,4
0,0,331,1,4,5,6,55,1,0,64,0,0,12,31,0,0,52,139,14,1
0,0,498,7,6,7,116,213,0,1,754,4,3,48,282,0,11,97,841,23,3
0,0,682,12,9,11,80,234,1,2,124,3,2,72,452,0,10,109,253,31,4
0,0,520,11,10,9,36,197,1,4,843,3,2,62,499,0,10,123,991,45,4
0,0,54,1,3,3,24,28,0,0,8,0,3,12,23,0,0,25,28,7,2
0,0,86,2,3,3,26,39,0,0,10,0,3,17,26,0,0,43,33,8,2
0,0,156,1,3,3,16,31,0,0,16,0,0,10,24,0,0,20,38,4,2
0,0,55,1,3,3,24,28,0,0,8,0,3,12,23,0,0,25,28,7,2
0,0,245,1,3,3,30,40,0,0,15,0,0,83,61,0,0,83,44,3,1
0,0,400,3,5,5,19,136,0,1,730,1,1,22,282,0,11,52,821,13,2
0,0,56,1,3,3,24,28,0,0,8,0,2,10,23,0,0,23,27,6,2
0,0,56,1,0,0,1,2,0,0,9,0,0,3,21,0,0,11,24,3,1
0,0,183,1,4,4,52,57,1,0,16,0,0,39,37,0,0,61,79,3,1
0,0,177,1,2,2,16,32,0,0,15,0,0,5,27,0,0,17,37,3,2
0,0,177,1,3,3,11,18,0,0,15,0,0,75,59,0,0,75,43,3,1
0,0,201,2,3,3,112,117,1,0,11,0,0,87,61,0,7,133,94,3,1
0,0,1396,19,31,42,91,452,5,1,1118,7,27,234,1002,0,11,272,1572,138,1
2,8,1087,17,12,12,668,580,1,5,958,11,51,584,627,3,12,680,1624,75,4
0,0,313,3,4,4,6,69,0,1,501,1,0,27,228,0,10,480,548,11,1
0,8,441,6,6,8,47,137,0,3,37,11,6,74,220,0,8,65,115,28,0
0,0,56,1,3,3,24,28,0,0,8,0,2,10,23,0,0,23,27,6,2
0,0,176,1,2,2,16,32,0,0,15,0,0,5,27,0,0,17,37,3,2
0,0,334,2,3,3,118,153,0,7,14,0,2,14,25,0,0,54,45,6,4
0,0,159,1,2,2,15,26,0,0,15,0,0,5,27,0,0,21,37,3,2
0,0,114,2,3,3,2,29,0,0,9,0,1,14,57,0,0,35,28,7,1
0,36,1582,50,9,10,626,789,2,15,1780,13,10,275,721,2,10,480,2200,41,4
0,0,302,3,8,8,32,81,0,2,551,1,2,48,273,0,10,60,623,16,3
0,0,263,1,3,3,54,88,0,0,15,0,0,54,30,0,0,83,94,3,1
0,0,173,1,2,2,16,31,0,0,15,0,0,5,27,0,0,17,37,3,2
0,159,3834,20,28,62,1031,750,30,0,493,18,32,1355,364,0,61,1315,1736,383,3
0,0,418,1,2,2,154,188,0,0,26,0,0,5,33,0,0,37,58,3,1
0,0,297,1,3,3,1,336,0,0,547,0,2,63,242,0,0,66,678,6,1
0,0,368,3,5,5,58,1737,0,2,1249,1,2,47,1147,0,10,96,1445,70,4
0,0,58,1,0,0,1,2,0,0,9,0,0,3,21,0,0,11,24,3,1
0,0,195,3,6,7,46,101,0,0,14,1,3,45,46,0,0,65,64,14,0
0,0,291,1,4,4,105,65,1,2,16,0,0,50,23,0,0,73,78,5,4
0,0,95,1,2,2,14,19,0,0,14,0,0,5,21,0,0,15,34,3,2
0,0,59,1,0,1,88,52,1,0,10,1,0,92,21,0,0,104,113,15,3
0,0,1494,27,9,14,226,279,3,1,73,7,7,171,226,0,8,204,293,28,3
0,0,538,10,11,13,177,359,1,1,800,6,7,233,354,0,11,258,953,46,0
0,0,169,1,3,3,5,18,0,0,16,0,0,8,33,0,0,74,40,4,1
0,0,145,1,2,2,11,61,0,0,15,0,0,33,40,0,0,50,37,3,1
0,0,364,1,3,3,28,44,0,0,95,0,0,8,35,0,0,27,143,9,4
0,0,147,2,3,3,4,5,0,0,10,1,0,6,27,0,0,17,30,3,3
0,0,234,2,4,4,50,85,0,1,15,1,0,30,49,0,0,40,53,10,0
0,0,84,3,3,3,28,41,0,0,10,0,2,15,26,0,0,35,32,7,2
0,160,2975,12,29,49,149,507,10,1,567,22,26,382,343,0,41,315,1121,335,3
0,1747,379,2,5,8,76,133,2,2,34,1,2,32,50,0,0,47,96,7,0
0,0,257,1,2,2,18,22,0,0,14,0,0,5,26,0,0,17,42,3,2
0,0,75,1,2,2,36,43,0,0,8,0,0,7,24,0,0,18,23,3,2
3,534,2697,31,16,58,237,331,9,11,122,11,36,403,303,10,15,326,498,103,4
0,0,75,1,2,2,36,43,0,0,8,0,0,7,24,0,0,18,23,3,2
2,23,1477,51,25,32,157,274,6,3,127,22,27,278,170,0,3,279,468,51,4
0,0,268,1,2,2,18,22,0,0,14,0,0,5,26,0,0,17,42,3,2
0,0,91,1,2,2,21,29,0,0,14,0,0,7,24,0,0,16,34,3,2
0,0,146,1,2,2,11,61,0,0,15,0,0,33,40,0,0,50,37,3,1
0,0,142,1,3,3,30,53,0,0,14,0,4,21,31,0,0,36,41,9,4
0,0,124,2,2,2,31,42,0,0,14,0,0,9,25,0,0,21,35,3,2
0,0,59,1,3,3,1,3,0,0,10,0,0,8,21,0,0,18,26,3,3
0,0,694,2,5,8,2,89,2,0,112,2,6,34,41,0,5,69,245,37,3
97,13,762,62,8,8,111,364,7,11,633,6,28,198,701,0,13,224,851,50,4
0,0,93,1,2,2,21,29,0,0,14,0,0,7,28,0,0,16,34,3,2
0,0,238,1,3,3,365,68,1,0,17,0,0,267,38,0,0,355,229,3,1
0,0,62,1,3,3,30,37,0,0,10,0,2,10,24,0,0,29,31,6,2
0,0,211,1,3,3,5,12,0,0,10,0,8,14063,54,0,0,54,37,12,1
2,13,3056,30,17,19,366,508,3,5,101,12,29,259,146,0,3,253,328,54,4
0,0,58,1,3,3,1,3,0,0,10,0,0,8,21,0,0,18,26,3,3
0,0,404,6,9,10,50,164,0,1,85,12,8,77,256,0,19,55,144,22,3
0,0,2904,11,29,48,590,567,10,0,375,17,29,721,296,0,26,759,1168,146,3
0,0,1369,8,7,11,475,387,8,1,233,6,21,445,259,0,29,563,757,90,3
0,0,492,2,20,18,68,106,0,0,35,0,0,70,32,0,0,56,86,17,0
0,0,405,3,6,6,17,113,0,1,798,1,7,39,281,0,11,72,885,20,2
0,0,316,3,5,5,7,155,0,1,729,1,2,44,487,0,10,72,840,25,3
0,0,473,5,6,6,154,181,1,6,20,12,1,110,207,0,8,171,99,17,0
0,0,56,1,3,3,24,28,0,0,8,0,3,12,23,0,0,25,28,7,2
0,0,2903,11,29,48,538,562,10,0,375,18,29,681,300,0,26,711,1140,146,3
0,9,381,6,5,5,205,99,1,1,40,1,0,178,93,0,2,258,242,3,4
0,0,333,3,4,4,40,184,0,1,751,1,0,21,301,0,11,21,827,10,4
0,0,232,3,4,4,50,64,0,1,17,1,0,24,189,0,8,27,52,10,3
0,0,269,3,6,6,15,58,0,1,526,1,2,46,249,0,11,70,592,13,2
0,0,41,1,0,0,1,2,0,0,12,0,0,3,21,0,0,11,27,3,3
0,0,57,1,0,1,84,50,1,0,10,1,0,88,21,0,0,100,109,15,3
0,0,166,1,0,0,49,55,0,2,8,0,0,3,24,0,0,27,22,3,0
0,0,2902,11,29,48,603,572,10,0,375,18,29,747,296,0,26,781,1175,146,3
0,0,208,1,3,3,43,59,0,0,15,2,0,8,27,0,0,23,46,4,3
0,0,51,1,3,3,24,28,0,0,8,0,1,8,23,0,0,21,26,5,2
0,0,658,15,10,20,1,69,88,0,106,50,1,309,44,0,5,74,245,183,3
0,0,387,3,6,6,17,113,0,1,691,1,7,39,281,0,11,72,775,20,2
1,4,508,10,5,5,239,180,1,1,23,14,14,199,36,3,1,254,294,20,4
0,0,2894,11,29,48,603,572,10,0,375,17,29,731,296,0,26,771,1175,146,3
0,0,222,3,10,14,20,30,1,2,19,1,1,36,38,0,0,54,66,7,3
0,0,119,1,2,2,49,65,0,0,14,0,0,7,23,0,0,24,41,3,2
0,160,2935,13,29,49,135,499,10,1,556,21,29,373,333,0,33,295,1098,338,3
1,21,994,14,11,12,545,63,5,0,63,11,22,447,90,0,3,612,686,34,4
0,0,137,3,3,3,222,110,1,0,10,0,0,211,29,0,0,239,236,3,1
0,0,52,1,3,3,24,28,0,0,8,0,1,8,23,0,0,21,26,5,2
1,6,1493,6,1,2,444,196,2,2,47,6,9,344,139,1,1,268,282,51,4
0,160,4256,19,32,68,1031,818,32,0,770,21,37,1403,427,0,61,1351,2090,413,3
0,0,800,10,7,9,52,145,3,1,119,1,2,68,189,0,9,100,285,35,1
0,0,117,1,3,3,38,54,0,0,14,0,1,10,27,0,0,32,45,5,2
0,0,54,1,3,3,24,28,0,0,8,0,3,12,23,0,0,25,28,7,2
0,0,267,1,2,2,18,22,0,0,14,0,0,5,30,0,0,17,42,3,2
0,0,90,2,3,3,28,41,0,0,10,0,2,15,26,0,0,35,32,7,2
0,0,394,5,1,4,112,93,2,0,37,4,2,203,216,0,14,225,157,59,3
0,0,88,1,2,2,14,19,0,0,14,0,0,5,21,0,0,15,34,3,2
0,0,27,1,0,1,16,5,1,0,10,1,0,20,21,0,0,32,41,15,3
0,0,88,1,3,3,20,27,0,0,10,0,3,12,24,0,0,33,32,7,2
0,0,268,3,6,6,15,61,0,1,493,1,2,46,249,0,12,70,558,13,2
0,0,155,1,3,3,16,27,0,0,16,0,0,10,24,0,0,20,38,4,2
0,0,201,1,3,3,20,37,0,0,16,0,0,10,30,0,0,23,47,4,2
0,0,356,3,6,6,72,241,0,1,1036,1,1,51,1471,0,10,152,1248,22,3
0,0,420,1,3,3,108,396,0,0,793,0,3,120,171,0,2,686,953,8,1
0,0,265,1,2,2,18,22,0,0,14,0,0,5,30,0,0,17,42,3,2
2,35,972,30,8,9,643,1209,1,0,66,9,12,100,96,0,6,143,199,20,4
0,0,176,1,2,2,16,31,0,0,15,0,0,5,27,0,0,17,37,3,2
0,0,223,1,3,3,5,12,0,0,10,0,7,22,52,0,0,53,36,11,1
0,0,217,2,2,2,31,47,0,0,75,0,0,9,33,0,0,27,117,3,2
0,0,288,7,6,6,165,100,1,1,577,1,2,135,255,0,10,178,711,16,1
0,0,150,1,3,3,1,6,0,0,35,0,0,6,28,0,0,33,59,4,1
0,0,117,1,2,2,41,51,0,0,14,0,0,7,23,0,0,20,33,3,2
0,0,42,1,2,2,1,3,0,0,9,0,0,3,21,0,0,9,25,3,3
0,0,214,2,3,3,112,135,1,0,11,0,0,87,67,0,8,133,94,3,1
0,0,580,7,0,1,42,152,6,0,101,4,0,252,266,0,18,156,181,72,3
0,0,2282,24,0,8,495,303,16,1,7736,22,31,692,321,0,25,624,8718,20084,3
6,8,1579,86,21,32,1117,389,18,0,215,23,54,1142,252,0,3,1201,1243,186,1
0,0,53,1,3,3,24,28,0,0,8,0,1,8,23,0,0,21,26,5,2
0,0,154,1,2,2,15,25,0,0,15,0,0,5,27,0,0,21,37,3,2
0,0,98,1,0,0,19,7,1,0,9,0,0,19,22,0,0,32,35,3,1
0,11,201,7,7,9,40,62,1,0,25,5,2,53,46,0,0,62,111,10,0
0,0,214,8,0,0,23,33,1,0,25,1,2,75,194,0,8,55,72,33,3
0,0,228,1,3,3,43,81,0,0,15,0,3,28,42,0,0,84,40,7,2
0,0,559,73,0,6,532,492,8,0,48,5,2,472,166,0,7,593,539,42,3
0,0,133,1,2,2,11,61,0,0,15,0,0,33,44,0,0,50,37,3,1
0,0,55,1,3,3,24,28,0,0,8,0,3,12,23,0,0,25,28,7,2
0,0,422,3,5,5,19,135,0,1,767,1,1,22,298,0,11,48,858,13,2
6,6,1512,88,21,32,1380,404,18,0,225,24,53,1344,253,0,4,1454,1396,185,1
0,0,310,3,4,4,23,116,0,1,462,1,2,52,269,0,11,81,519,18,1
0,0,312,4,3,3,31,48,0,1,18,1,0,20,182,0,9,30,56,10,3
0,6118,1976,12,1,19,759,895,18,2,912,21,74,1132,445,0,41,1076,1870,243,3
0,0,153,1,3,3,16,27,0,0,16,0,0,10,28,0,0,20,38,4,2
0,0,58,1,0,1,88,52,1,0,10,1,0,92,21,0,0,104,113,15,3
0,0,1510,1,3,3,7,187,0,0,15,0,0,8,45,0,0,970,53,4,1
0,0,1267,9,9,9,383,485,1,11,66,1,11,282,245,0,9,289,471,25,3
0,0,643,12,7,8,43,273,1,2,1077,7,2,61,525,0,11,110,1242,28,4
0,0,137,3,3,3,48,29,1,0,10,0,0,37,29,0,0,69,62,3,1
0,0,158,2,3,3,1,2,0,0,10,1,0,7,26,0,0,17,33,3,3
0,0,57,1,3,3,24,28,0,0,8,0,3,12,23,0,0,25,28,7,2
0,0,1230,9,11,16,140,285,4,1,166,2,11,214,73,0,0,265,487,100,0
0,0,51,1,5,5,1,5,0,0,8,0,0,20,23,0,0,21,25,11,3
0,0,258,3,4,4,106,112,1,0,19,0,2,51,32,0,2,88,87,6,1
0,0,249,1,4,4,20,86,0,0,22,0,17,49,67,14,0,100,64,21,1
0,0,199,1,3,3,6,25,0,0,10,0,13,14254,58,0,0,59,42,17,1
0,0,134,4,4,4,12,17,0,1,100,3,0,22,196,0,8,20,127,14,3
0,0,428,3,5,5,19,135,0,1,822,1,1,22,297,0,10,48,910,13,2
0,0,50,1,3,3,24,28,0,0,8,0,1,8,23,0,0,21,26,5,2
0,132,364,3,4,5,33,134,0,1,723,1,3,32,273,0,11,39,795,14,2
0,0,350,1,6,6,426,172,1,0,21,2,0,362,41,0,0,570,352,4,0
0,1,1731,14,37,58,4,94,4,6,405,14,2,65,237,0,8,378,550,39,4
0,0,391,3,6,6,17,112,0,1,799,1,7,39,281,0,11,72,886,20,2
0,0,177,1,2,2,25,39,0,0,15,0,0,5,36,0,1,55,44,3,1
0,0,56,1,3,3,24,28,0,0,8,0,3,12,23,0,0,25,28,7,2
0,0,140,3,3,3,222,110,1,0,10,0,0,211,29,0,0,243,236,3,1
0,0,51,1,3,3,24,28,0,0,8,0,1,8,23,0,0,21,26,5,2
0,0,270,3,6,6,15,58,0,1,541,1,2,46,256,0,12,70,607,13,2
0,0,323,6,4,4,27,98,0,1,578,1,8,58,250,0,10,71,644,21,0
0,0,232,4,3,5,230,102,2,0,38,5,6,480,217,0,30,325,227,93,3
0,0,222,1,3,3,5,12,0,0,10,0,8,14102,54,0,0,54,37,12,1
0,0,351,3,4,4,36,126,0,1,650,1,0,23,267,0,11,28,712,11,2
0,0,118,1,2,2,49,65,0,0,14,0,0,7,23,0,0,24,41,3,2
0,0,56,1,0,0,1,2,0,0,9,0,0,3,21,0,0,11,24,3,1
0,0,57,1,3,3,24,28,0,0,8,0,3,12,23,0,0,25,28,7,2
0,0,151,1,3,3,56,46,1,0,18,0,0,27,30,0,0,56,62,3,1
0,0,232,3,4,4,20,37,0,1,17,1,0,25,183,0,8,39,55,11,2
0,0,873,3,5,5,19,120,0,1,755,1,1,22,287,0,10,38,838,13,2
0,0,135,1,2,2,11,61,0,0,15,0,0,33,40,0,0,50,37,3,1
0,0,686,60,0,10,200,200,11,0,144,16,5,300,309,0,16,274,477,47,3
0,0,93,1,3,3,26,33,0,0,10,0,3,12,24,0,0,33,32,7,2
0,0,147,1,2,2,25,36,0,0,15,0,0,7,26,0,0,18,44,3,1
0,0,57,1,0,1,82,49,1,0,10,1,0,86,21,0,0,98,107,15,3
0,0,101,2,3,3,20,36,0,0,10,0,3,17,26,0,0,37,33,8,2
0,0,366,3,6,6,221,126,1,1,841,1,3,195,264,0,11,243,1069,19,1
0,0,395,1,2,8,31,718,0,0,36,12,0,5,278,0,19,17,80,3,1
0,0,351,1,2,2,160,180,0,0,14,0,0,5,26,0,0,35,41,3,1
0,0,264,1,2,2,18,22,0,0,14,0,0,5,26,0,0,17,42,3,2
0,0,161,8,0,0,2,32,1,0,12,7,19,62,56,2,4,100,50,23,4
0,0,59,1,0,0,1,2,0,0,9,0,0,3,21,0,0,11,24,3,1
0,0,88,1,2,2,13,17,0,0,14,0,0,5,21,0,0,15,42,3,2
0,0,168,3,3,3,21,32,0,1,17,1,0,20,181,0,8,28,53,10,2
0,0,264,3,5,7,59,96,3,1,32,5,1,58,47,0,0,89,115,13,0
0,0,232,1,3,3,5,12,0,0,10,0,8,14230,56,0,0,54,37,12,1
0,0,53,1,3,3,24,28,0,0,8,0,1,8,23,0,0,21,26,5,2
0,0,517,3,5,5,19,118,0,1,752,1,1,22,287,0,10,40,835,13,2
1,33,2647,13,21,22,53,199,4,2,108,7,52,302,115,1,7,159,335,80,4
2,281,1445,171,14,18,598,628,5,3,1150,195,76,774,134,3,48,826,2342,95,4
0,0,383,5,1,2,45,97,5,0,36,4,2,158,221,0,15,160,109,52,3
0,0,292,3,3,3,9,13,0,1,13,1,0,18,177,0,8,19,38,10,2
0,0,184,1,2,2,16,31,0,0,15,0,0,5,31,0,0,17,37,3,2
0,0,267,1,2,2,18,22,0,0,14,0,0,5,26,0,0,17,42,3,2
0,0,163,1,2,2,37,64,0,0,14,0,0,5,34,0,0,30,44,11,1
0,0,390,12,6,6,26,103,0,1,773,1,4,58,435,0,11,109,876,19,1
0,12,457,3,4,13,18,82,2,1,36,1,0,60,37,0,3,50,72,15,4
0,0,943,3,5,5,19,131,0,1,630,1,1,22,285,0,10,38,711,13,2
0,13,627,17,14,27,58,187,2,1,74,4,16,188,236,0,8,180,253,91,0
0,0,37,1,0,0,1,2,0,0,8,0,0,3,21,0,0,11,22,3,0
0,0,2576,27,26,50,107,494,40,1,642,15,31,370,343,0,45,343,1325,176,3
0,0,1009,3,5,5,19,117,0,1,665,1,1,22,281,0,10,38,746,13,2
0,0,50,1,3,3,24,28,0,0,8,0,1,8,23,0,0,21,26,5,2
0,0,349,7,4,4,27,95,0,1,566,1,8,64,244,0,10,71,632,21,0
0,0,158,1,3,3,136,13,1,0,11,0,0,107,36,0,0,151,108,3,1
0,0,189,1,3,3,6,13,0,0,10,0,19,14594,52,0,0,65,48,23,1
0,0,333,3,5,5,62,128,0,0,625,1,2,44,431,0,12,75,712,19,3
0,0,670,4,6,12,56,114,7,1,103,2,9,91,209,0,8,112,287,39,3
0,0,458,3,5,5,43,180,0,2,1073,1,3,52,2170,0,10,111,1204,85,3
0,0,348,4,7,7,96,109,1,0,43,18,4,89,87,0,9,95,149,18,3
0,0,56,1,0,0,1,2,0,0,9,0,0,3,21,0,0,11,24,3,1
0,0,464,3,5,5,29,174,0,2,1062,1,1,22,310,0,10,55,1172,13,2
0,0,119,1,2,2,49,65,0,0,14,0,0,7,27,0,0,24,41,3,2
0,0,200,3,5,6,189,81,1,0,16,0,16,171,56,0,0,194,153,20,3
0,0,985,4,23,26,262,267,25,0,199,8,1,380,98,0,1,421,654,113,3
0,0,271,1,2,2,18,22,0,0,14,0,0,5,26,0,0,17,42,3,2
0,0,292,3,5,5,6,146,0,1,785,1,2,44,494,0,11,72,899,25,3
0,0,1650,15,22,104,247,132,2,1,92,3,17,401,216,0,12,320,456,76,3
0,0,619,97,8,8,116,178,1,0,41,13,20,160,80,0,3,133,147,35,1
0,0,295,4,3,4,39,57,0,1,19,1,0,22,189,0,9,30,58,10,3
0,0,119,1,2,2,49,65,0,0,14,0,0,7,23,0,0,24,41,3,2
0,0,390,3,3,3,9,14,0,1,14,1,0,18,177,0,8,19,40,10,2
0,0,243,3,4,4,2719,737,1,0,37,2,0,1354,36,0,0,2033,2148,4,0
0,0,403,3,6,6,17,113,0,1,765,1,7,39,281,0,11,72,851,20,2
0,0,56,1,0,0,1,2,0,0,9,0,0,3,21,0,0,11,24,3,1
0,0,213,1,3,3,36,49,0,0,14,0,1,10,28,0,0,22,44,5,1
0,0,141,3,3,3,48,29,1,0,10,0,0,37,28,0,0,65,62,3,1
0,0,434,1,2,2,215,250,0,0,16,0,0,5,33,0,0,45,46,3,1
4,31,2996,30,16,19,245,286,6,3,131,22,45,417,157,3,6,447,594,77,4
0,0,264,1,2,2,18,22,0,0,14,0,0,5,34,0,0,17,42,3,2
0,0,255,1,3,3,13,27,0,0,17,0,2,14,34,0,0,45,52,6,1
0,0,57,1,3,3,24,28,0,0,8,0,3,12,23,0,0,25,28,7,2
0,0,789,3,3,39,95,473,12,0,260,68,6,97,211,0,0,433,515,24,1
4,31,577,25,14,15,363,223,4,2,76,29,32,450,78,6,7,498,571,53,4
2,3,482,11,15,94,168,155,2,3,24,3,15,387,54,1,1,168,183,22,4
0,0,404,3,6,6,17,113,0,1,727,1,7,39,281,0,11,72,812,20,2
0,0,99,1,3,3,23,34,0,0,14,1,0,8,23,0,0,18,35,4,2
0,0,249,1,2,2,44,52,0,1,14,0,0,5,30,0,0,17,40,3,3
0,0,56,1,3,3,24,28,0,0,8,0,3,12,23,0,0,25,28,7,2
0,0,270,3,6,6,15,57,0,1,542,1,2,46,256,0,11,70,608,13,2
1,13,375,18,10,16,107,130,5,0,41,18,18,152,79,0,1,170,213,26,4
0,0,174,1,2,2,16,32,0,0,15,0,0,5,27,0,0,17,37,3,2
0,0,2901,9,29,48,538,564,10,0,375,18,29,681,300,0,26,711,1140,146,3
0,0,51,1,3,3,24,28,0,0,8,0,1,8,23,0,0,21,26,5,2
0,0,69,1,2,2,28,29,0,0,8,0,0,4,21,0,0,15,24,3,1
0,0,264,1,2,2,18,22,0,0,14,0,0,5,26,0,0,17,42,3,2
0,0,178,1,2,2,16,31,0,0,15,0,0,5,27,0,0,17,37,3,2
0,0,313,4,7,7,22,66,0,2,486,3,1,27,242,0,10,41,548,16,0
0,0,123,1,3,3,51,70,0,0,14,0,4,16,23,0,0,46,48,8,2
0,0,200,1,3,3,81,58,1,0,15,0,0,37,27,0,0,67,64,3,4
0,0,115,1,0,0,3,10,0,0,9,3,0,9,27,0,2,13,25,13,3
0,0,26,1,0,1,2,9,0,0,9,1,0,8,21,0,0,17,27,15,3
0,0,340,3,6,6,42,55,0,2,17,1,0,27,177,0,8,22,53,10,3
0,0,154,1,2,2,15,25,0,0,15,0,0,5,27,0,0,21,37,3,2
0,0,347,2,5,5,184,75,1,0,15,0,1,88,34,0,0,111,102,5,4
0,0,170,1,3,3,5,18,0,0,16,0,0,8,33,0,0,74,40,4,1
0,0,233,1,2,2,102,122,0,0,14,0,0,7,23,0,0,42,43,3,4
0,0,155,1,3,3,56,46,1,0,18,0,0,27,30,0,0,56,62,3,1
0,0,360,1,4,4,1473,142,1,0,56,12,1,90,58,0,0,161,154,5,0
0,0,147,2,3,3,1,2,0,0,10,1,0,7,26,0,0,15,32,3,3
0,160,3161,12,28,58,132,586,30,0,789,19,31,380,399,0,36,304,1462,341,3
0,0,55,1,3,3,24,28,0,0,8,0,3,12,23,0,0,25,28,7,2
0,0,92,1,0,0,4,17,0,0,15,1,0,11,27,0,0,17,41,3,0
0,0,108,1,2,2,27,46,0,0,14,0,0,7,27,0,0,22,41,3,1
0,0,107,2,3,3,22,35,0,0,10,0,2,15,26,0,0,35,32,7,2
0,0,254,1,2,2,43,63,0,0,15,0,0,5,27,0,0,31,44,3,2
0,0,55,1,3,3,24,28,0,0,8,0,3,12,23,0,0,25,28,7,2
0,0,25,1,0,1,16,5,1,0,10,1,0,20,21,0,0,32,41,15,3
0,0,632,1,11,15,128,128,1,0,21,0,6,60,73,0,0,77,89,14,4
1,397,2538,12,24,28,99,234,3,8,147,7,29,255,289,0,16,138,353,54,4
0,0,335,3,7,13,84,109,0,3,16,0,0,18,25,0,0,25,52,3,3
0,0,424,4,17,27,92,390,0,1,858,1,3,73,411,0,13,93,1014,24,4
0,0,458,3,5,5,19,139,0,1,765,1,1,22,282,0,11,48,857,13,2
0,0,177,1,2,2,16,32,0,0,15,0,0,5,27,0,0,17,37,3,2
0,0,1221,9,9,9,383,478,1,11,66,1,11,282,253,0,8,289,471,25,3
0,0,128,1,2,2,1,5,0,0,10,10,0,23,28,0,0,30,27,39,1
0,0,274,3,6,6,28,50,1,1,608,1,2,55,254,0,10,81,689,16,2
1,28,1156,22,20,34,57,414,8,0,1325,12,20,205,932,0,15,154,1540,80,4
0,0,345,9,10,12,33,107,0,1,629,6,5,88,277,0,11,81,718,44,0
0,0,90,2,3,3,28,41,0,0,10,0,2,15,26,0,0,41,32,7,2
0,0,379,3,6,6,83,92,1,0,17,2,2,86,56,0,0,87,111,14,0
0,2,604,1,5,11,74,103,7,1,109,0,15,96,48,0,1,140,296,36,3
0,0,748,1,6,8,21,580,1,0,64,3,1,19,72,0,0,74,147,17,3
0,0,181,2,2,2,31,45,0,0,35,0,0,9,33,0,0,25,61,3,2
0,0,89,2,3,3,25,38,0,0,10,0,3,17,26,0,0,43,33,8,2
0,0,90,2,3,3,28,41,0,0,10,0,2,15,26,0,0,35,32,7,2
0,0,266,1,2,2,18,22,0,0,14,0,0,5,26,0,0,17,42,3,2
0,0,293,3,5,5,6,151,0,1,857,1,2,44,495,0,10,72,973,25,3
1,15,1479,15,9,11,284,175,2,0,101,9,40,300,92,0,4,358,452,63,4
0,0,170,1,3,3,5,18,0,0,16,0,0,8,33,0,0,74,40,4,1
0,0,305,3,5,5,7,147,0,1,820,1,2,44,491,0,10,72,933,25,3
0,0,247,4,0,0,53,61,1,0,20,7,2,93,193,0,10,91,97,26,3
0,0,349,3,7,7,55,269,0,1,934,1,3,43,423,0,11,66,1061,16,4
0,0,97,1,3,3,20,28,0,0,10,0,2,10,25,0,0,33,31,6,2
0,0,51,1,3,3,24,28,0,0,8,0,1,8,23,0,0,21,26,5,2
0,0,943,3,5,5,19,128,0,1,737,1,1,22,284,0,10,38,821,13,2
0,11,198,3,4,6,51,90,1,0,19,7,3,53,47,0,0,62,76,8,0
0,0,85,2,3,3,22,35,0,0,10,0,2,15,26,0,0,35,32,7,2
1,25,443,11,11,14,72,73,3,0,77,3,38,276,176,0,18,180,258,63,3
0,0,51,1,3,3,24,28,0,0,8,0,1,8,23,0,0,21,26,5,2
0,0,51,1,3,3,24,28,0,0,8,0,1,8,23,0,0,21,26,5,2
0,0,263,3,5,5,15,48,0,2,559,1,3,46,274,0,10,77,624,26,1
0,5,1270,1,25,41,3,48,3,4,216,6,1,20,33,0,1,345,287,9,4
0,11,1045,20,8,9,93,339,1,4,1831,10,3,85,874,0,14,167,2051,32,4
0,0,232,1,2,2,44,52,0,1,14,0,0,5,30,0,0,17,40,3,3
0,0,198,1,3,3,56,31,1,0,22,0,0,37,29,0,0,67,72,3,2
0,0,367,3,6,6,221,127,1,1,879,1,3,195,262,0,10,243,1108,19,1
2,27,4162,20,23,36,153,249,7,2,133,8,26,290,86,0,4,219,386,66,4
0,0,58,1,3,3,31,35,0,0,8,0,3,12,23,0,0,25,28,7,2
0,0,179,2,2,2,31,45,0,0,35,0,0,9,33,0,0,21,61,3,2
0,0,81,0,2,2,45,48,0,0,2,5,0,1,7,0,1,20,50,0,1
0,0,98,1,2,2,2,7,0,0,15,0,0,5,21,0,0,21,35,3,3
0,0,68,1,2,2,4,17,0,0,9,0,0,3,29,0,0,23,26,3,1
3,33,895,17,12,16,2905,384,2,9,72,19,45,2199,122,1,2,2645,2464,66,4
0,0,257,1,3,3,41,63,0,7,16,0,2,12,28,0,0,61,42,6,3
0,0,296,3,5,5,7,146,0,1,767,1,2,44,501,0,10,72,878,25,3
0,0,91,1,3,3,26,33,0,0,10,0,3,12,24,0,0,33,32,7,2
0,0,233,1,3,3,20,37,0,0,16,0,0,10,30,0,0,23,47,4,2
0,0,149,1,3,3,1,6,0,0,35,0,0,6,28,0,0,33,59,4,1
0,168,2869,13,29,49,189,512,10,1,562,21,29,421,338,0,33,361,1144,338,3
0,0,46,1,0,1,56,36,1,0,10,1,0,60,21,0,0,72,81,15,3
0,0,50,1,3,3,24,28,0,0,8,0,1,8,23,0,0,21,26,5,2
0,0,914,3,5,5,19,134,0,1,792,1,1,22,289,0,10,48,884,13,2
0,0,300,1,3,3,50,86,0,0,17,0,0,20,42,0,0,49,50,4,1
0,0,252,1,2,2,37,41,0,0,14,0,0,5,30,0,0,17,41,3,2
0,0,38,2,4,5,2,8,0,0,8,0,0,5,28,0,0,21,27,5,1
0,0,56,1,3,3,24,28,0,0,8,0,3,12,23,0,0,25,28,7,2
2,283,2058,64,14,17,968,816,2,19,69,36,218,1181,123,3,8,972,902,104,4
0,0,171,1,3,3,5,18,0,0,16,0,0,8,33,0,0,74,40,4,1
2,6,411,9,5,5,29,61,2,2,16,6,3,36,38,2,1,39,47,15,4
0,0,399,5,0,3,73,103,5,0,38,4,2,188,227,0,19,194,138,67,3
0,0,877,3,5,5,19,121,0,1,750,1,1,22,273,0,10,38,834,13,2
0,0,517,6,0,2,811,113,2,0,609,3,3,153,73,0,1,142,864,26,4
0,0,896,1,4,4,454,541,0,0,91,0,3,22,37,0,0,288,131,7,3
0,0,420,3,5,5,19,138,0,1,746,1,1,22,290,0,11,48,837,13,2
15,33,1106,110,7,7,171,916,14,13,466,1,27,155,2518,0,16,205,818,45,4
0,1812,243,2,6,7,32,78,0,0,18,1,2,39,53,0,0,41,69,13,0
0,0,124,2,2,2,31,42,0,0,14,0,0,9,25,0,0,21,35,3,2
0,0,299,4,3,3,49,64,0,1,18,1,0,20,186,0,9,30,54,10,3
0,0,475,2,3,3,18,40,0,0,25,2,0,11,40,0,0,27,59,7,0
0,0,665,51,8,9,1190,390,2,3,371,1,49,1049,398,0,12,1082,1179,22,3
0,0,48,1,0,0,5,6,0,0,8,0,0,3,22,0,0,15,22,3,0
0,0,160,1,2,2,36,62,0,0,14,0,0,5,34,0,0,30,44,11,1
0,0,170,1,3,3,5,18,0,0,16,0,0,8,33,0,0,74,40,4,1
0,0,54,1,3,3,24,28,0,0,8,0,3,12,23,0,0,25,28,7,2
0,0,115,2,3,3,2,29,0,0,9,0,1,14,58,0,0,35,28,7,1
0,0,295,3,6,6,59,208,0,1,1061,1,5,54,674,0,10,152,1208,98,3
0,0,41,1,0,0,1,2,0,0,8,0,0,3,21,0,0,11,22,3,0
0,0,321,1,2,2,160,180,0,0,14,0,0,5,30,0,0,35,41,3,1
0,0,59,1,0,0,11,11,1,0,9,0,0,20,26,0,0,23,30,5,3
0,0,55,1,3,3,24,28,0,0,8,0,3,12,23,0,0,25,28,7,2
0,2,322,5,4,4,29,127,0,1,831,2,0,24,268,0,12,30,891,10,4
0,0,155,1,2,2,15,27,0,0,15,0,0,5,27,0,0,21,37,3,2
2,20,676,12,18,22,179,190,4,0,55,8,16,197,89,0,3,141,213,26,4
0,0,834,21,4,13,168,368,9,0,247,6,18,108,80,0,0,273,405,35,0
0,0,56,1,3,3,24,28,0,0,8,0,2,10,23,0,0,23,27,6,2
0,0,55,1,3,3,24,28,0,0,8,0,3,12,23,0,0,25,28,7,2
0,0,39,2,4,5,2,8,0,0,8,0,0,5,32,0,0,21,27,5,1
0,0,631,96,8,8,116,176,1,0,41,14,20,160,86,0,3,133,147,35,1
0,0,150,1,3,3,1,6,0,0,35,0,0,6,28,0,0,33,59,4,1
0,0,65,1,3,3,38,42,0,0,8,0,0,6,23,0,0,20,25,4,2
0,0,51,1,3,3,24,28,0,0,8,0,1,8,23,0,0,21,26,5,2
0,0,153,1,3,3,16,27,0,0,16,0,0,10,24,0,0,20,38,4,2
1,7,494,5,5,5,326,177,1,3,32,3,10,245,40,0,1,302,255,16,4
0,0,317,6,4,4,27,104,0,1,579,1,8,58,254,0,10,71,645,21,0
0,0,54,1,3,3,24,28,0,0,8,0,1,8,23,0,0,21,26,5,2
0,0,419,5,1,2,72,105,5,0,45,5,2,179,230,0,23,190,144,54,3
0,0,505,3,7,9,174,234,0,0,17,4,4,59,57,0,0,179,66,28,0
2,334,19214,42,46,66,557,842,6,3,141,12,87,1012,1382,1,17,390,801,133,4
0,10,421,2,0,0,72,108,1,2,39,0,0,40,74,1,2,72,95,3,4
0,0,398,3,5,5,19,133,0,1,892,1,1,22,290,0,11,48,987,13,2
0,0,361,4,4,4,819,221,1,0,21,0,0,585,33,0,0,663,549,7,4
0,0,68,1,3,3,36,43,0,0,10,0,2,10,24,0,0,29,31,6,2
0,0,40,1,0,1,34,23,1,0,10,1,0,38,25,0,0,50,59,15,3
0,7,422,7,6,8,47,131,0,3,37,12,5,66,215,0,8,60,112,25,0
0,0,327,4,3,4,33,51,0,1,19,1,0,22,189,0,9,30,58,10,3
1,19,4400,15,19,26,340,560,11,5,123,5,27,274,192,3,7,288,417,68,4
3,36,848,26,12,13,205,225,11,4,90,18,39,289,129,1,10,290,391,64,4
0,0,260,1,2,2,18,22,0,0,14,0,0,5,30,0,0,17,42,3,2
0,0,16,0,0,1,0,5,0,0,224,0,0,3,5,0,0,0,239,0,3
0,0,955,3,5,5,19,129,0,1,666,1,1,22,284,0,10,38,748,13,2
0,0,56,1,3,3,24,28,0,0,8,0,3,12,23,0,0,25,28,7,2
0,0,948,3,5,5,19,132,0,1,736,1,1,22,284,0,10,38,820,13,2
0,0,469,3,0,6,61,1151,5,0,54,4,0,203,246,0,15,262,157,27,3
0,0,577,7,0,1,38,142,6,0,100,4,0,250,264,0,18,155,179,72,3
1,329,1461,25,9,25,299,649,19,35,243,69,76,484,189,0,10,525,834,93,4
0,0,263,3,6,8,40,60,0,2,16,0,0,6,22,0,0,21,52,3,3
0,0,55,1,3,3,24,28,0,0,8,0,3,12,23,0,0,25,28,7,2
0,0,127,2,2,2,31,42,0,0,14,0,0,9,33,0,0,21,35,3,2
0,3,2671,13,7,8,11,89,2,0,107,7,15,220,122,0,2,120,186,77,3
0,0,304,4,3,3,49,64,0,1,18,1,0,20,182,0,9,30,54,10,3
0,0,387,3,8,8,40,117,0,2,853,1,2,48,260,0,10,60,934,19,3
0,0,119,1,2,2,49,65,0,0,14,0,0,7,23,0,0,24,41,3,2
0,0,1652,28,9,12,223,275,3,1,69,6,7,163,227,0,11,204,284,26,3
1,0,291,9,0,1,216,95,1,0,13,3,1,206,65,0,0,210,149,4,4
0,0,263,1,2,2,18,22,0,0,14,0,0,5,30,0,0,17,42,3,2
0,0,252,1,2,2,18,22,0,0,14,0,0,5,30,0,0,17,42,3,2
1,9,716,14,8,11,224,245,3,1,882,8,15,241,496,2,13,294,1173,36,4
0,0,138,1,2,2,1,5,0,0,10,10,0,23,28,0,0,30,27,39,1
0,0,150,1,3,3,1,6,0,0,35,0,0,6,28,0,0,33,59,4,1
0,0,173,1,2,2,16,31,0,0,15,0,0,5,27,0,0,17,37,3,2
1,0,139,7,4,4,1,11,0,0,8,5,3,17,26,2,0,21,30,7,4
0,0,149,1,3,3,1,6,0,0,35,0,0,6,28,0,0,33,59,4,1
0,0,322,3,5,5,39,90,0,5,781,1,2,46,561,0,11,90,889,28,3
0,0,265,3,6,6,15,58,0,1,609,1,2,46,257,0,12,70,677,13,2
0,0,415,3,6,6,17,115,0,1,727,1,7,39,281,0,11,72,812,20,2
0,0,440,3,5,5,19,141,0,1,747,1,1,22,290,0,11,48,836,13,2
0,0,445,5,10,12,26,113,0,1,626,8,3,85,289,0,11,104,710,35,3
0,0,55,1,3,3,24,28,0,0,8,0,3,12,23,0,0,25,28,7,2
0,0,51,1,3,3,24,28,0,0,8,0,1,8,23,0,0,21,26,5,2
0,0,404,5,1,2,72,102,5,0,37,4,2,181,225,0,16,190,133,54,3
0,0,271,3,3,3,41,250,0,1,63,2,2,47,615,0,11,70,268,16,0
0,0,125,2,2,2,31,42,0,0,14,0,0,9,29,0,0,21,35,3,2
0,0,270,3,6,6,15,58,0,1,575,1,2,46,256,0,11,70,642,13,2
0,54,302,2,11,16,38,40,3,0,125,0,16,276,50,0,15,118,235,33,1
0,0,38,1,0,0,1,2,0,0,8,0,0,3,21,0,0,11,22,3,0
0,0,479,1,4,5,42,86,1,0,58,2,0,10,32,0,0,50,128,14,1
0,0,119,1,2,2,49,65,0,0,14,0,0,7,23,0,0,24,41,3,2
0,0,56,1,0,0,1,2,0,0,9,0,0,3,21,0,0,11,24,3,1
0,0,318,4,3,3,44,61,0,1,18,1,0,20,189,0,9,30,55,10,3
0,0,51,1,3,3,24,28,0,0,8,0,1,8,23,0,0,21,26,5,2
2,40,1124,32,19,31,171,440,7,3,1883,18,11,266,714,0,21,242,2180,82,4
0,4,489,1,4,4,136,170,0,8,22,0,1,18,39,0,1,63,57,6,4
0,0,115,2,3,4,29,45,0,0,15,0,0,6,23,0,0,19,51,3,2
0,0,154,1,2,2,15,25,0,0,15,0,0,5,27,0,0,21,37,3,2
0,0,460,1,5,6,144,97,2,0,69,0,5,153,40,0,0,198,268,48,0
0,0,495,3,5,5,19,139,0,1,783,1,1,22,291,0,12,48,875,13,2
0,0,430,3,5,5,19,141,0,1,803,1,1,22,290,0,10,48,891,13,2
0,0,40,1,2,2,1,2,0,0,8,0,0,3,21,0,0,9,23,3,3
0,0,120,1,2,2,49,65,0,0,14,0,0,7,31,0,0,24,41,3,2
0,0,40,1,3,3,1,0,0,0,8,0,0,5,23,0,0,19,23,3,3
0,0,116,1,2,2,49,63,0,0,14,0,0,7,23,0,0,24,41,3,2
0,0,58,1,3,3,1,3,0,0,10,0,0,8,21,0,0,18,26,3,3
0,0,170,1,3,3,5,18,0,0,16,0,0,8,33,0,0,74,40,4,1
0,0,133,1,2,2,1,5,0,0,10,0,0,13,28,0,0,26,27,19,1
0,0,405,3,5,5,17,130,0,1,747,1,1,22,285,0,11,52,833,13,2
0,0,738,6073,6,6,277,130,1,1,19,4,4,119,233,0,8,130,109,21,0
0,0,389,3,5,5,17,123,0,1,797,1,1,22,279,0,11,48,885,13,2
0,0,145,1,2,2,25,36,0,0,15,0,0,7,26,0,0,18,44,3,1
0,0,53,1,3,3,24,28,0,0,8,0,3,12,23,0,0,25,28,7,2
0,0,90,2,3,3,28,41,0,0,10,0,2,15,26,0,0,35,32,7,2
0,0,275,6,0,1,190,117,1,0,12,3,1,120,62,0,0,135,146,5,4
0,0,52,1,3,3,24,28,0,0,8,0,1,8,23,0,0,21,26,5,2
0,0,125,1,3,3,125,27,1,0,11,0,0,97,27,0,0,135,99,3,1
0,0,57,1,3,3,24,28,0,0,8,0,2,10,23,0,0,23,27,6,2
0,0,431,3,5,5,29,198,0,2,1049,1,1,22,322,0,10,55,1158,13,2
0,0,542,5,7,10,21,118,1,0,68,4,8,64,52,0,0,78,180,39,0
0,0,154,2,3,3,1,2,0,0,10,1,0,7,26,0,0,17,33,3,3
0,0,124,1,3,3,125,27,1,0,11,0,0,97,27,0,0,135,99,3,1
0,0,326,4,5,5,103,141,1,1,519,1,1,37,225,0,10,50,592,12,0
0,0,260,1,2,2,18,22,0,0,14,0,0,5,26,0,0,17,42,3,2
0,0,150,1,3,3,1,6,0,0,35,0,0,6,28,0,0,33,59,4,1
0,0,172,1,2,2,17,28,0,0,15,0,0,5,31,0,0,17,37,3,2
0,0,90,2,3,3,28,41,0,0,10,0,2,15,26,0,0,41,32,7,2
0,0,251,1,3,3,583,254,1,0,252,0,0,373,31,0,0,445,742,3,1
0,0,190,1,3,3,41,71,0,0,15,0,1,18,33,0,0,48,38,5,2
0,0,56,1,3,3,27,31,0,0,8,0,3,12,23,0,0,26,28,7,2
0,0,144,1,2,2,11,61,0,0,15,0,0,33,40,0,0,50,37,3,1
0,0,782,6,12,17,19,135,2,0,120,4,9,86,60,0,0,130,380,68,0
0,0,250,2,0,2,2,45,3,0,20,2,2,66,44,0,2,77,47,38,3
0,0,53,1,3,3,24,28,0,0,8,0,1,8,23,0,0,21,26,5,2
0,0,211,3,5,5,15,51,0,1,570,1,2,41,258,0,11,58,632,16,3
0,0,415,5,6,6,36,83,0,0,61,4,1,35,57,0,0,41,97,6,3
0,0,225,1,7,10,43,55,0,2,15,0,0,8,23,0,0,27,38,5,1
0,0,483,3,7,7,62,111,0,2,835,1,0,30,241,0,11,24,899,11,3
0,0,121,1,2,2,49,65,0,0,14,0,0,7,27,0,0,24,41,3,2
0,0,211,3,5,5,15,51,0,1,604,1,2,41,254,0,10,58,667,16,3
0,0,369,7,4,4,27,101,0,1,565,1,8,64,245,0,10,81,631,21,0
0,0,202,2,3,3,112,117,1,0,11,0,0,87,61,0,7,133,94,3,1
0,6,594,4436,5,5,209,247,1,0,17,12,9,110,108,0,1,140,109,19,0
0,0,53,1,3,3,24,28,0,0,8,0,1,8,23,0,0,21,26,5,2
0,0,168,1,2,2,15,25,0,0,15,0,0,5,31,0,0,21,37,3,2
0,0,1687,29,11,16,243,344,3,1,70,7,7,166,233,0,11,221,284,26,3
0,0,221,1,3,3,28,41,0,0,17,0,0,7,35,0,0,30,41,3,1
0,45,4933,2,59,58,11,107,0,0,79,0,0,101,27,0,0,91,393,5,3
0,0,327,2,4,4,83,147,0,0,15,1,0,32,61,0,0,59,57,6,0
0,0,412,3,5,5,19,119,0,1,679,1,1,22,272,0,10,40,761,13,2
0,0,174,3,4,4,23,67,0,0,52,2,2,38,56,0,0,43,85,13,0
0,0,333,4,2,4,230,102,2,0,38,5,6,480,217,0,29,327,227,93,3
0,1,317,3,7,10,18,37,0,2,18,0,0,6,24,0,0,26,48,3,3
0,0,371,5,5,7,115,115,3,2,38,1,1,61,198,0,8,80,148,12,0
0,12617,521,9,5,11,67,143,2,0,36,2,1,80,163,0,1832,47,89,19,4
0,0,421,4,5,6,35,62,0,1,18,1,0,23,189,0,9,34,56,10,3
0,0,225,3,10,14,20,30,1,2,19,1,1,36,38,0,0,56,66,7,3
0,0,56,1,0,0,1,2,0,0,9,0,0,3,21,0,0,11,24,3,1
1,1839,2256,28,28,55,288,477,28,0,323,19,13,464,677,0,9,589,1024,60,4
0,0,695,11,11,14,71,151,2,1,850,5,2,107,280,0,11,161,1025,32,0
0,0,400,3,6,6,16,117,0,1,675,1,7,39,272,0,11,72,757,20,2
0,0,235,3,10,14,20,30,1,2,19,1,1,35,38,0,0,54,66,6,3
0,0,154,1,2,2,15,25,0,0,15,0,0,5,27,0,0,21,37,3,2
0,0,263,3,5,5,17,51,0,2,531,1,3,46,263,0,10,76,596,26,1
0,0,123,2,2,2,31,42,0,0,14,0,0,9,25,0,0,21,35,3,2
0,0,415,3,6,6,19,130,0,1,834,1,7,39,285,0,11,72,927,20,2
0,0,325,34,7,9,99,177,0,0,36,5,5,76,46,0,0,164,86,29,0
0,0,232,1,3,3,43,81,0,0,16,0,3,28,42,0,0,84,42,7,2
0,0,382,3,6,6,17,120,0,1,742,1,7,39,274,0,11,72,828,20,2
0,0,306,4,4,4,43,85,0,2,28,3,2,34,191,0,9,36,74,14,0
0,0,437,3,5,5,19,133,0,1,806,1,1,22,290,0,10,48,894,13,2
2,57,3157,37,23,28,255,348,6,3,90,10,27,265,143,0,5,200,265,66,4
0,0,2739,25,0,9,339,277,17,1,6872,23,16,503,323,0,23,394,7565,17276,3
0,0,153,1,3,3,16,31,0,0,16,0,0,10,32,0,0,20,38,4,2
1,0,156,3,3,3,3,43,0,0,10,3,7,431,49,0,0,1073,38,14,3
0,0,300,3,3,3,9,14,0,1,14,1,0,18,177,0,8,19,40,10,2
0,0,302,3,6,6,60,214,0,1,926,1,5,54,681,0,10,164,1069,98,3
0,0,88,2,3,3,26,39,0,0,10,0,3,17,26,0,0,37,33,8,2
0,0,54,1,3,3,24,28,0,0,8,0,3,12,23,0,0,25,28,7,2
0,0,203,7,3,3,31,45,0,0,45,0,0,10,44,0,0,22,74,4,2
0,0,275,4,1,3,231,107,2,0,31,5,5,488,220,0,22,334,217,102,3
0,0,2903,11,29,48,538,563,10,0,375,18,29,681,292,0,26,711,1140,146,3
0,0,2064,5,11,21,309,361,19,0,198,11,9,219,100,0,0,255,540,136,3
0,58,634,25,15,18,47,118,1,4,91,9,0,76,232,0,59,130,162,12,4
1,33,647,13,13,18,189,156,4,2,74,6,9,254,87,0,5,274,298,25,4
0,0,87,1,3,3,20,27,0,0,10,0,3,12,24,0,0,33,32,7,2
0,0,755,15,13,16,131,253,3,8,1257,4,6,110,531,0,12,227,1481,35,4
0,0,54,1,3,3,24,28,0,0,8,0,2,10,23,0,0,23,27,6,2
0,0,2177,6,8,9,73,292,1,1,131,4,6,435,238,0,13,973,286,33,3
0,0,160,1,2,2,1,5,0,0,10,0,0,13,28,0,0,26,27,19,1
0,0,156,1,2,2,15,27,0,0,15,0,0,5,27,0,0,21,37,3,2
0,0,233,3,3,3,21,45,0,1,19,1,0,28,198,0,8,47,57,10,2
0,0,362,4,5,5,54,80,0,1,62,3,1,31,196,0,8,25,108,14,3
0,0,248,4,0,0,53,61,1,0,20,7,2,93,197,0,10,91,97,26,3
0,0,380,12,6,6,26,105,0,1,791,1,3,55,455,0,10,105,891,18,1
0,0,112,1,2,2,49,65,0,0,14,0,0,7,23,0,0,24,41,3,2
0,0,843,5,0,7,140,99,2,0,6209,2,3,246,245,0,13,255,6883,14875,3
0,0,112,1,2,2,8,25,0,0,15,0,0,9,29,0,0,26,44,3,2
3,36,4863,29,33,52,76,262,8,2,140,12,17,329,142,0,6,219,351,102,4
4,90,1614,46,26,31,830,505,9,9,86,18,47,627,152,1,11,689,579,77,4
0,0,158,2,2,2,224,61,1,0,15,2,0,208,36,0,5,293,166,28,3
0,0,217,1,3,3,6,25,0,0,10,0,13,13986,60,0,0,59,42,17,1
0,0,310,1,3,4,2,45,1,0,58,0,0,14,38,0,9,41,125,14,1
0,0,58,1,0,1,88,52,1,0,10,1,0,92,21,0,0,104,113,15,3
0,0,435,3,3,3,9,13,0,1,13,1,0,18,177,0,9,19,37,10,2
0,0,310,3,3,7,97,166,4,2,47,13,0,25,45,0,0,89,110,4,0
0,0,199,5,0,0,118,158,0,0,51,308,7,39,44,0,0,85,98,10,4
1,10,485,9,19,30,90,401,3,1,88,7,14,148,416,0,13,87,253,31,4
0,0,157,1,3,3,16,31,0,0,16,0,0,10,24,0,0,20,38,4,2
0,0,56,1,3,3,24,28,0,0,8,0,3,12,23,0,0,25,28,7,2
0,0,56,1,0,0,28,29,0,0,8,0,0,3,22,0,0,15,22,3,0
0,0,56,1,3,3,24,28,0,0,8,0,2,10,23,0,0,23,27,6,2
0,19,997,8,30,27,224,225,1,12,41,1,0,167,260,0,8,281,253,32,4
0,0,156,1,2,2,15,27,0,0,15,0,0,5,31,0,0,21,37,3,2
0,0,176,2,2,2,31,45,0,0,35,0,0,9,29,0,0,21,61,3,2
0,167,266,8,10,26,30,84,0,0,25,4,4,44,62,0,1,32,99,20,0
0,0,269,3,6,6,15,58,0,1,525,1,2,46,249,0,11,70,591,13,2
0,159,4208,11,36,76,238,707,32,0,562,21,44,788,368,0,62,529,1467,419,3
0,0,2902,10,29,48,538,565,10,0,375,18,29,681,296,0,26,711,1141,146,3
0,160,3154,13,28,58,159,593,30,0,636,18,31,400,366,0,36,339,1326,341,3
0,0,92,1,2,2,20,27,0,0,14,0,0,5,21,0,0,15,34,3,2
0,0,174,1,3,3,64,64,1,0,15,0,0,17,22,0,2,38,48,3,4
2,0,1140,31,12,13,173,462,3,6,219,19,17,135,666,0,11,202,398,46,4
0,0,419,1,2,2,139,179,0,0,16,0,0,5,33,0,0,49,48,3,1
1,14,622,11,16,16,118,122,4,1,57,6,28,299,236,0,10,179,279,49,4
0,10,6707,4,13,17,113,228,1,1,114,1,6,88,136,0,2,103,291,26,4
0,0,618,17,14,16,200,532,0,12,20,21,0,342,141,0,0,290,163,182,0
10,41,869,87,7,7,68,847,8,9,740,11,24,138,907,0,19,193,899,39,4
0,0,413,3,5,5,19,120,0,1,747,1,1,22,284,0,10,40,830,13,2
0,0,120,1,2,2,49,65,0,0,14,0,0,7,23,0,0,24,41,3,2
3,360,997,31,12,17,266,260,5,1,167,18,24,338,277,3,21,350,544,53,4
0,0,462,7358,4,4,38,117,0,0,26,2,7,61,67,0,0,131,71,15,0
0,0,145,2,3,3,4,5,0,0,10,1,0,6,27,0,0,17,30,3,3
0,0,279,3,5,5,13,54,0,1,627,1,1,26,259,0,11,42,687,13,2
0,0,89,0,2,2,45,48,0,0,2,5,0,1,15,0,1,20,50,0,2
0,0,947,3,5,5,19,132,0,1,785,1,1,22,276,0,10,38,871,13,2
0,0,124,2,2,2,31,42,0,0,14,0,0,9,25,0,0,21,35,3,2
0,5,688,8,6,6,71,50,2,4,29,3,0,75,221,0,8,100,123,13,4
0,0,58,1,0,1,82,49,1,0,10,1,0,86,25,0,0,98,107,15,3
0,0,285,5,8,10,59,118,1,0,31,12,13,103,60,0,0,90,108,40,0
1,11,985,29,15,17,499,658,4,2,1852,27,40,419,954,3,14,587,2462,68,4
0,159,4274,19,32,68,1061,829,32,0,766,21,37,1429,428,0,61,1375,2104,413,3
1,7,791,29,7,8,40,201,1,4,136,12,2,75,508,0,12,122,266,30,4
0,0,35,1,2,2,1,2,0,0,8,0,0,3,21,0,0,9,23,3,4
0,160,2994,13,29,49,146,500,10,1,732,20,26,381,375,0,41,313,1286,335,3
1,4,2209,36,11,16,2204,604,3,2,139,10,31,1999,308,0,21,2331,1662,125,3
0,0,119,1,2,2,49,65,0,0,14,0,0,7,23,0,0,24,41,3,2
0,0,209,2,2,1,3,33,0,0,19,1,0,41,28,0,0,63,47,14,3
0,0,257,1,2,2,18,22,0,0,14,0,0,5,30,0,0,17,42,3,2
0,0,120,1,2,2,49,65,0,0,14,0,0,7,27,0,0,24,41,3,2
0,0,170,1,3,3,5,18,0,0,16,0,0,8,33,0,0,74,40,4,1
0,0,58,1,0,1,84,50,1,0,10,1,0,88,21,0,0,100,109,15,3
0,0,232,1,3,3,5,12,0,0,10,0,8,14072,54,0,0,54,37,12,1
2,17,816,64,18,19,141,392,4,2,63,22,22,254,188,0,5,183,269,33,4
0,0,157,1,3,3,1,27,0,0,10,0,1,8,32,0,0,26,30,5,1
0,0,591,2,3,3,18,40,0,0,25,2,0,11,32,0,0,27,59,7,0
0,0,2903,11,29,48,551,567,10,0,375,18,29,691,300,0,26,723,1147,146,3
1,26,1727,28,38,61,444,1132,9,4,143,10,11,445,280,0,14,514,683,125,4
0,0,384,6,4,2,30,91,0,2,72,2,2,58,274,0,10,63,128,25,1
0,0,1555,3,7,9,43,158,2,0,123,1,11,39,44,0,0,89,265,38,3
2,142,2077,33,12,14,353,254,2,2,114,42,32,477,106,4,2,525,619,60,4
0,0,227,1,3,3,5,12,0,0,10,0,7,22,54,0,0,53,36,11,1
0,0,26,1,0,0,1,5,0,0,8,0,0,5,22,0,0,18,22,3,4
0,0,399,3,5,5,19,141,0,1,781,1,1,22,290,0,11,48,873,13,2
0,0,399,3,5,5,17,126,0,1,747,1,1,22,287,0,11,48,833,13,2
0,0,271,4,3,3,25,56,0,1,18,1,0,20,184,0,9,30,61,10,3
0,0,68,1,3,3,36,43,0,0,10,0,2,10,24,0,0,29,31,6,2
0,0,55,1,3,3,24,28,0,0,8,0,3,12,23,0,0,25,28,7,2
0,0,248,1,2,2,43,65,0,0,15,0,0,5,27,0,0,31,44,3,2
0,0,648,95,8,8,116,180,1,0,51,13,17,161,87,0,3,142,156,32,1
0,0,36,1,0,0,1,2,0,0,8,0,0,3,21,0,0,11,22,3,3
0,0,333,4,2,4,230,102,2,0,38,5,6,484,217,0,29,327,227,93,3
0,0,396,3,6,6,19,126,0,1,870,1,7,39,285,0,11,72,964,20,2
0,0,191,1,4,4,9,76,0,0,61,0,0,13,73,8,0,153,95,4,3
0,0,254,3,3,3,21,44,0,1,19,1,0,28,193,0,8,45,57,10,2
0,0,90,2,3,3,28,41,0,0,10,0,2,15,26,0,0,35,32,7,2
0,0,263,4,4,4,48,76,1,0,21,1,1,40,39,0,0,72,82,7,0
0,0,392,3,5,5,35,133,0,1,539,1,12,55,254,12,10,100,602,23,1
0,0,272,1,3,3,20,40,0,0,16,0,1,15,27,0,0,29,49,6,2
0,0,219,2,3,3,32,61,0,0,15,2,2,20,42,0,0,40,51,8,0
0,0,38,2,4,5,2,8,0,0,8,0,0,5,28,0,0,21,27,5,1
0,0,361,2,5,7,105,227,2,0,111,1,2,76,58,0,0,206,174,13,0
0,0,58,1,0,1,84,50,1,0,10,1,0,88,21,0,0,100,109,15,3
1,18,884,10,20,22,238,275,1,9,59,4,10,203,64,2,2,337,352,25,4
2,11,519,9,10,11,59,111,1,1,41,5,15,87,57,0,2,53,115,22,4
0,0,109,1,2,2,27,46,0,0,14,0,0,7,31,0,0,22,41,3,1
0,0,131,3,0,0,25,29,0,1,12,1,0,19,176,0,8,25,32,10,0
0,0,335,22,4,4,138,223,1,2,48,1,2,19,57,0,0,121,104,11,3
0,0,861,1,4,4,436,526,0,0,91,0,3,22,37,0,1,278,131,7,3
0,0,42,1,0,0,14,17,0,0,8,0,0,3,22,0,0,15,22,3,0
0,0,143,3,3,3,4,38,0,0,24,2,1,28,38,0,0,34,51,10,0
0,0,195,1,3,3,6,13,0,0,10,0,19,15301,50,0,0,65,48,23,1
0,0,78,1,3,3,5,10,0,0,8,1,4,14,23,1,0,21,29,8,4
0,0,244,3,2,8,38,63,0,3,16,0,0,5,24,0,0,25,51,3,3
0,0,76,1,2,2,36,43,0,0,8,0,0,7,28,0,0,18,23,3,2
0,160,676,4,3,4,40,142,2,0,222,6,9,451,237,0,27,153,372,305,3
0,3,984,101,26,35,804,566,21,0,337,20,69,1197,171,10,6,1047,1001,365,3
0,0,248,4,0,0,53,61,1,0,20,7,2,93,201,0,10,91,97,26,3
1,38,1283,21,15,27,1138,695,11,8,76,80,35,874,214,20,11,1014,1028,69,4
0,0,141,2,3,3,4,5,0,0,10,1,0,6,27,0,0,17,30,3,3
0,0,92,1,3,3,26,33,0,0,10,0,3,12,24,0,0,33,32,7,2
0,0,325,6,7,7,53,100,1,1,19,5,3,80,206,0,8,75,81,31,1
0,0,145,1,3,3,1,21,0,0,50,0,0,6,45,0,0,31,77,4,1
0,0,462,1,0,0,9,24,0,0,22,0,0,5,21,0,0,18,50,3,4
0,0,93,1,3,3,26,33,0,0,10,0,3,12,24,0,0,33,32,7,2
0,160,2983,13,29,49,173,506,10,1,565,21,29,411,348,0,33,347,1140,338,3
2,27,896,13,17,22,804,276,5,3,135,10,36,708,89,0,6,799,821,63,4
0,0,2558,11,25,42,548,501,8,0,309,16,25,643,279,0,26,688,1006,117,3
3,123,691,40,12,13,203,354,4,10,111,11,43,313,297,0,16,388,359,71,4
0,0,87,1,3,3,20,27,0,0,10,0,3,12,24,0,0,33,32,7,2
0,0,149,1,2,2,53,67,0,0,14,0,0,5,22,0,0,33,41,3,2
0,0,333,3,6,6,16,76,0,2,501,1,5,38,244,0,11,76,563,19,2
0,0,207,3,3,3,34,44,0,1,17,1,0,20,177,0,8,24,45,10,0
0,0,127,1,3,3,51,70,0,0,14,0,4,16,23,0,0,46,48,8,2
0,0,56,1,0,0,1,2,0,0,9,0,0,3,21,0,0,11,24,3,1
0,8,723,5,21,33,354,474,2,12,576,3,4,237,287,0,13,117,992,36,4
0,1,275,3,6,8,45,73,0,2,18,0,0,5,24,0,0,26,56,3,3
2,40,3773,39,18,23,282,333,5,1,123,19,16,289,100,0,6,350,479,46,4
0,0,51,1,3,3,24,28,0,0,8,0,1,8,23,0,0,21,26,5,2
0,0,51,1,3,3,21,25,0,0,8,0,1,8,23,0,0,21,26,5,2
2,7,1279,77,9,10,611,833,2,1,765,29,3,346,1159,0,11,475,1226,47,4
2,19,1262,29,7,8,654,423,2,7,105,51,24,563,274,10,12,701,764,48,4
0,0,100,1,2,2,20,30,0,0,14,0,0,5,24,0,0,21,34,3,2
0,0,58,1,0,1,84,50,1,0,10,1,0,88,21,0,0,100,109,15,3
0,0,223,1,3,3,6,25,0,0,10,0,19,10986,58,0,0,65,48,23,1
0,0,197,2,3,3,18,40,0,0,25,3,0,11,32,0,0,27,59,7,0
0,0,108,1,2,2,29,48,0,0,14,0,0,7,27,0,0,22,43,3,1
0,0,239,3,5,5,94,36,1,1,13,1,0,66,180,1,8,79,80,12,4
0,0,167,1,2,2,17,29,0,0,15,0,0,5,27,0,0,17,37,3,2
0,0,90,1,3,3,21,28,0,0,10,0,2,10,24,0,0,29,31,6,2
0,0,120,1,2,2,49,65,0,0,14,0,0,7,23,0,0,24,41,3,2
0,13,527,9,14,17,95,115,1,0,39,5,15,183,204,0,11,169,195,39,3
0,0,215,1,2,2,15,53,0,0,16,0,0,21,43,0,0,56,38,3,2
0,0,237,1,2,2,43,61,0,0,15,0,0,5,31,0,0,31,44,3,2
0,0,3228,19,22,43,262,615,13,2,1407,19,43,544,430,0,43,523,2184,200,3
0,6594,2001,12,1,18,712,851,18,2,925,19,62,1019,418,0,66,950,1811,201,3
0,0,153,1,2,2,15,25,0,0,15,0,0,5,27,0,0,21,37,3,2
0,0,162,1,3,3,54,64,0,0,14,0,0,8,24,0,0,21,36,4,0
0,0,357,3,3,3,9,13,0,1,13,1,0,18,177,0,8,19,37,10,2
0,0,351,3,6,6,70,108,1,1,442,1,2,53,228,2,10,101,513,13,1
0,0,158,1,2,2,15,27,0,0,15,0,0,5,31,0,0,21,37,3,2
0,0,88,2,3,3,26,39,0,0,10,0,3,17,26,0,0,43,33,8,2
0,0,68,1,3,3,36,43,0,0,10,0,2,10,24,0,0,30,31,6,2
0,0,257,2,4,4,43,92,0,0,19,1,2,44,48,0,0,77,71,15,0
1,5,968,74,12,16,594,579,1,55,94,43,18,407,100,7,1,703,537,36,4
0,0,153,1,3,3,56,46,1,0,18,0,0,27,30,0,0,56,62,3,1
0,0,161,1,2,2,15,25,0,0,30,0,0,5,24,0,0,21,55,3,2
0,0,59,1,0,0,1,2,0,0,9,0,0,3,21,0,0,11,24,3,1
0,0,253,3,2,2,27,43,0,1,9,4,0,12,30,0,0,24,26,3,3
0,0,396,3,5,5,35,133,0,1,589,1,14,60,260,13,10,106,655,25,1
0,0,92,1,3,3,26,33,0,0,10,0,3,12,24,0,0,33,32,7,2
0,0,382,12,9,10,320,185,1,0,21,3,10,222,43,0,6,250,221,23,3
0,0,154,1,2,2,15,25,0,0,15,0,0,5,27,0,0,21,37,3,2
0,0,55,1,3,3,24,28,0,0,8,0,3,12,23,0,0,25,28,7,2
0,0,309,1,2,2,160,181,0,0,14,0,0,5,30,0,0,35,41,3,1
0,0,168,3,3,3,21,32,0,1,17,1,0,20,184,0,8,28,53,10,2
0,0,59,1,0,0,1,2,0,0,9,0,0,3,21,0,0,11,24,3,1
0,0,180,2,2,2,31,45,0,0,35,0,0,9,29,0,0,25,61,3,2
0,0,149,2,3,3,4,5,0,0,10,1,0,6,27,0,0,17,30,3,3
2,47,1033,31,27,34,282,517,4,17,878,39,76,408,778,0,17,434,1324,89,4
0,0,176,2,2,2,31,45,0,0,35,0,0,9,29,0,0,21,61,3,2
0,0,170,1,2,2,15,25,0,0,30,0,0,5,27,0,0,21,55,3,2
0,0,166,3,3,3,21,32,0,1,17,1,0,20,177,0,8,28,53,10,2
0,1,799,5,4,4,154,180,0,0,17,0,0,9,43,0,0,42,49,4,4
0,0,629,37,0,11,496,544,16,0,110,16,2,435,154,0,4,552,586,16,3
0,0,194,1,3,3,46,59,0,0,14,0,1,10,28,0,0,20,44,5,1
12,25,311,19,5,5,310,255,1,0,30,0,4,149,43,0,0,225,203,10,1
1,11,319,5,10,11,15,52,3,1,45,10,14,45,48,0,2,52,124,20,4
0,0,82,0,2,2,45,48,0,0,2,5,0,1,7,0,1,20,50,0,1
3,17,1541,20,31,30,846,868,7,12,83,16,54,648,122,1,3,674,646,88,4
0,0,266,1,2,2,18,22,0,0,14,0,0,5,26,0,0,17,42,3,2
3,18,874,16,13,14,174,170,4,2,202,12,38,351,279,3,12,288,513,63,4
0,0,12429,9,9,12,133,200,0,7,627,1,9,56,534,0,10,91,739,21,4
0,0,311,3,5,5,6,153,0,1,729,1,2,44,490,0,10,72,842,25,3
0,0,51,1,3,3,21,25,0,0,8,0,1,8,23,0,0,21,26,5,2
0,0,25,1,0,1,16,5,1,0,10,1,0,20,21,0,0,32,41,15,3
0,0,54,1,3,3,24,28,0,0,8,0,3,12,23,0,0,25,28,7,2
0,0,227,1,4,4,138,108,1,0,15,0,0,63,25,0,0,78,86,24,0
0,0,357,3,0,0,34,52,1,0,72,1,1,154,248,0,8,61,111,11,3
1,5,577,10,5,5,287,246,1,2,28,15,15,185,41,3,1,242,281,21,4
0,0,878,3,5,5,19,120,0,1,647,1,1,22,275,0,10,38,728,13,2
0,0,46,1,3,3,1,2,0,0,8,0,0,7,24,0,0,15,23,3,1
0,3,1824,7,13,17,868,464,1,8,26,3,1,547,89,0,0,681,483,9,4
0,0,562,73,0,6,584,472,8,0,48,4,2,512,176,0,7,641,567,42,3
0,0,99,1,2,2,19,28,0,0,14,0,0,7,23,0,0,16,34,3,2
2,2234,1197,1133,18,22,94,269,3,2,2305,14,9,1243,1726,0,13,218,2523,52,4
0,0,54,1,3,3,24,28,0,0,8,0,3,12,23,0,0,25,28,7,2
0,0,170,1,3,3,5,18,0,0,16,0,0,8,33,0,0,74,40,4,1
0,0,70,1,2,2,14,21,0,0,14,0,0,5,22,0,0,15,34,3,2
0,0,2905,11,29,48,551,566,10,0,375,18,29,691,296,0,26,723,1147,146,3
0,0,81,1,3,3,20,28,0,0,9,0,1,8,25,0,0,21,28,5,2
0,0,120,1,3,3,1,0,0,0,199,0,0,5,25,0,0,19,253,3,3
0,0,161,1,2,2,15,25,0,0,30,0,0,5,28,0,0,21,55,3,2
0,0,54,1,3,3,24,28,0,0,8,0,3,12,23,0,0,25,28,7,2
0,0,292,3,3,3,9,13,0,1,13,1,0,18,177,0,8,19,38,10,2
0,0,124,1,3,3,125,22,1,0,11,0,0,97,27,0,8,135,99,3,1
0,0,606,23,19,23,465,286,4,0,1094,14,27,473,469,0,11,550,1527,75,0
0,0,414,3,6,6,98,144,1,1,519,1,12,96,258,12,10,149,617,23,1
0,0,162,1,3,3,56,46,1,0,18,0,0,27,30,0,0,56,62,3,1
0,0,326,3,7,7,206,790,0,1,1170,1,2,58,882,0,11,106,1460,25,4
0,0,145,1,2,2,25,36,0,0,15,0,0,7,26,0,0,18,44,3,1
0,0,286,3,3,3,9,13,0,1,13,1,0,18,177,0,8,19,38,10,2
0,0,261,1,2,2,18,22,0,0,14,0,0,5,26,0,0,17,42,3,2
6,112,4403,58,30,57,1987,889,6,2,504,126,108,2071,492,21,25,2303,2318,745,4
0,0,54,1,3,3,24,28,0,0,8,0,3,12,23,0,0,25,28,7,2
0,0,120,1,2,2,49,65,0,0,14,0,0,7,23,0,0,24,41,3,2
0,0,196,1,3,3,20,40,0,0,16,0,1,15,31,0,0,29,49,6,2
0,0,2897,11,29,48,551,567,10,0,375,18,29,691,296,0,26,723,1147,146,3
0,0,84,1,0,0,13,20,0,0,14,0,0,5,24,0,0,11,40,3,1
0,0,364,5,5,5,38,132,0,3,539,6,5,45,270,0,10,55,622,26,0
0,0,390,3,6,6,17,113,0,1,744,1,7,39,273,0,11,72,830,20,2
0,0,53,1,3,3,24,28,0,0,8,0,2,10,23,0,0,23,27,6,2
0,0,2898,11,29,48,538,567,10,0,375,18,26,675,297,0,34,708,1138,143,3
0,0,262,4,5,5,124,116,1,1,61,13,6,110,60,0,5,140,203,15,0
0,0,168,1,3,3,1,5,0,0,8,0,0,6,23,0,0,29,25,4,1
0,0,567,4,6,6,95,793,1,0,74,4,1,492,252,0,0,658,146,32,3
0,0,126,1,4,4,57,60,1,0,15,0,0,18,24,0,0,35,47,4,4
0,0,348,3,4,4,36,127,0,1,650,1,0,23,266,0,11,28,711,11,2
0,0,148,1,2,2,40,62,0,0,16,0,0,5,32,0,0,25,38,3,1
0,0,88,2,3,3,26,39,0,0,10,0,3,17,26,0,0,37,33,8,2
2,24,1177,14,17,19,247,317,4,1,80,10,16,217,99,0,4,173,246,57,4
1,15,992,13,5,5,361,268,1,4,25,15,21,243,43,3,1,318,337,26,4
0,0,110,2,3,4,29,46,0,0,15,0,0,6,23,0,0,19,51,3,2
0,0,56,1,3,3,24,28,0,0,8,0,3,12,23,0,0,25,28,7,2
0,0,248,3,6,10,36,51,0,2,16,0,0,9,27,0,0,21,51,3,3
2,176,4306,22,9,23,193,497,4,12,121,21,14,192,321,5,13,193,308,57,4
0,0,549,23,6,7,164,235,0,1,65,1,2,64,235,0,10,97,109,13,4
0,0,89,1,2,2,21,26,0,0,14,0,0,5,23,0,0,15,34,3,2
0,0,321,4,1,3,230,105,2,0,38,5,5,474,218,0,29,328,223,90,3
0,0,908,3,8,10,50,161,2,0,123,1,10,45,36,0,0,90,270,37,3
0,0,40,1,3,3,1,0,0,0,8,0,0,5,23,0,0,19,23,3,3
0,0,175,1,2,2,16,32,0,0,15,0,0,5,27,0,0,17,37,3,2
0,0,57,1,3,3,24,28,0,0,8,0,3,12,23,0,0,25,28,7,2
1,6,1483,8,13,14,423,467,2,9,1440,12,12,879,332,1,11,1252,1750,29,4
0,0,51,1,3,3,24,28,0,0,8,0,1,8,23,0,0,21,26,5,2
0,0,293,3,5,5,6,148,0,1,804,1,2,44,502,0,12,72,918,25,3
0,0,268,3,4,4,33,79,0,1,504,1,0,23,237,0,10,36,553,11,1
0,0,90,2,3,3,28,41,0,0,10,0,2,15,26,0,1,35,32,7,2
4,38,3236,31,20,24,298,496,3,3,137,13,86,420,273,0,13,362,476,125,4
0,0,807,3,5,5,19,120,0,1,664,1,1,22,281,0,10,38,745,13,2
0,0,203,1,3,3,6,13,0,0,10,0,19,14439,56,0,0,65,48,23,1
0,0,299,3,5,5,7,147,0,1,767,1,2,44,500,0,10,72,878,25,3
3,17,955,11,14,17,257,272,4,4,61,7,24,145,71,1,3,177,246,36,4
0,0,91,0,2,2,45,48,0,0,2,5,0,1,11,0,1,20,50,0,2
0,160,4189,12,36,76,546,785,32,0,568,21,44,1053,372,0,61,863,1639,419,3
0,160,2979,13,29,49,149,504,10,1,562,21,29,387,340,0,33,316,1117,338,3
0,0,202,1,4,4,11,34,0,0,16,0,3,24,39,0,0,43,54,8,1
0,0,308,3,4,4,25,125,0,0,54,2,0,25,301,0,11,48,116,11,1
0,0,3313,12,15,32,208,531,17,4,1333,10,11,283,378,1,21,408,1994,131,1
0,0,56,1,0,0,1,2,0,0,9,0,0,3,21,0,0,11,24,3,1
0,0,307,4,3,3,49,64,0,1,18,1,0,20,186,0,9,30,54,10,3
0,0,215,1,5,6,47,82,0,0,15,1,0,15,31,0,0,45,61,4,0
0,0,227,1,3,3,5,12,0,0,10,0,8,14035,54,0,0,54,37,12,1
0,0,38,2,4,5,2,8,0,0,8,0,0,5,28,0,0,21,27,5,1
0,0,22,1,0,0,1,2,0,0,8,0,0,3,21,0,0,11,22,3,1
0,0,2901,11,29,48,642,577,10,0,375,18,29,777,300,0,26,817,1196,146,3
0,0,574,7,3,3,108,177,0,10,514,3,0,20,253,0,10,52,561,10,4
0,0,1615,15,27,108,542,1591,10,1,335,3,17,1569,616,0,11,1534,899,247,3
0,0,39,2,4,5,2,8,0,0,8,0,0,5,32,0,0,21,27,5,1
0,0,177,1,3,3,11,18,0,0,15,0,0,71,65,0,0,71,43,3,1
0,5,506,3,8,9,1161,402,1,1,28,2,1,1097,197,0,8,1873,1038,15,0
0,0,199,3,3,3,25,42,0,1,28,1,0,20,182,0,8,25,57,10,1
0,20,1034,21,9,33,1439,493,2,12,76,1,1,963,60,0,1,1320,1400,57,4
0,0,55,1,3,3,24,28,0,0,8,0,3,12,23,0,1,25,28,7,2
0,0,925,1,4,4,457,548,0,0,91,0,3,22,41,0,0,290,131,7,3
0,0,286,4,3,3,19,38,0,1,18,1,0,20,185,0,9,30,54,10,3
0,1,770,12,5,15,700,646,9,6,90,22,35,438,164,0,2,524,496,44,0
0,0,551,10,6,6,160,342,0,5,63,1,3,46,331,0,10,134,168,101,4
0,0,111,1,3,3,15,23,0,0,14,0,0,8,26,0,0,19,45,3,2
0,0,57,1,3,3,24,28,0,0,8,0,3,12,23,0,0,25,28,7,2
0,0,214,1,3,3,20,40,0,0,16,0,1,15,31,0,0,29,49,6,2
0,6429,2196,12,7,25,605,846,19,2,968,21,77,997,445,0,63,926,1874,229,3
1,11,727,13,10,11,198,314,2,4,172,3,3,139,483,0,14,229,447,29,4
0,0,393,3,5,5,19,134,0,1,911,1,1,22,284,0,11,46,1005,13,2
0,0,120,1,2,2,49,65,0,0,14,0,0,7,23,0,0,24,41,3,2
0,0,51,1,3,3,24,28,0,0,8,0,1,8,23,0,0,21,26,5,2
0,2,729,7,5,13,787,428,7,4,130,22,12,726,72,0,0,999,841,21,0
0,0,248,2,6,10,67,86,0,3,16,0,0,9,29,0,0,25,49,3,3
0,9,494,8,8,8,332,412,0,2,1697,7,4,87,1569,0,12,205,2119,28,4
0,160,3012,13,29,49,146,500,10,1,559,21,29,387,339,0,33,316,1114,338,3
0,0,109,1,2,2,29,48,0,0,14,0,0,7,27,0,0,22,43,3,1
0,0,412,3,5,5,17,122,0,1,852,1,1,22,287,0,11,48,941,13,2
0,0,341,6,8,8,27,122,0,1,611,8,7,95,286,0,10,104,702,35,0
0,0,110,1,2,2,28,48,0,0,14,0,0,7,35,0,0,22,41,3,1
0,0,143,1,3,3,46,49,0,0,14,0,0,7,26,0,0,23,35,3,4
0,0,200,1,4,4,88,133,0,0,15,6,0,12,38,0,0,40,64,4,0
0,0,2596,27,26,50,107,491,40,1,645,16,31,370,343,0,44,343,1328,176,3
0,0,522,3,5,5,19,119,0,1,716,1,1,22,287,0,10,40,798,13,2
0,0,2632,27,26,50,107,502,40,1,650,16,32,376,352,0,45,346,1335,178,3
2,31,994,25,14,19,155,288,14,5,117,14,110,342,254,0,14,249,351,115,4
0,0,92,1,3,3,26,33,0,0,10,0,3,12,24,0,0,33,32,7,2
1,4,332,7,4,4,59,86,0,2,19,3,4,37,190,2,9,39,52,16,4
0,159,4206,19,32,68,1035,819,32,0,558,21,37,1408,371,0,61,1351,1881,413,3
0,0,565,7,8,9,3761,282,1,1,1248,2,2,2783,267,0,12,3207,3398,425,0
0,0,1121,11,19,26,272,505,3,1,681,70,11,223,268,0,10,616,1033,93,0
0,0,251,1,3,3,44,85,0,0,16,0,3,30,39,0,0,86,42,7,2
0,0,55,1,0,0,28,29,0,0,8,0,0,3,22,0,0,15,22,3,0
0,0,170,1,3,3,5,18,0,0,16,0,0,8,33,0,0,74,40,4,1
0,0,253,1,2,2,18,22,0,0,14,0,0,5,26,0,0,17,42,3,2
0,0,397,3,6,6,19,125,0,1,744,1,7,39,277,0,11,72,835,20,2
0,0,260,3,3,3,28,108,0,1,699,1,0,20,264,0,11,26,757,10,2
0,0,1749,73,8,16,88,298,128,0,324,2,15,175,236,0,27,436,546,27,3
0,0,85,1,3,3,26,33,0,0,10,0,3,12,24,0,0,33,32,7,2
0,0,296,3,6,8,62,79,0,3,16,0,0,5,32,0,0,25,45,3,3
0,160,2870,13,29,49,149,502,10,1,559,22,29,395,343,0,33,316,1114,338,3
0,0,149,1,3,3,1,6,0,0,35,0,0,6,28,0,0,33,59,4,1
0,0,278,1,3,3,5,12,0,0,10,0,8,14213,52,0,0,54,37,12,1
0,0,153,2,3,3,66,83,0,0,15,1,0,12,27,0,0,23,44,4,0
0,0,56,1,0,0,1,2,0,0,9,0,0,3,21,0,0,11,24,3,1
4,24,1384,32,15,17,480,424,2,4,54,42,43,516,214,13,11,507,642,71,4
0,0,272,3,5,5,96,118,0,0,17,1,0,31,180,0,8,28,50,11,3
0,0,103,1,0,0,2,10,0,0,14,0,0,5,25,0,0,21,32,3,4
0,0,52,1,3,3,24,28,0,0,8,0,1,8,23,0,0,21,26,5,2
0,0,336,1,3,3,58,3071,1,0,18,0,0,41,68,0,0,74,77,3,1
0,0,270,1,3,3,20,41,0,0,47,0,1,15,38,0,0,28,84,6,2
0,0,435,3,5,5,19,133,0,1,711,1,1,22,290,0,11,48,799,13,2
0,0,303,3,6,6,60,217,0,1,953,1,5,54,685,0,10,164,1097,98,3
0,0,266,4,5,5,24,53,0,1,18,2,0,44,193,0,8,43,64,17,0
0,0,170,1,3,3,149,18,1,0,11,0,0,117,28,0,0,167,115,3,1
0,0,423,5,3,7,158,462,4,4,123,3,0,30,483,0,10,42,314,10,0
0,0,170,1,3,3,5,18,0,0,16,0,0,8,33,0,0,74,40,4,1
0,0,86,1,2,2,16,23,0,0,14,0,0,5,22,0,0,15,34,3,2
0,0,184,1,2,2,64,136,0,0,14,0,0,5,68,0,0,65,33,3,1
0,0,314,7639,3,3,4,25,0,0,15,0,1,15,39,0,0,31,39,6,0
0,0,1525,3,7,9,43,155,2,0,123,1,11,39,40,0,0,89,265,38,3
0,0,55,1,3,3,24,28,0,0,8,0,3,12,23,0,0,25,28,7,2
0,0,501,15,13,31,47,104,1,0,82,0,8,159,49,0,0,112,197,69,3
3,111,2718,68,20,37,765,897,7,9,260,59,62,757,381,23,54,816,1050,108,4
0,0,575,26,0,12,66,278,16,0,116,14,2,176,148,0,3,205,322,25,3
0,0,90,1,3,3,26,33,0,0,10,0,3,12,24,0,0,33,32,7,2
0,0,51,1,3,3,24,28,0,0,8,0,1,8,23,0,0,21,26,5,2
0,0,165,1,3,3,149,18,1,0,11,0,0,117,28,0,0,167,115,3,1
0,0,644,163,8,8,95,296,0,7,1764,22,50,792,474,0,10,174,2126,231,0
2,43,1084,28,13,16,248,247,6,1,68,9,62,329,147,0,6,333,315,79,4
0,0,369,2,3,3,18,40,0,0,25,2,0,11,32,0,0,27,59,7,0
1,237,571,8,15,19,86,262,4,2,1217,5,10,125,613,0,12,129,1645,63,4
0,0,406,4,4,8,97,197,4,2,47,14,2,58,68,0,0,114,121,14,0
0,0,51,1,3,3,24,28,0,0,8,0,1,8,23,0,0,21,26,5,2
0,0,154,1,2,2,15,25,0,0,15,0,0,5,27,0,0,21,37,3,2
0,0,97,1,0,0,1,5,0,0,9,0,0,6,31,0,0,16,25,4,1
0,0,51,1,3,3,24,28,0,0,8,0,1,8,23,0,0,21,26,5,2
0,0,421,3,6,6,17,117,0,1,871,1,7,39,281,0,11,72,960,20,2
0,0,398,3,5,5,19,141,0,1,782,1,1,22,290,0,11,48,874,13,2
0,0,305,3,3,3,9,14,0,1,14,1,0,18,177,0,8,19,40,10,2
0,0,138,1,2,2,1,5,0,0,10,10,0,23,28,0,0,30,27,39,1
0,0,218,1,3,3,5,12,0,0,10,0,8,13902,54,0,0,54,37,12,1
0,0,255,1,2,2,18,22,0,0,14,0,0,5,26,0,0,17,42,3,2
0,0,31,1,3,3,1,0,0,0,8,0,0,5,23,0,6,19,23,3,3
0,0,343,2,0,0,499,325,5,0,28,4,12,559,124,0,6,710,373,126,3
0,0,436,1,2,2,139,179,0,0,16,0,0,5,33,0,0,49,48,3,1
0,0,178,1,2,2,25,39,0,0,15,0,0,5,39,0,1,49,44,3,1
0,0,52,1,3,3,24,28,0,0,8,0,1,8,23,0,0,21,26,5,2
0,0,273,3,4,4,15,109,0,1,666,1,0,25,269,0,11,24,732,10,2
0,0,51,1,3,3,24,28,0,0,8,0,1,8,23,0,0,21,26,5,2
0,0,294,4,6,8,52,69,1,1,19,1,0,52,192,0,8,54,78,11,3
0,0,123,2,2,2,31,42,0,0,14,0,0,9,25,0,0,21,35,3,2
0,0,57,1,3,3,24,28,0,0,8,0,3,12,23,0,0,25,28,7,2
0,0,192,1,2,2,57,70,0,0,15,0,0,7,27,1,0,16,35,3,4
0,0,260,4,7,9,45,130,0,0,17,6,2,69,54,0,1,66,70,30,3
0,0,1608,33,10,18,175,566,11,2,536,21,190,603,376,0,30,621,1065,250,3
0,0,204,1,3,3,98,103,1,1,14,4,0,15,24,0,0,30,43,3,0
0,0,167,1,3,3,27,55,0,0,16,0,0,10,33,3,0,43,44,4,1
0,0,2078,24,0,5,397,237,13,1,7415,18,22,591,293,0,25,492,8288,19006,3
0,0,198,1,3,3,20,41,0,0,16,0,1,15,31,0,0,29,49,6,2
0,0,120,1,3,3,28,39,0,0,15,0,0,8,23,0,0,21,37,4,0
0,0,79,0,2,2,45,48,0,0,2,5,0,1,11,0,1,20,50,0,2
0,0,233,1,3,3,5,12,0,0,10,0,8,14288,52,0,0,54,37,12,1
2,143,968,43,13,14,521,426,16,0,166,42,65,572,202,0,10,649,620,76,4
0,0,157,1,3,3,163,18,1,0,11,0,0,127,32,0,0,180,123,3,1
0,0,23,1,0,0,1,2,0,0,8,0,0,3,21,0,0,11,22,3,1
0,0,260,1,2,2,18,22,0,0,14,0,0,5,26,0,0,17,42,3,2
1,8,793,12,10,13,361,1063,3,1,898,10,20,290,2954,3,13,415,1661,60,4
0,0,289,1,3,3,29,39,0,0,15,0,0,73,55,0,0,79,44,3,1
0,0,55,1,3,3,24,28,0,0,8,0,3,12,23,0,0,25,28,7,2
0,160,2945,13,29,49,149,503,10,1,738,21,29,389,379,0,33,316,1295,338,3
0,0,57,1,0,0,1,2,0,0,9,0,0,3,21,0,0,11,24,3,1
0,0,50,1,3,3,24,28,0,0,8,0,1,8,23,0,0,21,26,5,2
1,9,304,5,4,13,52,58,1,0,27,1,0,84,45,0,1,98,96,9,4
0,0,41,1,0,0,1,2,0,0,8,0,0,3,21,0,0,11,22,3,0
2,9,1295,66,14,14,353,571,1,8,58,19,44,267,338,0,13,263,295,60,4
3,18,857,35,16,25,475,355,4,0,64,30,38,515,146,4,4,558,595,59,4
0,0,54,1,3,3,24,28,0,0,8,0,3,12,23,0,0,25,28,7,2
0,0,125,1,3,3,125,22,1,0,11,0,0,97,27,0,0,135,99,3,1
0,0,153,1,3,3,56,46,1,0,18,0,0,27,30,0,0,56,62,3,1
0,0,370,5,4,10,57,158,6,0,63,5,2,62,69,0,0,105,188,14,0
0,0,48,1,0,1,56,36,1,0,10,1,0,60,21,0,0,72,81,15,3
0,0,55,1,3,3,24,28,0,0,8,0,3,12,23,0,0,25,28,7,2
0,0,82,1,3,3,20,28,0,0,9,0,1,8,25,0,0,21,28,5,2
0,0,320,3,5,5,31,92,0,5,872,1,2,46,527,0,11,88,974,28,3
0,0,592,6,6,7,42,164,1,1,717,2,2,54,407,0,10,103,850,28,4
0,0,16,0,0,1,0,5,0,0,656,0,0,9,11,0,0,0,709,0,3
0,0,251,1,2,2,43,61,0,0,15,0,0,5,27,0,0,31,44,3,2
0,0,286,1,3,3,29,39,0,0,15,0,0,71,54,0,1,77,44,3,1
0,0,258,1,2,2,43,63,0,0,15,0,0,5,31,0,0,31,44,3,2
0,0,326,3,6,6,30,114,0,1,517,4,2,60,271,0,12,93,589,20,3
0,0,265,1,2,2,18,22,0,0,14,0,0,5,30,0,0,17,42,3,2
0,0,193,3,3,3,9,55,0,1,547,1,0,22,248,0,11,21,599,10,3
0,0,247,6,5,5,87,87,1,0,21,0,3,57,54,0,0,68,81,8,1
0,0,456,3,5,5,29,178,0,2,1061,1,1,22,314,0,10,55,1171,13,2
0,0,206,2,3,3,112,120,1,0,11,0,0,87,62,0,7,133,94,3,1
0,0,293,3,3,3,9,14,0,1,14,1,0,18,177,0,8,19,40,10,2
0,0,807,3,5,5,19,120,0,1,700,1,1,22,281,0,10,38,782,13,2
0,0,263,1,2,2,18,22,0,0,14,0,0,5,26,0,0,17,42,3,2
0,0,596,2,3,3,18,40,0,0,25,2,0,11,32,0,0,27,59,7,0
0,0,265,1,3,3,29,39,0,0,15,0,0,75,56,0,0,81,44,3,1
0,0,160,1,2,2,15,25,0,0,30,0,0,5,24,0,0,21,55,3,2
1,2,711,8,5,5,199,194,1,6,18,1,11,62,51,17,1,79,83,22,4
0,0,339,6,10,15,11,83,0,1,691,3,2,47,286,0,11,63,768,27,0
0,0,1721,11,10,13,15,181,1,1,71,5,7,128,252,0,18,119,177,39,3
0,0,407,5,1,2,72,102,5,0,37,4,2,181,225,0,16,190,133,54,3
0,0,337,3,6,6,27,38,0,2,17,1,0,27,181,0,8,22,54,10,3
0,0,181,1,2,2,16,31,0,0,15,0,0,5,27,0,0,17,37,3,2
0,159,3011,13,29,49,189,514,10,1,568,23,29,443,343,0,34,375,1153,338,3
0,0,502,7,6,7,115,214,0,1,697,4,3,48,275,0,11,97,783,23,3
0,0,31,1,3,3,1,0,0,0,8,0,0,5,23,0,6,19,23,3,3
0,0,791,5,9,13,10,107,4,0,229,0,3,126,59,0,1,169,363,56,3
0,0,238,1,3,3,20,40,0,0,16,0,1,15,27,0,1,29,49,6,2
0,0,115,1,0,0,4,27,3,0,12,0,0,25,27,0,2,25,30,21,3
0,0,424,2,3,3,18,40,0,0,25,2,0,11,32,0,0,27,59,7,0
0,0,263,1,3,3,29,39,0,0,15,0,0,75,56,0,0,81,44,3,1
0,0,302,4,6,8,52,69,1,1,19,1,0,52,192,0,8,54,78,11,3
0,0,124,1,0,0,3,24,4,0,10,4,0,26,31,0,4,19,26,23,3
0,0,447,3,5,5,29,171,0,2,1054,1,1,22,314,0,10,55,1164,13,2
0,0,57,1,3,3,24,28,0,0,8,0,3,12,23,0,0,25,28,7,2
0,0,406,5,1,2,72,102,5,0,37,4,2,181,225,0,16,190,133,54,3
0,0,54,1,3,3,24,28,0,0,8,0,3,12,23,0,0,25,28,7,2
0,0,938,3,5,5,19,127,0,1,736,1,1,22,284,0,10,38,820,13,2
0,0,52,1,3,3,24,28,0,0,8,0,1,8,23,0,0,21,26,5,2
0,0,149,1,3,3,1,6,0,0,35,0,0,6,28,0,0,33,59,4,1
0,0,119,1,2,2,49,65,0,0,14,0,0,7,23,0,0,24,41,3,2
0,0,336,3,4,4,28,100,0,2,575,1,0,22,267,0,10,30,642,10,2
0,0,126,2,2,2,32,45,0,0,14,0,0,9,24,0,0,21,35,3,2
0,0,347,3,3,3,9,13,0,1,13,1,0,18,177,0,8,19,37,10,2
2,21,1076,27,14,16,198,241,5,2,117,24,26,280,104,3,3,311,484,45,4
0,0,118,1,2,2,15,13,0,0,8,0,0,3,22,0,0,15,23,3,2
1,12,472,8,16,20,116,60,5,0,55,10,15,189,73,0,2,194,233,27,4
0,0,257,1,2,2,18,22,0,0,14,0,0,5,26,0,0,17,42,3,2
0,0,90,1,2,2,13,33,0,0,14,0,0,7,28,0,0,20,47,3,0
0,0,879,3,5,5,16,100,0,1,752,1,1,22,282,0,10,38,829,13,2
0,28,1597,27,13,15,377,515,2,16,1339,10,143,407,373,0,15,388,1624,167,4
0,0,1739,238,12,16,211,452,4,8,134,24,26,412,833,0,8,308,577,493,3
0,0,962,6,3,3,131,168,5,0,15,1,1,10,47,2,0,32,69,5,4
0,0,254,1,3,3,44,82,0,0,16,0,3,30,43,0,0,86,42,7,2
1,11,461,7,12,13,4,38,3,0,42,7,14,116,52,0,2,53,119,21,4
0,3,489,11,20,25,134,184,1,1,32,8,5,131,70,1,0,61,178,21,0
0,0,395,3,6,6,17,116,0,1,726,1,7,39,281,0,11,72,811,20,2
0,0,285,3,5,5,6,150,0,1,820,1,2,44,497,0,10,73,935,25,3
0,10,8616,16,53,62,33,147,2,0,90,4,11,203,74,0,2,159,331,29,4
0,6,371,7,7,10,77,79,1,0,25,5,0,49,69,0,1,82,85,6,4
0,0,201,1,3,3,6,13,0,0,10,0,19,14798,54,0,0,65,48,23,1
0,0,150,1,3,3,1,6,0,0,35,0,0,6,28,0,0,33,59,4,1
1,0,670,14,10,13,254,176,1,3,18,4504,15,187,49,3,0,231,253,27,4
0,0,237,1,3,3,38,35,1,0,16,0,0,29,34,0,0,54,62,3,1
0,0,99,1,2,2,21,30,0,0,14,0,0,5,26,0,0,19,40,3,0
0,0,253,1,2,2,18,22,0,0,14,0,0,5,26,0,0,17,42,3,2
0,0,126,1,2,2,5,9,0,0,10,0,0,5,23,0,0,17,25,3,2
0,0,56,1,3,3,24,28,0,0,8,0,3,12,23,0,0,25,28,7,2
0,0,291,3,5,5,6,157,0,1,784,1,2,44,495,0,10,72,898,25,3
5,42,1139,28,17,19,406,364,4,5,96,27,58,516,111,4,10,536,634,97,4
0,0,108,1,3,3,4,12,0,0,14,0,4,14,24,0,0,28,37,8,2
0,0,253,1,3,3,7,14,0,0,10,0,10,11101,52,0,0,56,39,14,1
0,0,257,1,2,2,43,65,0,0,15,0,0,5,27,0,0,31,44,3,2
0,66,487,5,5,7,203,210,1,2,968,1,6,150,372,0,11,398,1152,19,1
0,160,2916,13,29,49,137,512,10,1,565,24,29,392,338,0,33,308,1115,336,3
0,0,51,1,0,1,68,42,1,0,10,1,0,72,25,0,0,84,93,15,3
0,0,34,1,0,0,1,2,0,0,8,0,0,3,21,0,0,11,22,3,1
0,0,146,1,2,2,11,61,0,0,15,0,0,33,40,0,0,50,37,3,1
0,0,1059,10,8,8,215,254,0,6,18,1,6,99,188,0,8,52,68,24,3
4,29,954,19,12,13,239,186,6,4,95,11,36,362,89,2,8,355,469,66,4
0,0,292,3,7,9,102,184,0,0,15,5,3,58,52,0,0,108,63,23,0
0,0,152,1,3,3,16,27,0,0,16,0,0,10,24,0,0,20,38,4,2
0,0,203,3,3,3,25,42,0,1,23,1,0,20,182,0,8,25,51,10,1
0,0,178,1,2,2,25,39,0,0,15,0,0,5,39,0,1,49,44,3,1
0,0,153,1,3,3,16,29,0,0,16,0,0,10,24,0,0,20,38,4,2
0,0,86,2,3,3,26,39,0,0,10,0,3,17,26,0,0,37,33,8,2
0,0,251,2,3,3,18,40,0,0,25,2,0,11,32,0,0,27,59,7,0
0,0,225,1,3,3,11,18,0,0,16,0,0,123,53,0,0,71,45,3,1
0,0,176,1,2,2,25,39,0,0,15,0,0,5,35,0,1,49,44,3,1
0,0,595,9,6,12,112,195,7,3,143,5,0,142,243,0,8,191,306,13,0
0,0,381,3,6,6,68,217,0,1,1014,1,1,51,1444,0,11,151,1219,22,3
0,0,181,4,3,3,43,86,0,1,15,0,1,19,43,0,0,46,51,5,0
0,0,375,26,0,0,198,68,1,0,28,4,6,263,212,0,11,250,217,67,3
0,0,156,1,2,2,15,27,0,0,15,0,0,5,27,0,0,21,37,3,2
0,0,151,1,3,3,16,27,0,0,16,0,0,10,24,0,0,20,38,4,2
0,0,249,4,0,0,53,61,1,0,20,7,2,93,201,0,10,91,97,26,3
0,0,86,0,2,2,44,48,0,0,2,5,0,1,7,0,1,20,50,0,1
0,0,54,1,3,3,24,28,0,0,8,0,3,12,23,0,0,25,28,7,2
0,0,204,1,3,3,6,13,0,0,10,0,19,14661,54,0,0,65,48,23,1
0,26,183,4,4,6,8,61,0,0,18,6,0,36,48,0,0,37,61,8,0
0,0,932,3,5,5,19,121,0,1,745,1,1,22,283,0,10,44,830,13,2
0,0,1685,30,11,16,244,345,3,1,70,7,7,166,228,0,9,221,284,26,3
0,0,90,2,3,3,28,41,0,0,10,0,2,15,26,0,0,35,32,7,2
0,0,246,1,0,1,7,66,0,0,20,2,1,54,44,1,0,134,57,43,3
0,0,107,1,3,3,3,24,0,0,10,0,0,8,29,2,0,39,27,4,1
1,9,1924,19,10,28,586,777,4,0,1151,7,8,279,652,0,13,385,1511,44,4
0,0,469,3,6,8,72,120,3,0,34,2,1,147,66,0,0,90,183,29,0
0,0,189,1,4,4,298,57,1,0,17,0,0,222,29,0,0,295,199,4,2
0,0,150,1,3,3,1,6,0,0,35,0,0,6,28,0,0,33,59,4,1
0,160,2945,14,29,49,149,503,10,1,559,21,29,385,339,0,33,316,1114,338,3
0,0,145,1,2,2,11,61,0,0,15,0,0,33,44,0,0,50,37,3,1
0,0,62,1,2,2,27,28,0,0,8,0,0,3,21,0,0,15,23,3,2
0,0,709,3,7,7,120,458,0,1,3757,1,4,154,744,0,10,524,4046,22,1
0,3,173,2,4,4,2,25,0,0,16,0,0,18,36,1,1,31,38,6,4
0,0,594,8,6,7,53,193,1,2,899,3,2,58,431,0,10,106,1044,28,4
0,0,56,1,3,3,24,28,0,0,8,0,2,10,23,0,0,23,27,6,2
1,8,357,7,6,6,176,100,1,0,27,2,15,155,58,0,1,184,164,22,4
6,8,1566,86,21,32,1054,408,19,0,223,26,53,1111,245,0,3,1134,1210,187,1
0,0,398,3,6,6,17,119,0,1,820,1,7,39,285,0,11,72,907,20,2
0,0,60,1,3,3,31,35,0,0,8,0,3,12,23,0,0,25,28,7,2
0,0,210,1,3,3,7,14,0,0,10,0,10,10619,52,0,0,56,39,14,1
0,0,35,1,0,0,1,2,0,0,8,0,0,3,21,0,0,11,22,3,0
0,0,247,1,2,2,46,53,0,1,15,0,0,5,26,0,0,17,42,3,3
0,0,539,73,0,6,570,467,8,0,48,5,2,499,161,0,6,626,554,42,3
0,0,58,1,0,1,88,52,1,0,10,1,0,92,21,0,1,104,113,15,3
0,160,3818,21,28,62,1057,767,30,0,493,18,31,1376,362,0,61,1338,1751,382,3
0,0,144,1,2,2,11,61,0,0,15,0,0,33,40,0,0,50,37,3,1
0,0,153,1,3,3,56,46,1,0,18,0,0,27,30,0,6,56,62,3,1
0,0,178,2,2,2,31,45,0,0,35,0,0,9,29,0,0,21,61,3,2
0,23,698,1,4,4,109,152,0,3,40,0,10,42,39,0,0,81,83,24,4
0,0,81,0,2,2,44,48,0,0,2,5,0,1,7,0,1,20,50,0,1
0,0,407,4,7,7,81,457,0,4,1575,9,4,74,788,0,11,117,1865,36,0
0,0,55,1,0,0,1,2,0,0,9,0,0,3,21,0,0,11,24,3,1
0,0,179,5,4,4,71,58,1,0,16,0,1,35,36,1,0,54,65,5,4
0,0,146,1,3,3,1,6657,0,0,9,0,0,11,31,0,0,13,29,3,3
0,0,388,3,6,6,17,119,0,1,706,1,7,39,274,0,11,72,792,20,2
1,6,574,13,11,12,198,202,5,0,36,16,18,114,61,0,1,153,158,29,4
0,6564,2211,17,10,27,700,896,19,2,964,22,72,1053,439,0,56,971,1904,219,3
4,23,974,23,15,16,175,198,4,2,93,18,37,303,136,0,6,243,354,52,4
0,0,202,1,5,5,92,99,1,0,19,0,2,28,29,0,0,47,74,9,0
0,0,51,1,3,3,21,25,0,0,8,0,1,8,23,0,0,21,26,5,2
0,0,714,3554,14,13,103,290,0,2,91,16,41,197,285,0,8,238,222,72,0
0,160,2952,13,29,49,148,501,10,1,556,21,29,385,333,0,33,316,1111,338,3
0,0,258,1,2,2,43,65,0,0,15,0,0,5,31,0,0,31,44,3,2
0,168,3279,10,31,72,156,561,12,1,688,28,28,488,418,0,76,362,1350,371,3
0,0,175,2,3,3,28,48,0,0,20,0,0,8,26,0,0,17,43,4,2
0,2,944,6,0,0,57,61,1,0,29,3,0,106,50,0,0,96,83,29,4
0,0,148,2,3,3,4,5,0,0,10,1,0,6,27,0,0,21,30,3,3
0,0,240,3,3,5,34,78,2,1,31,1,0,20,40,0,0,33,80,4,0
0,0,2895,11,29,48,551,565,10,0,375,20,29,691,300,0,26,723,1147,146,3
0,0,209,1,3,3,7,26,0,0,10,0,20,10667,60,0,0,66,49,24,1
0,0,51,1,3,3,24,28,0,0,8,0,1,8,23,0,0,21,26,5,2
0,0,202,2,4,4,23,45,0,0,15,1,0,12,32,0,1,30,47,6,0
0,0,297,3,16,26,152,625,0,1,1164,1,3,73,735,0,11,110,1402,21,4
0,0,160,1,3,3,56,46,1,0,18,0,0,27,30,0,0,56,62,3,1
0,0,91,0,2,2,45,48,0,0,2,5,0,1,15,0,1,20,50,0,2
0,0,583,2,3,5,12,96,2,0,112,0,0,17,29,0,0,71,235,22,3
0,0,119,1,2,2,49,65,0,0,14,0,0,7,23,0,0,24,41,3,2
0,0,124,1,2,2,41,51,0,0,14,0,0,7,23,0,0,20,33,3,2
0,0,54,1,3,3,24,28,0,0,8,0,3,12,23,0,0,25,28,7,2
0,0,363,4,9,11,67,115,0,8,502,1,0,33,223,0,10,26,557,10,3
0,0,116,1,3,3,54,55,0,0,8,0,0,5,23,0,0,15,26,3,4
0,0,184,2,2,2,32,48,0,0,35,0,0,9,28,0,0,25,61,3,2
1,8,2096,26,9,21,780,533,4,10,88,65,41,650,174,24,10,791,848,73,4
0,0,403,3,5,5,19,140,0,1,782,1,1,22,290,0,11,48,874,13,2
0,0,93,2,3,3,1,2,0,0,8,1,0,4,21,0,0,11,23,3,3
0,0,728,2,4,4,148,156,1,2,680,0,4,1302,46,0,2,1932,743,9,4
0,0,236,4,0,0,53,61,1,0,20,7,2,92,187,0,10,88,97,26,3
0,0,245,1,0,6,56,46,2,0,387,1,0,72,49,0,5,125,479,17,3
1,0,294,3,3,3,65,92,0,2,16,73,11,417,43,0,0,45,52,18,3
0,0,63,1,3,3,30,37,0,0,10,0,2,10,24,0,0,30,31,6,2
0,0,425,3,5,5,19,137,0,1,748,1,1,22,283,0,10,48,835,13,2
0,0,55,1,0,0,1,2,0,0,9,0,0,3,21,0,0,11,24,3,1
0,0,259,1,3,3,29,39,0,0,15,0,0,75,56,0,0,81,44,3,1
0,0,86,1,3,3,20,27,0,0,10,0,3,12,24,0,0,33,32,7,2
0,0,52,1,3,3,24,28,0,0,8,0,1,8,23,0,0,21,26,5,2
0,0,56,1,0,0,1,2,0,0,9,0,0,3,21,0,0,11,24,3,1
0,0,196,3,5,6,46,99,0,0,18,1,2,51,46,0,0,63,63,11,0
0,0,258,4,5,5,52,121,0,0,15,10,6,65,58,0,0,65,64,21,0
0,0,344,1,9,10,75,72,2,2,15,0,4,35,26,1,0,40,61,14,4
0,0,134,1,2,2,1,5,0,0,10,0,0,13,28,0,0,26,27,19,1
0,0,26,1,0,1,2,9,0,0,9,1,0,8,21,0,0,17,27,15,3
1,5,338,10,8,8,192,163,1,0,25,16,16,202,51,3,1,263,272,23,4
0,0,90,2,3,3,28,41,0,0,10,0,2,15,26,0,0,35,32,7,2
0,0,55,1,3,3,24,28,0,0,8,0,3,12,23,0,0,25,28,7,2
0,0,177,1,2,2,16,31,0,0,15,0,0,5,27,0,0,17,37,3,2
0,0,186,2,3,3,18,40,0,0,25,2,0,11,36,0,0,27,59,7,0
0,0,288,9,3,4,98,50,1,1,98,1,0,154,193,0,9,158,636,62,3
0,0,294,2,9,11,104,123,1,0,18,0,0,44,33,0,2,53,70,4,4
0,0,4139,102,26,32,221,343,4,0,8670,52,27,721,253,0,12,571,9925,20218,3
0,0,87,1,0,2,70,48,1,0,10,0,0,76,21,0,0,86,95,16,3
0,0,161,3,4,4,46,59,0,1,15,1,3,20,24,0,0,32,44,8,4
0,0,1607,27,10,15,244,341,3,0,67,6,7,151,78,0,2,212,272,19,3
0,0,912,11,0,3,398,164,3,0,6339,14,0,699,245,0,24,897,7032,16104,3
0,160,3162,12,28,58,134,595,30,0,794,19,31,380,402,0,34,304,1473,341,3
0,0,2896,11,29,48,564,567,10,0,375,18,29,701,296,0,26,735,1154,146,3
0,0,295,3,3,3,9,14,0,1,14,1,0,18,177,0,8,19,40,10,2
2,14,602,8,11,12,149,164,2,2,49,7,15,153,64,0,3,145,194,23,4
0,0,199,5,5,5,34,18,1,1,12,1,0,41,178,0,8,42,54,10,4
0,0,58,1,3,3,31,35,0,0,8,0,3,12,23,0,0,25,28,7,2
7,6,2714,33,43,66,139,462,10,4,1863,10,3,219,668,0,11,2672,2273,67,3
0,0,207,1,3,3,6,25,0,0,10,0,13,14640,56,0,0,59,42,17,1
3,33,1181,19,15,22,299,261,3,4,78,9,21,291,156,2,8,335,338,47,4
0,0,2900,11,29,48,590,569,10,0,375,18,29,737,296,0,26,769,1168,146,3
0,0,55,1,3,3,24,28,0,0,8,0,3,12,23,0,0,25,28,7,2
0,0,273,1,2,2,18,22,0,0,14,0,0,5,30,0,0,17,42,3,2
0,0,59,1,0,0,11,11,1,0,9,0,0,20,26,0,0,23,30,5,3
0,0,202,1,3,3,6,25,0,0,10,0,13,14617,60,0,0,59,42,17,1
0,0,416,4,10,14,91,136,0,4,20,1,0,29,190,0,8,30,69,10,3
0,0,59,1,0,1,90,53,1,0,10,1,0,94,21,0,0,106,115,15,3
0,0,314,4,1,3,230,102,2,0,30,4,5,476,225,0,22,328,212,90,3
0,0,108,1,2,2,27,46,0,0,14,0,0,7,27,0,0,22,41,3,1
6,26,1119,43,13,23,59,513,8,2,159,8,34,267,729,0,16,181,353,65,4
0,0,265,1,0,0,44,82,2,0,36,1,1,68,34,0,1,114,106,46,3
0,0,304,1,3,3,43,81,0,0,16,0,3,28,38,0,0,84,42,7,2
0,0,271,3,6,6,15,58,0,1,591,1,2,46,263,0,11,70,658,13,2
0,0,298,3,5,5,202,102,1,1,632,1,3,171,276,0,11,231,816,14,1
0,0,609,17,11,12,51,323,4,0,1133,9,39,248,494,0,10,373,1400,96,4
0,0,55,1,3,3,24,28,0,0,8,0,3,12,23,0,0,25,28,7,2
0,0,457,16,10,13,141,276,0,6,1145,12,1,41,294,0,10,71,1258,16,0
0,0,147,1,2,2,40,62,0,0,16,0,0,5,32,0,0,25,38,3,1
0,0,399,4,5,6,48,75,0,1,18,1,0,23,185,0,9,34,56,10,3
0,160,2941,13,29,49,163,506,10,1,561,21,26,393,342,0,41,328,1127,335,3
0,0,274,3,4,4,15,106,0,1,705,1,0,33,261,0,11,24,780,10,2
0,0,181,2,2,2,31,45,0,0,35,0,0,9,29,0,0,25,61,3,2
0,0,56,1,0,0,1,2,0,0,9,0,0,3,21,0,0,11,24,3,1
0,0,136,2,2,2,1,5,0,0,10,0,0,3,23,0,0,25,30,3,1
0,0,55,1,3,3,24,28,0,0,8,0,3,12,23,0,0,25,28,7,2
0,0,75,1,2,2,32,34,0,0,8,0,0,5,23,0,0,16,23,3,2
0,0,241,1,3,3,29,39,0,0,15,0,0,75,56,0,0,81,44,3,1
0,0,214,1,4,4,6,72,0,0,60,0,0,12,74,8,0,149,94,4,3
0,0,269,3,6,6,28,47,1,1,576,1,2,55,243,0,10,81,657,16,2
0,0,161,1,3,3,56,46,1,0,18,0,0,27,30,0,0,56,62,3,1
0,0,55,1,3,3,24,28,0,0,8,0,3,12,23,0,0,25,28,7,2
0,0,2718,12,15,15,16,229,3,0,131,9,15,174,110,0,5,143,309,92,3
0,0,168,1,3,3,1,5,0,0,8,0,0,6,23,0,0,29,25,4,1
0,0,16,0,0,1,0,5,0,0,657,0,0,9,11,0,0,0,678,0,3
0,0,262,1,2,2,18,22,0,0,14,0,0,5,30,0,0,17,42,3,2
0,6467,2319,17,10,27,713,896,19,2,973,23,72,1062,439,0,57,985,1925,220,3
0,0,82,0,2,2,45,48,0,0,2,5,0,1,7,0,1,20,50,0,1
0,0,170,1,3,3,5,18,0,0,16,0,0,8,33,0,0,75,40,4,1
0,0,51,1,3,3,24,28,0,0,8,0,1,8,23,0,1,21,26,5,2
0,0,877,3,5,5,19,118,0,1,648,1,1,22,273,0,10,38,729,13,2
0,0,191,2,3,3,18,40,0,0,25,2,0,11,32,0,0,27,59,7,0
0,0,347,2,3,3,18,40,0,0,25,2,0,11,32,0,0,27,59,7,0
0,0,16,0,0,1,0,5,0,0,730,0,0,10,12,0,0,0,753,0,3
0,0,193,1,3,3,41,54,0,0,14,0,0,11,25,0,0,21,44,5,4
0,0,5362,1,6,6,21,120,0,1,41,0,0,34,47,0,2,56,2021,30,4
0,0,314,6,6,6,19,117,0,1,501,8,7,80,254,0,10,79,585,31,0
0,0,253,1,3,3,27,43,0,0,29,0,0,20,182,0,9,24,59,10,3
0,0,165,1,3,3,21,43,0,0,14,0,0,12,26,0,0,32,44,4,2
0,0,663,1,5,8,2,123,3,0,159,0,1,37,32,0,0,83,339,36,3
0,0,100,2,3,3,20,33,0,0,10,0,3,17,26,0,0,37,33,8,2
0,0,257,4,6,6,69,123,1,1,500,2,0,39,253,0,10,43,577,13,0
0,0,268,3,6,6,28,47,1,1,575,1,2,55,255,0,10,81,655,19,2
0,0,114,1,3,3,28,44,0,0,14,0,1,10,23,0,0,32,45,5,2
3,0,382,8,7,7,70,72,1,1,19,1,3,83,204,0,9,84,97,17,2
0,0,58,1,0,0,1,5,0,0,9,0,0,7,26,0,0,12,23,3,4
0,0,173,1,2,2,16,32,0,0,15,0,0,5,27,0,0,17,37,3,2
0,6432,2187,12,7,25,606,855,19,2,973,21,77,997,409,0,64,933,1884,234,3
0,0,0,0,0,0,0,0,0,0,0,0,0,0,0,0,0,0,15,0,2
0,0,30,1,3,3,1,0,0,0,8,0,0,5,23,0,6,19,23,3,3
0,0,123,1,3,3,125,22,1,0,11,0,0,97,27,0,0,135,99,3,1
4,43,2240,36,21,38,574,603,10,9,195,18,53,523,257,3,16,484,676,100,4
0,0,598,90,0,9,733,567,10,0,68,10,100,1014,214,2,7,812,855,187,3
4,73,2678,36,17,33,347,396,9,6,169,10,36,454,291,1,17,442,537,94,4
1,5,477,10,6,6,369,261,1,0,23,15,25,273,40,3,1,356,349,35,4
0,0,57,1,3,3,24,28,0,0,8,0,3,12,23,0,0,25,28,7,2
0,0,42,1,2,2,1,3,0,0,9,0,0,3,21,0,0,9,25,3,3
0,0,1552,26,8,11,221,273,3,0,71,7,7,148,72,0,4,199,279,19,3
0,0,90,2,3,3,28,41,0,0,10,0,2,15,26,0,0,35,32,7,2
0,0,101,1,2,2,19,28,0,0,14,0,0,7,23,0,0,16,34,3,2
4,33,1819,20,29,45,487,481,5,6,84,11,62,672,273,1,15,492,515,68,4
0,0,153,1,2,2,15,25,0,0,15,0,0,5,27,0,0,21,37,3,2
0,0,133,1,3,3,34,47,0,0,14,0,0,28,28,0,0,22,44,4,1
0,0,2260,28,37,47,179,590,26,2,372,27,16,350,175,0,11,323,870,123,3
0,0,213,1,3,3,5,12,0,0,10,0,7,22,52,0,0,53,36,11,1
0,0,421,3,5,5,19,138,0,1,771,1,1,22,289,0,10,48,858,13,2
0,0,2944,11,29,48,551,567,10,0,375,17,26,685,296,0,34,720,1144,143,3
0,0,766,16,13,16,139,251,4,8,1284,4,6,110,535,0,12,235,1516,35,4
0,0,120,1,2,2,49,65,0,0,14,0,0,7,23,0,0,24,41,3,2
0,0,120,1,2,2,49,65,0,0,14,0,0,7,23,0,0,24,41,3,2
0,0,296,4,5,5,92,285,0,2,645,1,0,22,371,0,11,30,756,10,4
0,0,23,1,0,0,1,2,0,0,8,0,0,3,21,0,0,11,22,3,1
0,0,1475,1,5,11,27,159,2,0,190,0,2,60,39,1,0,81,376,82,3
2,79,1082,28,28,33,160,324,12,1,1490,17,67,475,787,0,31,473,1883,120,4
1,26,1350,16,12,15,982,586,1,13,1187,7,36,868,343,1,14,946,2109,59,4
0,0,315,4,3,3,64,81,0,1,18,1,0,20,182,0,9,30,54,10,3
0,0,150,2,3,3,4,5,0,0,10,1,0,6,27,0,0,21,30,3,3
0,0,93,1,3,3,26,33,0,0,10,0,3,12,24,0,0,33,32,7,2
0,0,997,9,11,11,252,398,0,6,1464,1,8,129,949,0,11,134,1653,36,3
0,0,57,1,3,3,24,28,0,0,8,0,3,12,23,0,0,25,28,7,2
0,0,420,3,5,5,42,175,0,2,804,1,2,44,502,0,10,72,917,82,3
0,0,379,3,18,28,190,611,4,1,347,1,3,151,745,0,11,223,591,26,4
0,0,56,1,3,3,24,28,0,0,8,0,3,12,23,0,0,25,28,7,2
0,0,55,1,3,3,24,28,0,0,8,0,3,12,23,0,0,25,28,7,2
0,0,329,8,4,4,54,115,0,0,18,7,8,50,58,0,0,52,68,17,0
0,0,351,1,2,2,160,180,0,0,14,0,0,5,30,0,0,35,41,3,1
0,0,185,1,4,4,9,75,0,0,62,0,0,14,73,8,0,157,96,4,3
0,4,321,2,6,15,216,201,1,0,72,0,0,158,34,0,2,348,173,3,1
0,0,152,1,3,3,16,27,0,0,16,0,0,10,24,0,0,20,38,4,2
0,0,471,3,6,6,17,113,0,1,802,1,7,39,292,0,11,72,888,20,2
2,8,2354,54,15,19,1237,1017,4,3,166,579,148,1278,373,76,11,1344,1849,185,4
0,0,203,1,5,6,52,84,0,0,14,0,0,11,36,0,0,57,54,4,0
0,0,217,1,3,3,5,12,0,0,10,0,7,22,54,0,0,53,36,11,1
0,0,95,2,3,3,1,2,0,0,8,1,0,4,21,0,0,11,23,3,3
0,0,363,5,4,6,47,187,2,2,34,2,1,80,237,0,8,137,92,16,0
0,0,158,1,3,3,52,85,1,0,16,0,0,18,23,0,0,33,53,3,1
0,0,137,3,3,3,48,29,1,0,10,0,0,37,28,0,0,65,62,3,1
0,0,304,4,5,6,48,74,0,1,18,1,0,24,188,0,9,30,56,10,3
0,0,205,1,3,3,20,42,0,0,16,0,1,15,27,0,0,29,49,6,2
0,0,199,7,3,3,31,45,0,0,45,0,0,10,36,0,0,22,74,4,2
0,0,55,1,0,0,1,2,0,0,9,0,0,3,21,0,0,11,24,3,1
0,0,167,1,0,0,49,55,0,2,8,0,0,3,24,0,0,27,22,3,0
0,0,38,1,0,0,1,2,0,0,8,0,0,3,21,0,0,15,22,3,0
0,0,60,1,3,3,31,35,0,0,8,0,3,12,23,0,0,25,28,7,2
0,0,264,1,3,3,29,39,0,0,15,0,0,75,64,0,0,81,44,3,1
0,0,597,3,2,2,50,72,1,0,67,2,0,43,212,0,10,60,127,22,4
0,0,748,6,9,11,52,185,3,1,119,5,6,108,219,0,8,129,291,56,1
0,0,1565,7,24,33,156,289,5,0,187,6,4,265,256,0,23,317,506,69,3
0,0,101,2,3,3,20,36,0,0,10,0,3,17,26,0,0,37,33,8,2
0,0,68,1,3,3,20,28,0,0,9,0,1,8,25,0,0,21,28,5,2
0,0,534,1,7,8,33,98,1,0,162,0,15,75,60,25,0,124,290,65,3
0,0,401,4,12,16,215,319,0,0,29,6,10,111,54,0,1,92,109,33,0
0,0,24,1,0,1,2,3,0,0,9,1,0,8,21,0,0,17,27,15,3
0,0,232,1,3,3,5,12,0,0,10,0,8,14033,54,0,0,54,37,12,1
0,0,82,0,2,2,44,47,0,0,2,5,0,1,11,0,1,20,50,0,1
3,21,1011,13,17,18,137,183,5,4,71,12,21,244,105,0,4,190,255,37,4
0,0,174,1,2,2,16,31,0,0,15,0,0,5,27,0,0,17,37,3,2
3,23,1452,22,12,13,592,424,4,5,84,21,43,441,90,2,4,510,582,55,4
0,0,1510,7,24,33,94,285,5,0,187,6,8,210,241,0,15,268,447,74,3
0,0,170,1,3,3,5,18,0,0,16,0,0,8,33,0,0,74,40,4,1
0,4,150,2,0,0,1,11,0,0,13,3,0,22,36,0,0,25,28,3,3
0,0,90,2,3,3,28,41,0,0,10,0,2,15,26,0,0,35,32,7,2
0,0,90,1,3,3,21,28,0,0,10,0,2,10,24,0,0,29,31,6,2
0,0,173,3,3,3,21,32,0,1,17,1,0,20,181,0,8,28,53,10,2
0,0,160,1,3,3,16,23,0,0,16,0,0,7,22,0,0,27,46,3,1
0,0,236,1,2,2,53,106,0,0,14,0,0,6,40,0,0,48,45,13,1
0,0,544,4,12,16,318,427,0,0,24,6,11,105,56,0,0,90,103,39,0
0,0,84,0,2,2,45,48,0,0,2,5,0,1,15,0,1,20,50,0,1
0,0,266,1,2,2,37,41,0,0,14,0,0,5,26,0,0,17,41,3,2
0,0,266,1,2,2,18,22,0,0,14,0,0,5,26,0,0,17,42,3,2
0,0,954,3,5,5,19,128,0,1,720,1,1,22,291,0,10,38,803,13,2
0,0,2515,73,7,14,89,335,93,0,352,1,10,164,236,0,23,441,585,34,3
0,0,320,6,5,9,41,154,4,1,47,8,7,79,74,0,0,78,141,23,0
0,0,216,1,3,3,5,12,0,0,10,0,7,22,52,0,0,53,36,11,1
0,0,51,1,3,3,24,28,0,0,8,0,1,8,23,0,0,21,26,5,2
0,0,113,2,3,3,2,29,0,0,9,0,1,14,57,0,0,35,28,7,1
0,0,3516,19,17,26,1151,545,11,1,347,11,39,1170,351,0,35,1441,1458,144,3
0,344,400,9,6,25,68,210,1,0,78,7,2,108,128,0,0,96,170,15,0
0,0,243,9,7,9,12,109,0,0,15,10,12,106,67,0,1,87,82,41,0
0,0,177,2,2,2,31,45,0,0,35,0,0,9,29,0,0,21,61,3,2
0,0,493,6,8,9,28,165,1,0,157,2,2,58,405,0,10,105,276,29,4
0,0,303,3,3,5,27,73,2,0,32,3,0,17,43,0,0,51,98,4,0
0,0,330,3,4,4,16,46,0,1,19,1,0,23,186,0,14,46,51,11,1
0,0,789,32,21,33,98,190,12,1,215,3,11,212,269,0,9,160,479,81,1
0,0,295,4,7,7,24,62,0,1,518,3,1,27,247,0,10,41,580,16,0
0,0,272,1,2,2,53,106,0,0,14,0,0,6,40,0,0,48,45,13,1
0,0,145,1,3,3,1,21,0,0,50,0,0,6,45,0,0,31,77,4,1
0,0,768,6,6,6,197,265,1,5,499,2,7,86,244,0,10,110,591,21,4
0,0,56,1,0,0,1,2,0,0,9,0,0,3,21,0,0,11,24,3,1
0,0,16,0,0,1,0,5,0,0,729,0,0,10,12,0,0,0,752,0,3
0,0,178,1,2,2,20,29,0,1,14,0,0,8,22,0,0,17,41,7,3
0,0,941,4,6,11,108,739,3,0,146,7,7,509,246,0,0,609,353,42,0
0,3,602,1,5,11,74,103,7,1,109,0,15,96,48,0,1,144,296,36,3
0,0,41,1,0,0,1,2,0,0,8,0,0,3,21,0,0,11,22,3,0
1,10,666,14,5,5,331,238,1,0,36,20,21,247,47,3,1,338,342,26,4
0,4,1216,7,22,30,155,251,4,0,141,6,8,267,254,0,15,269,413,62,3
0,0,328,1,4,5,6,55,1,0,64,0,0,12,31,0,0,52,139,14,1
0,0,879,3,7,7,63,432,0,2,18,1,1,133,300,0,8,131,57,12,3
0,0,677,11,11,14,71,151,2,1,810,5,2,107,269,0,11,161,985,32,0
0,0,37,1,0,0,9,17,0,0,8,0,0,3,22,0,0,15,22,3,0
0,31,498,9,6,8,78,145,2,0,422,12,6,48,61,0,0,44,581,15,1
0,0,885,3,5,5,19,120,0,1,733,1,1,22,281,0,10,38,817,13,2
0,0,160,1,2,2,1,5,0,0,10,0,0,13,28,0,0,26,27,19,1
0,0,548,74,0,6,584,495,8,0,48,6,2,511,159,0,6,641,567,42,3
0,0,157,1,2,2,15,26,0,0,15,0,0,5,27,0,0,21,37,3,2
0,0,185,2,2,2,32,48,0,0,35,0,0,9,32,0,0,25,61,3,2
0,0,131,1,3,3,34,47,0,0,14,0,0,34,28,0,0,22,44,4,1
0,0,156,1,2,2,15,27,0,0,15,0,0,5,27,0,0,21,37,3,2
2,31,1817,24,20,22,577,652,5,5,2678,27,52,567,621,0,15,579,3485,87,4
0,0,170,1,3,3,5,18,0,0,16,0,0,8,33,0,0,74,40,4,1
0,0,260,3,5,5,11,41,0,2,545,1,3,45,270,0,10,72,610,24,1
0,0,154,1,2,2,15,25,0,0,15,0,0,5,27,0,0,21,37,3,2
0,0,86,1,3,3,26,33,0,0,10,0,3,12,24,0,0,33,32,7,2
0,0,485,3,5,5,19,122,0,1,698,1,1,22,280,0,10,40,780,13,2
0,0,1496,7,24,33,156,284,5,0,187,6,8,291,257,0,15,297,512,75,3
0,0,395,3,6,6,17,113,0,1,674,1,7,39,272,0,11,72,758,20,2
0,0,415,3,5,5,19,133,0,1,798,1,1,22,282,0,11,48,891,13,2
0,0,109,1,2,2,28,48,0,0,14,0,0,7,31,0,0,22,41,3,1
0,0,96,1,2,2,29,39,0,0,14,0,0,7,23,1,0,18,34,3,4
0,0,233,11,8,10,21,62,0,0,26,2,18,74,58,0,0,62,120,36,0
4,20,1380,18,7,7,124,132,1,3,46,3,8,128,144,0,4,163,169,25,4
0,0,82,0,2,2,45,48,0,0,2,5,0,1,7,0,1,20,50,0,1
0,0,398,1,2,2,215,250,0,0,26,0,0,5,33,0,0,45,58,3,1
0,0,2904,10,29,48,551,563,10,0,375,18,29,691,296,0,26,723,1147,146,3
0,0,62,1,2,2,27,28,0,0,8,0,0,3,21,0,0,15,23,3,2
0,0,154,1,3,3,16,27,0,0,16,0,0,10,28,0,0,20,38,4,2
0,0,267,3,14,24,73,292,0,1,816,2,2,61,412,0,11,76,969,25,4
0,0,86,0,2,2,44,47,0,0,2,5,0,1,7,0,1,20,50,0,1
0,0,270,3,5,5,96,118,0,0,17,1,0,31,184,0,8,28,50,11,3
0,0,254,1,3,3,29,39,0,0,15,0,0,73,59,0,0,79,44,3,1
0,0,62,1,3,3,30,37,0,0,10,0,2,10,24,0,0,29,31,6,2
0,9,550,8,0,1,3,106,9,0,88,2,7,138,69,0,4,147,221,61,3
0,0,64,1,3,3,1,3,0,0,9,0,0,4,21,0,0,15,25,3,4
0,0,55,1,0,0,26,27,0,0,8,0,0,3,22,0,0,15,22,3,0
0,0,267,1,2,2,18,22,0,0,14,0,0,5,26,0,0,17,42,3,2
0,0,59,1,3,3,24,28,0,0,9,0,2,10,23,0,0,27,29,6,2
2,53,4244,69,23,30,344,381,6,7,199,10,22,537,170,2,8,540,720,72,4
0,0,996,2,0,0,48,61,0,0,12,1,0,15,27,0,0,18,27,3,4
0,0,108,2,0,2,26,29,0,0,10,0,0,11,22,0,0,22,33,16,3
0,0,249,1,2,2,18,22,0,0,14,0,0,5,26,0,0,17,42,3,2
0,0,55,1,3,3,24,28,0,0,8,0,3,12,23,0,0,25,28,7,2
0,0,299,3,6,6,66,283,0,2,70,5,2,47,633,0,11,85,303,17,0
0,0,35,1,2,2,1,2,0,0,8,0,0,3,21,0,0,11,23,3,3
0,0,299,4,7,7,24,62,0,1,492,3,1,27,248,0,10,41,553,16,0
0,0,36,1,2,2,1,2,0,0,8,0,0,3,21,0,0,11,23,3,0
0,0,897,3,7,8,33,118,1,0,1333,2,1,26,227,0,10,49,1455,24,4
0,0,259,1,4,4,28,46,0,0,18,2,0,15,851,8,0,65,46,4,1
0,0,401,5,1,2,72,105,5,0,45,5,3,180,226,0,23,191,145,55,3
0,0,532,10,0,2,9,59,0,0,26,8,6,52,42,0,0,38,73,15,1
0,0,570,19,0,14,48,266,16,0,118,15,2,160,145,0,4,184,309,38,3
0,0,2345,10,25,41,417,436,7,0,259,15,19,523,264,0,25,538,822,100,3
0,32,769,67,17,21,410,394,1,0,45,15,43,548,171,10,25,567,425,70,1
0,0,90,2,3,3,28,41,0,0,10,0,2,15,26,0,0,35,32,7,2
0,0,272,1,2,2,18,22,0,0,14,0,0,5,26,0,0,17,42,3,2
0,0,153,1,3,3,16,29,0,0,16,0,0,10,24,0,0,20,38,4,2
0,0,153,1,3,3,56,46,1,0,18,0,0,27,30,0,6,56,62,3,1
0,0,313,4,7,7,22,66,0,2,491,3,1,27,246,0,10,41,553,16,0
0,0,55,1,3,3,24,28,0,0,8,0,3,12,23,0,0,25,28,7,2
0,0,320,1,3,4,2,45,1,0,58,0,0,14,38,0,9,41,125,14,1
0,0,336,3,3,3,9,13,0,1,13,1,0,18,177,0,8,19,37,10,2
0,0,262,1,2,2,18,22,0,0,14,0,0,5,26,0,0,17,42,3,2
2,9,1319,16,0,7,113,155,3,1,42,5,16,175,71,0,2,117,117,38,4
0,0,139,3,3,3,48,29,1,0,10,0,0,37,28,0,0,65,62,3,1
0,0,88,0,2,2,45,48,0,0,2,5,0,1,15,0,1,20,50,0,2
0,0,329,3,6,6,42,55,0,2,17,1,0,27,177,0,8,22,53,10,3
0,0,40,1,0,0,1,2,0,0,8,0,0,3,21,0,0,11,22,3,0
0,0,251,1,2,2,43,63,0,0,15,0,0,5,27,0,0,31,44,3,2
0,0,230,3,10,14,20,30,1,2,19,1,1,35,38,0,0,56,66,6,3
0,0,348,8,17,26,901,250,6,0,35,9,19,359,98,0,0,354,300,53,0
7,13,686,49,7,7,91,561,4,9,398,3,20,119,777,0,14,159,531,39,4
0,0,252,1,3,3,29,39,0,0,15,0,0,73,59,0,0,79,44,3,1
0,0,68,1,3,3,36,43,0,0,10,0,2,10,24,0,0,35,31,6,2
1,9,1097,3,0,0,237,227,1,5,24,0,9,97,39,0,1,119,112,12,4
0,0,155,1,2,2,15,27,0,0,15,0,0,5,27,0,0,21,37,3,2
1,41,2523,32,20,36,978,332,6,2,155,10,42,957,251,2,15,1091,925,80,4
2,45,1356,11,38,43,268,257,12,4,109,7,29,375,130,0,4,301,350,75,4
1,0,230,4,4,4,73,59,1,0,15,0,7,43,27,0,0,52,76,11,4
0,0,185,1,2,2,34,51,0,0,14,0,0,5,26,0,0,31,42,3,2
0,0,140,2,3,3,4,5,0,0,10,1,0,6,26,0,0,17,29,3,3
5,100,3346,97,26,125,1918,1640,11,64,329,29,167,1638,276,3,20,1699,1911,272,4
0,0,261,1,2,2,18,22,0,0,14,0,0,5,30,0,0,17,42,3,2
0,0,463,3,5,5,29,179,0,2,1039,1,1,22,317,0,10,55,1148,13,2
0,0,260,3,5,5,11,41,0,2,497,1,3,45,264,0,11,72,561,24,1
0,0,55,1,2,2,1,3,0,0,9,0,0,3,21,0,0,11,26,3,0
0,0,290,3,5,5,6,148,0,1,764,1,2,44,489,0,10,72,878,25,3
0,0,139,3,3,3,226,118,1,0,10,0,0,215,29,0,0,243,240,3,1
0,0,500,8,10,14,130,144,1,4,66,1,1,44,64,0,0,73,123,9,3
0,4,2545,14,38,32,86,147,5,0,33,3,28,183,88,0,1,140,173,87,4
0,0,109,1,2,2,28,48,0,0,14,0,0,7,31,0,0,22,41,3,1
0,0,529,9,9,12,56,162,2,2,68,0,10,97,40,0,1,127,206,37,0
0,0,53,1,3,3,24,28,0,0,8,0,1,8,23,0,0,21,26,5,2
0,0,68,1,3,3,36,43,0,0,10,0,2,10,24,0,0,29,31,6,2
0,0,122,1,0,1,109,50,1,0,14,1,0,103,32,0,5,203,100,25,3
0,0,396,5,10,12,58,170,0,2,816,6,4,83,324,0,12,76,914,48,0
0,0,312,2,3,3,18,40,0,0,25,2,0,11,36,0,0,27,59,7,0
0,0,316,3,6,6,212,302,1,0,75,29,0,118,47,0,0,474,157,205,3
0,0,320,2,0,1,42,25,1,0,3173,1,0,38,37,0,0,60,3610,7925,3
1,7,765,17,7,9,437,341,3,6,40,9,15,266,71,0,4,341,312,27,4
0,6,1019,24,11,12,133,267,4,7,151,14,4,98,679,0,13,219,334,32,4
0,160,2975,13,29,49,149,502,10,1,744,21,29,387,390,0,33,316,1301,338,3
0,0,880,1,4,4,442,537,0,0,91,0,3,22,37,0,0,282,131,7,3
0,0,157,1,2,2,15,27,0,0,15,0,0,5,31,0,0,21,37,3,2
0,0,340,8,7,9,54,107,0,0,30,11,4,52,48,0,0,69,76,20,0
0,0,86,1,3,3,26,33,0,0,10,0,3,12,24,0,0,39,32,7,2
0,0,250,8,3,5,39,55,0,0,15,0,0,39,28,0,0,19,45,3,3
0,0,90,2,3,3,28,41,0,0,10,0,2,15,26,0,0,35,32,7,2
0,0,410,3,5,5,19,141,0,1,783,1,1,22,301,0,11,48,874,13,2
0,0,145,3,3,3,58,37,1,0,10,0,0,45,33,0,0,77,72,3,1
0,0,302,3,3,3,9,14,0,1,14,1,0,18,177,0,8,19,40,10,2
0,0,504,7,6,7,115,205,0,1,720,4,3,48,282,0,11,97,800,23,3
0,0,179,1,2,2,16,31,0,0,15,0,0,5,27,0,0,17,37,3,2
0,0,331,7,4,4,27,98,0,1,566,1,8,64,244,0,10,77,632,21,0
0,20,1680,28,7,10,53,101,1,0,54,7,8,103,79,0,1,106,151,15,4
0,0,56,1,3,3,24,28,0,0,8,0,2,10,23,0,0,23,27,6,2
0,0,51,1,3,3,24,28,0,0,8,0,1,8,23,0,0,21,26,5,2
0,0,92,1,3,3,26,33,0,0,10,0,3,12,24,0,0,33,32,7,2
0,10,371,7,4,4,21,43,0,2,19,5,2,34,197,1,9,37,49,13,4
0,0,2248,39,9,38,1183,518,29,0,322,1,11,791,177,0,0,811,1184,38,3
1,8,4048,10,24,28,82,247,7,1,223,1,12,172,126,0,1,334,673,170,4
0,0,269,3,3,3,23,37,0,0,18,1,0,18,144,0,8,32,47,10,2
0,0,321,2,3,3,18,40,0,0,25,2,0,11,36,0,0,27,59,7,0
0,0,56,1,0,0,1,2,0,0,9,0,0,3,21,0,0,11,24,3,1
0,0,54,1,3,3,19,23,0,0,9,0,1,8,23,0,0,27,28,5,2
3,21,548,41,13,14,77,160,12,1,54,13,13,126,198,0,11,94,144,40,4
0,0,154,3,12,21,8,34,0,0,17,1,4,29,36,0,0,33,49,8,4
2,15,911,21,7,7,750,556,3,18,50,26,95,577,87,4,3,968,652,129,4
0,0,253,1,2,2,18,22,0,0,14,0,0,5,26,0,0,17,42,3,2
0,0,135,3,3,3,48,29,1,0,10,0,0,37,29,0,0,69,62,3,1
0,0,363,3,6,6,79,401,0,4,1448,8,2,47,753,0,12,98,1725,23,0
0,0,303,4,6,8,52,69,1,1,19,1,0,52,196,0,8,54,78,11,3
0,0,175,2,2,2,31,45,0,0,35,0,0,9,33,0,0,25,61,3,2
0,0,54,1,3,3,24,28,0,0,8,0,3,12,23,0,0,25,28,7,2
0,0,269,3,6,6,15,58,0,1,541,1,2,46,258,0,12,70,607,13,2
0,0,227,1,3,3,6,25,0,0,10,0,13,13462,58,0,0,59,42,17,1
1,25,737,22,8,9,343,268,2,1,43,49,50,290,125,0,4,302,317,29,4
0,0,52,1,3,3,24,28,0,0,8,0,1,8,23,0,0,21,26,5,2
0,0,245,4,5,5,20,49,0,1,18,2,0,43,192,0,8,42,63,17,0
3,23,1198,36,16,17,639,493,3,13,69,28,46,533,273,9,13,638,699,77,4
0,0,56,1,0,0,1,2,0,0,9,0,0,3,21,0,0,11,24,3,1
0,0,205,2,3,3,48,61,0,0,14,0,0,6,26,0,0,15,48,3,3
0,0,419,3,5,5,17,126,0,1,712,1,1,22,286,0,11,48,797,13,2
1,26,1655,7,22,41,228,374,3,4,151,5,13,160,71,0,5,264,461,56,4
0,0,485,1,4,4,124,166,67,0,18,0,6,38,69,2,0,48,66,11,4
0,0,298,3,5,5,6,145,0,1,748,1,2,44,497,0,10,72,861,25,3
0,0,1554,3,7,9,43,157,2,0,123,1,11,39,40,0,0,93,265,38,3
0,0,156,1,2,2,15,27,0,0,15,0,0,5,27,0,0,21,37,3,2
7,103,2691,120,21,123,1792,1416,11,67,270,26,108,1446,280,2,18,1668,1772,167,4
0,0,433,3,5,5,19,126,0,1,766,1,1,22,288,0,10,46,850,13,2
0,0,760,25,2,3,528,449,1,0,69,24,26,566,134,0,25,860,469,317,3
0,0,198,2,3,3,18,40,0,0,25,2,0,11,32,0,0,27,59,7,0
0,0,53,1,3,3,24,28,0,0,8,0,1,8,23,0,0,21,26,5,2
0,0,54,1,3,3,24,28,0,0,8,0,3,12,23,0,0,25,28,7,2
0,0,16,0,0,1,0,5,0,0,660,0,0,9,11,0,0,0,683,0,3
0,0,267,1,2,2,18,22,0,0,14,0,0,5,26,0,0,17,42,3,2
0,0,288,1,3,3,1,332,0,0,548,0,2,63,242,0,1,66,678,6,1
0,0,74,1,2,2,36,43,0,0,8,0,0,7,24,0,0,18,23,3,2
0,0,93,1,3,3,26,33,0,0,10,0,3,12,24,0,0,33,32,7,2
0,0,197,1,2,2,31,47,0,0,16,0,0,5,36,0,6,28,38,3,1
1,6,1411,7,11,22,20,52,0,1,32,6,12,49,40,0,1,48,76,18,4
0,36,2692,2,10,11,319,186,1,6,93,0,32,235,87,0,11,345,317,40,4
1,2,573,15,4,5,16,87,1,1,74,8,0,36,193,0,9,64,160,23,4
0,0,184,1,3,3,22,50,0,0,14,0,0,14,27,0,0,34,44,4,2
0,0,206,2,4,4,19,54,0,0,16,1,0,30,46,0,0,38,68,10,0
0,0,51,1,3,3,24,28,0,0,8,0,1,8,23,0,0,21,26,5,2
0,0,53,1,3,3,24,28,0,0,8,0,1,8,23,0,0,21,26,5,2
0,0,51,1,3,3,24,28,0,0,8,0,1,8,23,0,0,21,26,5,2
0,0,255,1,2,2,43,63,0,0,15,0,0,5,31,0,0,31,44,3,2
0,0,145,2,3,3,4,5,0,0,10,1,0,6,27,0,0,17,30,3,3
1,49,1035,55,15,34,356,407,6,20,566,31,15,420,786,0,26,521,1015,72,4
0,0,87,0,2,2,45,48,0,0,2,5,0,1,15,0,1,20,50,0,1
0,0,292,3,5,5,6,147,0,1,784,1,2,44,497,0,10,72,898,25,3
0,0,26,1,0,1,2,9,0,0,9,1,0,8,21,0,0,17,27,15,3
0,0,231,1,3,3,5,12,0,0,10,0,8,14067,54,0,0,54,37,12,1
0,0,523,6,10,12,330,326,0,1,1028,7,7,116,311,0,11,144,1136,48,0
0,0,2885,11,28,47,577,567,10,0,375,17,25,715,300,0,38,753,1153,140,3
0,0,157,1,3,3,16,27,0,0,16,0,0,10,24,0,0,20,38,4,2
0,4,482,7,5,5,87,102,3,2,22,6,7,55,41,0,1,49,73,13,4
0,0,111,1,0,0,18,19,0,1,8,0,0,3,22,0,0,15,22,3,4
0,0,51,1,3,3,24,28,0,0,8,0,1,8,23,0,0,21,26,5,2
0,0,278,3,3,3,26,43,0,1,17,1,0,22,184,0,8,29,45,10,4
0,0,246,1,2,2,21,29,0,1,15,0,0,5,26,0,0,17,42,3,3
0,0,56,1,0,0,1,2,0,0,9,0,0,3,21,0,0,11,24,3,1
0,0,293,3,5,5,7,151,0,1,841,1,2,44,496,0,10,72,954,25,3
0,0,250,3,6,6,33,88,0,2,804,1,3,42,271,0,10,71,885,19,2
0,0,91,0,2,2,44,47,0,0,2,5,0,1,7,0,1,20,50,0,1
0,0,429,72,0,4,580,487,8,0,47,5,2,501,157,0,6,632,555,29,3
4,20,774,17,8,8,468,267,3,2,42,22,22,431,67,6,4,527,541,45,4
0,0,361,3,4,4,36,126,0,1,668,1,0,23,270,0,11,28,730,11,2
0,0,428,662,7,7,113,237,0,2,917,1,2,54,519,0,13,98,1028,23,2
0,0,51,1,3,3,24,28,0,0,8,0,1,8,23,0,0,21,26,5,2
0,0,406,3,6,6,17,112,0,1,709,1,7,39,273,0,11,72,794,20,2
2,13,534,26,5,8,433,292,1,0,55,26,35,496,112,3,4,525,653,27,4
0,0,54,1,0,0,17,18,0,0,8,0,0,3,21,0,0,15,22,3,0
2,27,693,14,5,5,76,123,2,6,42,7,7,76,200,0,11,82,105,33,4
0,0,269,3,6,6,15,58,0,1,493,1,2,46,249,0,11,70,558,13,2
0,0,464,3,5,5,29,196,0,2,952,1,1,22,314,0,10,55,1059,13,2
0,0,304,3,5,5,6,144,0,1,748,1,2,44,495,0,11,72,861,25,3
0,0,51,1,3,3,24,28,0,0,8,0,1,8,23,0,0,21,26,5,2
0,0,65,1,1,2,14,18,2,0,10,0,1,14,25,0,0,16,27,7,4
0,0,219,1,7,10,31,41,0,0,15,0,0,8,30,0,0,15,40,5,3
0,0,228,2,3,3,18,40,0,0,25,2,0,11,36,0,0,27,59,7,0
0,0,157,1,2,2,15,27,0,0,15,0,0,5,27,0,0,21,37,3,2
0,0,259,3,5,5,11,41,0,2,580,1,3,45,271,0,11,72,646,24,1
0,0,38,2,4,5,2,8,0,0,8,0,0,5,28,0,0,21,27,5,1
0,0,81,0,2,2,45,48,0,0,2,5,0,1,7,0,1,20,50,0,1
0,0,648,3,5,5,54,685,0,2,2109,1,2,89,2938,0,10,248,2455,106,1
0,0,745,1,6,8,21,570,1,0,64,3,1,19,64,0,0,74,147,17,3
0,0,182,1,2,2,16,31,0,0,15,0,0,5,27,0,0,17,37,3,2
0,0,36,1,0,0,1,2,0,0,8,0,0,3,21,0,0,11,22,3,0
0,0,310,2,3,3,18,40,0,0,25,2,0,11,36,0,0,27,59,7,0
0,0,57,1,3,3,24,28,0,0,8,0,3,12,23,0,1,25,28,7,2
0,0,246,1,2,2,43,61,0,0,15,0,0,5,27,0,0,31,44,3,2
0,0,50,1,0,0,241,18,1,0,8,0,0,163,21,0,0,203,134,3,0
1,11,660,11,9,24,207,215,2,3,51,19,12,154,67,4,3,235,282,22,4
1,5,675,15,7,7,273,254,2,48,32,12,12,194,228,2,9,246,351,49,4
0,0,100,1,2,2,16,22,0,0,14,0,0,5,22,0,0,15,34,3,2
0,0,623,4,7,10,52,144,2,0,77,3,9,426,210,0,26,151,222,101,3
0,0,100,1,0,0,3,15,0,0,17,0,0,16,30,0,0,22,43,23,3
0,0,372,3,4,4,36,126,0,1,772,1,0,23,270,0,11,28,837,11,2
0,0,633,8,10,12,353,361,0,1,1003,7,9,118,293,0,11,146,1108,50,0
0,0,229,1,2,8,31,106,0,0,16,12,0,5,62,0,20,17,56,3,1
0,0,364,320,8,27,80,175,0,0,16,0,0,432,75,0,0,558,41,22,4
0,0,89,1,3,3,26,33,0,0,10,0,3,12,24,0,0,33,32,7,2
0,0,310,1,2,2,160,180,0,0,14,0,0,5,30,0,0,35,41,3,1
0,0,478,10,13,13,262,393,1,1,627,1,16,85,368,0,10,117,846,29,4
0,0,313,6,6,6,43,113,0,0,18,9,6,78,212,0,8,66,76,28,0
0,0,442,8,0,12,3,123,10,0,98,16,2,48,80,0,1,50,232,40,3
0,0,126,1,2,2,17,25,0,0,14,0,0,7,29,0,0,18,34,3,2
2,5,519,17,5,5,324,228,1,2,23,15,7,202,49,2,1,268,259,14,4
0,0,90,2,3,3,28,41,0,0,10,0,2,15,26,0,0,35,32,7,2
0,0,218,3,4,4,35,82,0,0,15,1,2,40,50,0,0,62,55,12,0
0,160,2997,15,29,49,149,503,10,1,565,21,29,387,343,0,33,316,1120,338,3
0,0,51,1,3,3,24,28,0,0,8,0,1,8,23,0,0,21,26,5,2
0,0,2906,11,29,48,590,568,10,0,375,18,29,721,304,0,27,759,1168,146,3
0,7,411,6,6,8,48,138,0,3,37,11,6,74,220,0,8,65,115,28,0
0,0,253,1,2,2,18,22,0,0,14,0,0,5,26,0,0,17,42,3,2
0,0,324,4,3,4,24,42,0,1,19,1,0,22,182,0,9,30,58,10,3
0,0,149,1,3,3,1,6,0,0,35,0,0,6,28,0,0,33,59,4,1
0,0,251,3,6,8,28,44,0,2,16,0,0,5,23,0,0,21,45,3,3
0,0,55,1,3,3,24,28,0,0,8,0,3,12,23,0,0,25,28,7,2
0,0,360,3,3,3,9,13,0,1,13,1,0,18,177,0,8,19,37,10,2
0,0,771,13,9,12,25,173,2,0,120,6,13,95,78,0,1,179,373,94,1
0,0,213,1,3,3,6,25,0,0,10,0,13,13676,56,0,0,59,42,17,1
0,0,95,1,2,2,19,28,0,0,14,0,0,7,23,0,0,16,34,3,2
0,0,271,3,4,4,7,15,0,2,12,1,0,27,180,0,11,32,42,10,3
0,0,346,15,15,21,32,68,0,2,56,8,1,146,215,0,8,78,143,127,0
0,0,386,3,6,6,17,117,0,1,799,1,7,39,281,0,11,72,886,20,2
0,0,156,2,3,3,1,2,0,0,10,1,0,7,26,0,0,21,33,3,3
0,0,878,1,4,4,444,539,0,0,90,0,2,20,37,0,0,283,129,6,3
0,0,420,6,1,2,19,91,5,0,36,4,2,139,220,0,15,132,95,52,3
3,39,656,31,11,12,125,203,4,5,74,14,43,260,109,0,8,216,269,65,4
0,0,1095,8,10,12,48,130,3,1,121,3,11,92,206,0,8,125,303,46,3
0,0,223,2,4,4,15,38,0,0,15,3,0,18,34,0,0,32,48,7,0
0,0,391,3,8,8,70,204,0,2,676,1,2,50,1047,0,10,91,850,40,3
3,18,1957,26,17,23,276,277,5,5,165,14,39,325,340,0,12,254,459,71,4
0,22,291,5,4,6,29,101,0,1,29,9,6,44,53,0,0,43,87,17,0
0,0,174,1,2,2,16,31,0,0,15,0,0,5,31,0,0,17,37,3,2
0,0,382,3,6,6,17,117,0,1,814,1,7,39,273,0,11,72,902,20,2
0,0,59,1,3,3,24,28,0,0,8,0,3,12,23,0,0,25,28,7,2
0,0,214,2,3,3,18,40,0,0,25,2,0,11,36,0,0,27,59,7,0
0,0,41,1,0,0,1,2,0,0,8,0,0,3,21,0,0,11,22,3,0
0,0,864,3,5,5,15,111,0,1,700,1,1,22,278,0,10,39,774,13,2
0,0,62,1,3,3,30,37,0,0,10,0,2,10,24,0,0,30,31,6,2
0,0,387,3,6,6,18,126,0,1,847,1,5,35,286,0,12,62,934,18,2
1,5,2396,25,10,11,463,534,3,44,89,21,50,284,240,3,9,390,494,98,4
0,2,347,3,5,7,74,186,0,0,24,9,6,73,77,0,0,88,95,22,0
4,26,8446,21,12,13,119,130,6,1,76,15,18,165,102,0,3,173,289,42,4
0,0,159,3,3,3,28,48,0,0,20,0,0,8,26,0,0,17,43,4,2
0,0,156,1,2,2,15,27,0,0,15,0,0,5,27,0,0,21,37,3,2
0,0,54,1,3,3,24,28,0,0,8,0,3,12,23,0,0,25,28,7,2
0,0,224,1,3,3,6,13,0,0,10,0,9,14778,54,0,0,55,38,13,1
0,0,90,2,3,3,28,41,0,0,10,0,2,15,26,0,0,35,32,7,2
0,0,1486,27,10,15,235,339,3,0,72,8,7,151,73,0,1,212,278,19,3
0,0,878,3,5,5,19,120,0,1,735,1,1,22,281,0,10,38,818,13,2
0,0,55,1,3,3,24,28,0,0,8,0,3,12,23,0,0,25,28,7,2
0,0,200,1,3,3,51,44,1,0,22,0,0,27,40,0,0,59,65,3,2
0,0,201,13,4,4,129,125,1,0,16,1,10,128,51,0,0,155,160,16,4
0,0,254,7,4,4,13,38,0,2,20,1,1,30,189,0,10,44,62,13,3
0,0,173,1,2,2,16,32,0,0,15,0,0,5,27,0,0,17,37,3,2
0,0,426,11,10,12,70,187,0,2,609,12,4,88,306,0,11,90,702,43,0
0,0,159,2,3,3,28,48,0,0,20,0,0,8,26,0,0,17,43,4,2
0,0,120,1,2,2,49,65,0,0,14,0,0,7,23,0,0,24,41,3,2
0,0,475,5,11,13,34,156,0,1,572,6,3,88,453,0,11,102,718,216,0
0,0,664,4,6,12,56,114,7,1,103,2,9,91,209,0,8,112,287,39,3
0,0,55,1,3,3,24,28,0,0,8,0,3,12,23,0,0,25,28,7,2
0,0,330,1,4,5,6,55,1,0,64,0,0,12,31,0,0,52,139,14,1
0,0,80,1,3,3,37,41,0,0,8,0,0,6,23,0,0,20,25,4,2
0,0,154,2,3,3,1,2,0,0,10,1,0,7,26,0,0,17,33,3,3
0,0,407,3,6,6,17,117,0,1,783,1,7,39,289,0,11,72,869,20,2
0,0,56,1,3,3,24,28,0,0,8,0,2,10,23,0,0,29,27,6,2
0,0,380,3,9,9,34,244,0,2,1329,1,3,62,972,0,11,125,1557,34,3
0,0,58,1,3,3,1,3,0,0,10,0,0,8,21,0,0,18,26,3,3
0,0,124,1,2,2,41,51,0,0,14,0,0,7,23,0,0,20,33,3,2
0,0,98,1,0,0,19,7,1,0,9,0,0,19,22,0,0,32,35,3,1
0,0,131,1,3,3,34,47,0,0,14,0,0,34,28,0,0,22,44,4,1
0,0,371,5,1,2,72,102,5,0,37,4,2,179,221,0,16,184,133,54,3
0,0,339,6,10,15,11,80,0,1,667,3,2,47,293,0,11,64,743,27,0
0,0,56,1,0,0,1,2,0,0,9,0,0,3,21,0,0,11,24,3,1
0,84,584,8,7,10,55,220,2,1,1489,12,14,245,345,0,13,165,1695,151,0
0,0,147,1,3,3,1,21,0,0,50,0,0,6,45,0,0,31,77,4,1
0,0,58,1,3,3,1,3,0,0,10,0,0,8,21,0,0,18,26,3,3
0,0,300,3,5,5,6,149,0,1,748,1,2,44,496,0,10,72,861,25,3
0,0,54,1,3,3,24,28,0,0,8,0,3,12,23,0,0,25,28,7,2
0,0,205,3,5,5,15,51,0,1,570,1,2,41,254,0,10,58,632,16,3
0,0,270,3,6,6,15,58,0,1,507,1,2,46,256,0,11,70,572,13,2
0,0,288,1,3,3,28,44,0,0,57,0,0,8,35,0,0,27,93,9,4
0,0,392,3,8,10,144,181,1,0,70,1,2,77,246,1,10,74,153,15,4
0,0,243,1,3,3,29,39,0,0,15,0,0,75,56,0,0,81,44,3,1
0,0,70,1,3,3,31,35,0,0,9,0,1,8,24,0,0,27,28,5,2
2,11,349,15,1,1,183,117,2,0,41,16,10,250,55,2,2,252,310,29,4
0,0,166,1,0,1,109,50,1,0,14,1,0,103,36,0,5,203,100,25,3
0,0,87,0,2,2,44,48,0,0,2,5,0,1,7,0,1,20,50,0,1
0,0,376,1,5,5,108,68,1,2,15,0,4,63,25,0,0,76,76,8,4
0,0,52,1,3,3,24,28,0,0,8,0,1,8,23,0,0,21,26,5,2
0,0,1483,7,24,33,94,288,5,0,187,5,8,210,246,0,16,268,447,74,3
0,0,54,1,3,3,24,28,0,0,8,0,3,12,23,0,0,25,28,7,2
0,0,223,1,3,3,7,14,0,0,10,0,10,10755,56,0,0,56,39,14,1
0,4,901,7,8,11,154,197,0,2,22,3,3,26,49,1,1,51,52,18,4
1,15,2312,15,11,12,253,495,2,9,1256,75,17,211,1254,0,16,372,1570,77,4
0,159,3758,13,31,61,96,556,26,0,673,18,28,384,384,0,46,328,1370,348,3
0,0,416,7,4,4,73,72,1,0,26,0,0,30,32,0,0,64,73,4,4
0,0,226,3,5,5,8,53,0,0,15,5,3,39,49,0,0,40,58,16,0
0,0,117,1,0,0,4,27,3,0,12,0,0,25,27,0,2,25,30,21,3
0,0,218,1,4,4,14,32,0,0,18,0,0,15,22335,8,2,65,38,4,1
0,0,55,1,3,3,24,28,0,0,8,0,3,12,23,0,1,25,28,7,2
0,3,615,1,5,11,74,103,7,1,109,0,15,96,48,0,1,140,296,36,3
0,15,950,13,14,25,78,360,2,1,150,3,0,68,400,0,12,106,272,20,4
0,0,196,1,0,0,43,78,0,0,15,2,0,21,34,0,0,38,42,3,0
0,0,1497,70,0,3,70,101,1,1,70,2,0,112,184,0,8,50,131,21,3
0,0,396,3,6,6,19,126,0,1,690,1,7,39,270,0,11,72,781,20,2
0,0,264,1,2,2,18,22,0,0,14,0,0,5,26,0,0,17,42,3,2
0,0,394,3,6,6,17,116,0,1,763,1,7,39,281,0,11,72,849,20,2
0,0,238,3,3,3,21,44,0,1,19,1,0,28,197,0,8,47,57,10,2
0,0,392,3,6,6,17,132,0,1,707,1,7,39,274,0,11,72,792,20,2
3,26,1400,8,14,16,164,230,5,3,127,9,20,227,88,0,5,200,366,46,4
0,0,56,1,0,0,1,2,0,0,9,0,0,3,21,0,0,11,24,3,1
0,0,83,2,3,3,25,38,0,0,10,0,3,17,26,0,0,43,33,8,2
0,0,5595,20,19,30,367,360,8,2,9829,10,32,523,310,0,39,583,11006,23757,3
0,160,3140,12,28,58,134,595,30,0,800,19,28,374,409,0,42,301,1476,338,3
0,0,410,1,2,2,154,188,0,0,16,0,0,5,29,0,0,37,46,3,1
0,0,203,2,4,4,45,79,0,0,15,1,2,36,46,0,1,47,56,13,0
1,20,1345,22,11,20,402,294,3,0,423,20,41,1079,156,0,4,1441,892,88,4
0,0,323,1,2,2,159,211,0,0,16,0,0,5,33,0,0,45,54,3,1
5,61,2240,54,25,31,815,692,4,3,471,33,50,950,414,0,22,818,1485,98,4
0,0,209,1,3,3,6,25,0,0,10,0,13,14298,60,0,0,59,42,17,1
0,0,204,2,3,3,112,120,1,0,11,0,0,87,62,0,7,133,94,3,1
0,0,235,1,3,3,43,81,0,0,16,0,3,28,42,0,0,84,42,7,2
12,73,1133,33,22,28,436,484,2,12,88,20,72,431,287,0,15,471,505,98,4
0,0,333,1,2,2,159,211,0,0,26,0,0,5,33,0,0,45,66,3,1
0,0,101,1,2,2,24,38,0,0,14,0,0,7,24,0,0,20,33,3,3
0,0,977,6,5,13,223,255,4,0,765,5,2,297,255,0,24,385,1022,67,3
0,0,202,2,3,3,18,40,0,0,25,2,0,11,32,0,0,27,59,7,0
0,0,399,4,9,12,146,237,0,0,20,5,4,76,56,0,0,71,77,23,0
0,0,56,1,0,0,1,2,0,0,9,0,0,3,21,0,0,11,24,3,1
0,0,259,1,2,2,18,22,0,0,14,0,0,5,30,0,0,17,42,3,2
0,0,125,1,3,3,125,22,1,0,11,0,0,97,27,0,0,135,99,3,1
0,4,352,4,7,7,15,55,0,2,24,7,0,33,41,1,1,53,54,7,4
0,0,170,1,3,3,5,18,0,0,16,0,0,8,33,0,0,78,40,4,1
0,0,2902,11,29,48,564,567,10,0,375,18,29,701,296,0,26,735,1154,146,3
0,160,3607,12,32,60,416,616,10,0,423,19,36,897,316,0,56,668,1219,385,3
0,0,265,3,4,4,40,72,0,2,23,5,0,24,198,0,8,35,64,11,0
0,0,91,1,2,2,21,29,0,0,14,0,0,7,24,0,0,16,34,3,2
0,0,258,1,2,2,18,22,0,0,14,0,0,5,26,0,0,17,42,3,2
0,0,173,1,2,2,16,32,0,0,15,0,0,5,27,0,0,17,37,3,2
0,0,118,1,2,2,15,13,0,0,8,0,0,3,22,0,0,15,23,3,2
0,0,253,1,2,2,37,41,0,0,14,0,0,5,26,0,0,17,41,3,2
0,0,160,1,3,3,163,18,1,0,11,0,0,127,32,0,0,180,123,3,1
1,33,746,6,13,19,99,117,4,2,55,8,40,243,73,0,4,127,198,32,4
0,0,51,1,3,3,24,28,0,0,8,0,1,8,23,0,0,21,26,5,2
0,0,427,1,2,2,215,251,0,0,16,0,0,5,29,0,0,45,46,3,1
6,38,1453,40,13,14,335,333,6,3,82,30,44,434,102,2,5,385,444,71,4
0,0,147,1,4,4,26,36,0,0,14,0,0,9,27,1,0,23,36,4,4
1,19,742,15,8,17,434,422,7,0,73,5,18,587,78,2,5,470,716,28,4
0,0,131,1,2,2,13,53,0,0,15,0,0,27,41,0,0,44,37,3,1
0,0,383,3,11,11,35,159,0,2,600,1,8,68,291,0,42,69,671,34,3
0,0,203,1,10,25,19,27,0,0,21,0,0,39,34,0,0,29,73,5,3
0,0,86,0,2,2,45,48,0,0,2,5,0,1,15,0,0,20,50,0,2
0,0,68,1,3,3,36,43,0,0,10,0,2,10,24,0,0,29,31,6,2
0,160,2988,13,29,49,176,508,10,1,566,21,29,419,344,0,33,347,1141,338,3
0,0,87,0,2,2,45,48,0,0,2,5,0,1,11,0,1,20,50,0,2
0,0,328,6,4,4,27,104,0,1,579,1,8,58,254,0,10,71,645,21,0
0,0,415,3,5,5,19,137,0,1,727,1,1,22,282,0,11,48,818,13,2
3,109,727,56,16,20,3078,272,48,2,50,13,214,2799,78,0,5,3043,1979,236,4
0,0,544,3,5,5,19,137,0,1,839,1,1,22,294,0,11,48,932,13,2
2,9,734,19,10,10,280,449,1,2,1095,6,14,210,886,0,11,303,1530,62,4
0,0,88,1,3,3,20,28,0,0,9,0,1,8,25,0,0,21,28,5,2
0,0,94,1,3,3,26,33,0,0,10,0,3,12,24,0,0,39,32,7,2
0,160,2951,13,29,49,149,503,10,1,562,21,29,385,338,0,33,316,1117,338,3
0,0,273,4,5,5,37,73,0,0,18,2,1,40,190,0,8,39,74,18,0
0,0,54,1,3,3,24,28,0,0,8,0,3,12,23,0,0,25,28,7,2
0,0,232,1,3,3,44,83,0,0,16,0,3,30,39,0,0,86,42,7,2
0,159,3848,19,28,62,1031,752,30,0,492,18,31,1355,354,0,61,1314,1736,382,3
0,0,59,1,0,0,3,5,0,0,8,0,0,3,22,0,0,15,22,3,3
0,0,90,2,3,3,28,41,0,0,10,0,2,15,26,0,0,35,32,7,2
0,0,174,2,2,2,31,45,0,0,35,0,0,9,29,0,0,21,61,3,2
0,0,162,1,2,2,15,25,0,0,30,0,0,5,24,0,0,21,55,3,2
0,0,56,1,3,3,24,28,0,0,8,0,2,10,23,0,0,23,27,6,2
0,0,16,0,0,1,0,5,0,0,366,0,0,5,7,0,0,0,383,0,3
0,0,908,3,5,5,19,120,0,1,716,1,1,22,274,0,10,38,799,13,2
0,0,321,1,2,2,159,211,0,0,16,0,0,5,29,0,0,45,54,3,1
0,176,1091,25,1,10,77,424,1,5,182,40,15,220,415,0,10,258,383,38,3
0,0,55,1,3,3,24,28,0,0,8,0,3,12,23,0,0,25,28,7,2
0,0,205,1,4,4,32,23,1,0,16,0,0,33,28,0,0,48,72,3,2
0,0,626,15,7,8,86,230,2,0,1115,4,3,94,452,0,10,146,1279,29,4
0,0,218,4,3,3,228,72,1,0,24,4,10,464,201,0,21,329,200,75,3
0,0,178,2,2,2,31,45,0,0,35,0,0,9,37,0,0,21,61,3,2
0,0,90,2,3,3,28,41,0,0,10,0,2,15,26,0,0,41,32,7,2
0,0,359,4,3,3,45,105,0,3,607,1,0,20,267,0,11,30,678,10,3
0,0,272,1,2,2,18,22,0,0,14,0,0,5,26,0,0,17,42,3,2
2,17,1369,27,12,35,363,420,3,7,44,42,32,339,196,6,15,382,420,55,4
0,0,317,3,3,3,9,13,0,1,13,1,0,18,177,0,8,19,38,10,2
0,0,286,3,5,5,6,146,0,1,784,1,2,44,494,0,10,72,898,25,3
0,0,58,1,3,3,31,35,0,0,8,0,3,12,23,0,0,25,28,7,2
0,0,91,1,3,3,26,33,0,0,10,0,3,12,24,0,0,39,32,7,2
0,0,341,3,6,6,16,75,0,2,501,1,6,40,244,0,10,86,564,20,2
0,0,522,6,2,3,49,132,2,0,34,4,0,93,223,0,8,73,91,30,3
0,0,2954,12,29,48,538,563,10,0,375,17,29,681,296,0,26,711,1140,146,3
1,11,473,9,19,30,90,386,3,1,86,7,14,146,420,0,13,84,250,31,4
0,0,1565,3,4,8,158,421,4,0,218,5,27,182,85,0,0,211,566,112,0
0,0,122,1,2,2,26,40,0,0,14,0,0,7,28,0,0,22,42,3,1
0,0,125,2,2,2,31,42,0,0,14,0,0,9,25,0,0,21,35,3,2
0,0,310,4,3,3,49,64,0,1,18,1,0,20,189,0,9,30,54,10,3
0,0,66,1,3,3,24,31,0,0,10,0,2,10,24,0,0,29,31,6,2
0,0,760,15,0,5,110,190,10,2,83,12,5,152,277,0,16,124,241,36,3
0,0,378,4,5,9,81,149,4,2,52,6,1,46,53,0,0,54,141,11,0
0,0,309,4,3,4,26,44,0,1,19,1,0,22,182,0,9,30,58,10,3
0,0,268,3,4,4,222,36,1,1,23,1,0,44,183,0,8,49,70,10,1
0,0,398,3,2,8,169,206,0,28,16,0,0,5,30,0,0,125,44,3,3
0,0,158,1,3,3,55,93,1,0,16,0,0,20,24,0,0,37,53,3,1
0,0,400,3,3,3,9,14,0,1,14,1,0,18,177,0,8,19,40,10,2
0,0,179,1,2,2,36,36,0,1,11,0,0,3,22,0,0,17,26,3,3
0,0,749,1,6,8,21,596,1,0,64,3,1,19,65,0,0,74,147,17,3
0,0,87,2,2,2,224,61,1,0,16,2,0,208,36,0,5,293,166,28,3
0,0,314,4,7,7,22,67,0,2,544,3,1,27,253,0,10,41,607,16,0
0,0,52,1,3,3,24,28,0,0,8,0,1,8,23,0,0,21,26,5,2
0,160,3742,12,31,61,86,556,26,0,670,18,25,373,371,0,47,317,1355,345,3
0,0,398,5,1,2,72,102,5,0,37,4,2,181,229,0,16,190,133,54,3
0,0,308,4,3,3,49,64,0,1,18,1,0,20,186,0,9,30,54,10,3
0,0,121,1,2,2,26,40,0,0,14,0,0,7,28,0,0,22,42,3,1
0,0,65,1,0,0,1,8,0,0,10,0,0,11,27,0,0,13,24,3,4
0,0,51,1,3,3,24,28,0,0,8,0,1,8,23,0,0,21,26,5,2
0,0,170,1,3,3,5,18,0,0,16,0,0,8,33,0,0,74,40,4,1
0,0,215,1,4,4,8,77,0,0,61,0,0,13,73,8,0,153,95,4,3
0,0,57,1,0,1,82,49,1,0,10,1,0,86,21,0,0,98,107,15,3
0,0,290,3,5,5,6,147,0,1,729,1,2,44,493,0,10,72,842,25,3
0,0,286,5,7,9,52,128,0,0,25,5,1,49,74,0,0,54,87,25,0
0,0,566,3,5,5,19,138,0,1,889,1,1,22,290,0,11,48,984,13,2
0,160,2869,13,29,49,149,503,10,1,556,23,29,387,334,0,33,316,1111,338,3
0,0,62,1,3,3,30,37,0,0,10,0,2,10,24,0,0,30,31,6,2
4,43,1191,23,12,13,81,162,6,1,92,11,19,240,135,0,9,200,282,49,4
0,0,180,1,3,3,16,32,0,0,16,0,1,15,25,0,0,29,40,6,2
0,0,272,3,6,6,15,58,0,1,499,1,2,46,267,0,11,70,563,13,1
0,0,180,2,2,2,31,45,0,0,35,0,0,9,29,0,0,25,61,3,2
0,0,266,1,2,2,18,22,0,0,14,0,0,5,30,0,0,17,42,3,2
1,16,832,22,10,11,164,275,2,2,162,19,6,189,568,2,14,261,426,40,4
0,0,43,1,0,0,13,14,0,0,8,0,0,3,22,0,0,15,22,3,0
0,60,340,3,4,5,98,128,0,7,20,0,0,10,37,0,0,47,62,4,4
0,0,56,1,3,3,24,28,0,0,8,0,2,10,23,0,0,23,27,6,2
0,0,412,4,5,5,152,131,1,0,22,0,3,67,35,0,0,58,91,10,4
0,0,263,12,10,12,60,111,1,0,17,7,1,103,59,0,0,74,92,58,0
0,0,122,1,2,2,49,65,0,0,14,0,0,7,31,0,0,24,41,3,2
0,0,167,1,2,2,27,46,0,2,20,0,0,5,32,0,0,15,41,3,1
0,0,1332,3945,10,14,223,403,3,1,115,0,6,132,93,0,0,199,312,75,0
0,0,298,15,7,9,41,132,0,0,15,20,10,75,66,0,0,56,72,31,0
0,0,16,0,0,1,0,5,0,0,660,0,0,9,11,0,0,0,682,0,3
0,0,155,1,3,3,3,23,0,2,16,0,1,10,35,0,0,36,41,5,2
0,0,307,3,3,3,9,14,0,1,14,1,0,18,177,0,8,19,40,10,2
0,0,1175,14,13,48,247,268,7,0,4382,3,8,296,109,0,2,280,4945,156,3
0,0,442,3,5,5,19,117,0,1,693,1,1,22,285,0,11,46,775,13,2
1,18,849,22,10,11,172,308,2,2,164,19,6,190,583,2,14,271,431,40,4
0,0,204,3,3,3,25,42,0,1,23,1,0,20,182,0,8,25,51,10,1
0,160,2953,13,29,49,176,511,10,1,566,21,29,411,344,0,33,349,1141,338,3
0,0,1428,2,6,10,72,94,0,2,16,0,0,9,32,0,0,21,56,3,3
0,0,215,1,3,3,6,25,0,0,10,0,13,14223,60,0,0,59,42,17,1
0,0,679,1,3,4,4,52,1,0,59,8,0,9,28,0,0,44,131,14,1
0,0,1543,7,24,33,156,284,5,0,187,6,4,283,257,0,19,323,508,71,3
0,0,403,3,6,6,17,114,0,1,763,1,7,39,281,0,11,72,849,20,2
0,0,120,1,2,2,49,65,0,0,14,0,0,7,23,0,0,24,41,3,2
0,5965,1936,12,3,20,655,874,18,2,932,21,87,1065,440,0,46,1000,1850,250,3
0,0,155,2,3,3,1,2,0,0,10,1,0,7,26,0,0,17,33,3,3
0,0,59,1,3,3,24,28,0,0,8,0,3,12,23,0,0,25,28,7,2
0,0,375,3,7,7,28,210,0,1,1491,1,2,53,900,0,12,115,1660,28,4
0,0,358,6,5,9,27,129,4,1,49,11,5,49,69,0,0,75,144,17,0
0,0,105,1,2,2,16,22,0,0,14,0,0,5,22,0,0,15,34,3,2
0,0,41,1,0,0,1,2,0,0,8,0,0,3,21,0,0,11,22,3,0
0,0,874,3,5,5,19,117,0,1,682,1,1,22,285,0,10,38,763,13,2
0,0,68,1,3,3,24,31,0,0,10,0,2,10,24,0,0,35,31,6,2
0,0,174,3,4,4,23,67,0,0,58,2,2,38,62,0,0,45,91,13,0
0,0,178,1,2,2,25,39,0,0,15,0,0,5,39,0,1,49,44,3,1
0,168,3005,12,29,49,146,499,10,1,559,21,29,387,340,0,33,316,1114,338,3
0,0,245,1,2,2,43,63,0,0,15,0,0,5,31,0,0,31,44,3,2
0,0,50,1,3,3,24,28,0,0,8,0,1,8,23,0,0,21,26,5,2
0,0,51,1,3,3,24,28,0,0,8,0,1,8,23,0,0,21,26,5,2
0,0,274,3,6,8,47,59,0,2,16,0,0,5,30,0,0,21,44,3,3
0,0,309,3,3,3,9,14,0,1,14,1,0,18,177,0,8,19,40,10,2
0,0,265,1,2,2,18,22,0,0,14,0,0,5,26,0,0,17,42,3,2
1,0,185,3,5,5,38,18,1,0,11,2,6,54,28,0,0,65,72,10,4
0,0,2904,12,29,48,564,566,10,0,375,17,29,701,300,0,26,735,1154,146,3
0,0,322,1,4,5,6,55,1,0,65,0,0,12,31,0,0,59,141,14,1
0,0,560,11,5,3,47,182,0,1,76,13,15,107,246,0,8,113,158,33,0
0,160,2943,13,29,49,163,505,10,1,565,22,26,391,347,0,41,328,1130,335,3
0,0,89,2,3,3,26,39,0,0,10,0,3,17,26,0,0,37,33,8,2
3,69,2228,19,12,13,716,340,4,7,164,17,21,634,126,0,18,657,664,41,4
0,0,2894,11,29,48,551,565,10,0,375,17,26,701,296,0,34,730,1144,143,3
0,4,388,4,6,8,62,197,0,1,24,24,19,86,78,0,0,110,105,36,0
0,0,1605,26,8,11,222,273,3,0,71,6,7,148,72,0,3,199,279,19,3
0,0,52,1,3,3,24,28,0,0,8,0,1,8,23,0,0,21,26,5,2
0,64,246,2,7,9,311,136,1,0,25,5,2,257,47,0,0,301,329,9,0
0,0,93,1,3,3,26,33,0,0,10,0,3,12,24,0,0,33,32,7,2
0,0,228,1,2,2,21,29,0,1,15,0,0,5,26,0,0,17,42,3,3
0,0,124,1,2,2,41,51,0,0,14,0,0,7,23,0,0,20,33,3,2
0,0,488,8,9,12,106,151,2,0,69,1,11,168,71,0,0,194,270,67,0
0,0,872,3,5,5,19,121,0,1,699,1,1,22,281,0,10,38,781,13,2
0,0,666,17,14,16,718,899,0,12,20,21,0,608,149,0,0,292,295,182,0
0,8,783,5,21,33,304,419,2,12,563,3,3,181,283,0,12,116,870,35,4
0,0,51,1,3,3,24,28,0,0,8,0,1,8,23,0,0,21,26,5,2
0,0,417,6,7,8,114,286,1,0,116,2,2,51,406,0,10,107,237,29,4
0,0,183,1,3,3,1,5,0,0,8,0,0,6,23,0,0,29,25,4,1
0,0,16,0,0,1,0,5,0,0,731,0,0,10,12,0,0,0,755,0,3
0,0,52,1,3,3,18,22,0,0,9,0,2,10,23,0,0,27,29,6,2
0,0,170,1,3,3,5,18,0,0,16,0,0,8,33,0,0,74,40,4,1
0,160,2888,14,30,50,147,502,10,1,569,23,27,404,343,0,39,327,1115,334,3
0,0,454,5,10,12,29,104,0,2,667,5,3,77,330,0,11,80,762,96,0
0,0,56,1,0,0,1,2,0,0,9,0,0,3,21,0,0,11,24,3,1
0,0,310,3,5,5,6,146,0,1,729,1,2,44,495,0,10,72,842,25,3
0,160,2996,13,29,49,176,510,10,1,568,21,26,405,351,0,41,346,1140,335,3
0,0,85,0,2,2,45,48,0,0,2,5,0,1,11,0,1,20,50,0,1
0,0,51,1,3,3,24,28,0,0,8,0,1,8,23,0,0,21,26,5,2
0,0,376,12,4,4,31,146,0,3,688,1,8,104,305,0,10,125,754,21,0
0,0,746,1,6,8,21,580,1,0,64,3,1,19,68,0,0,74,147,17,3
0,0,298,3,6,6,61,218,0,1,1008,1,5,54,681,0,10,152,1153,98,3
0,0,473,26,5,5,757,633,1,7,25,27,47,534,177,0,0,557,371,62,0
0,0,253,1,2,2,37,41,0,0,14,0,0,5,26,0,0,17,41,3,2
0,0,92,1,0,0,3,7,0,0,9,0,1,9,23,0,0,25,24,4,3
0,0,130,1,3,3,34,47,0,0,14,0,0,34,28,0,0,22,44,4,1
97,16,1747,19,9,10,326,291,3,4,92,27,29,344,199,3,10,451,521,61,4
0,0,590,22,0,14,61,269,16,0,118,17,2,178,144,0,3,202,322,38,3
0,0,498,1,3,3,6,71,0,0,21,0,4,16,28,0,0,37,50,8,1
98,19,1033,36,15,17,283,586,4,9,2107,22,28,247,1176,0,18,288,2479,78,4
0,0,132,1,2,2,11,61,0,0,15,0,0,33,40,0,0,50,37,3,1
0,0,38,2,4,5,2,8,0,0,8,0,0,5,28,0,0,21,27,5,1
0,4,1224,5,5,23,766,590,3,16,24,1,9,324,55,3,1,446,288,19,4
0,0,56,1,0,0,1,2,0,0,9,0,0,3,21,0,0,11,24,3,1
0,0,57,1,3,3,1,0,0,0,8,0,0,5,23,0,38,19,23,3,3
0,0,258,1,2,2,18,22,0,0,14,0,0,5,30,0,0,17,42,3,2
0,0,352,1,4,4,107,105,1,2,15,0,2,29,35,1,0,45,65,7,4
0,160,3003,13,29,49,148,500,10,1,556,21,29,387,334,0,33,316,1111,338,3
0,0,549,14,19,23,342,274,4,0,713,11,11,381,427,0,14,468,1063,82,0
0,0,155,2,3,3,1,2,0,0,10,1,0,7,26,0,0,17,33,3,3
0,0,174,1,2,2,17,28,0,0,15,0,0,5,27,0,0,17,37,3,2
0,0,216,1,3,3,7,26,0,0,10,0,20,11210,58,0,0,66,49,24,1
0,0,395,3,5,5,34,131,0,1,587,1,13,56,260,13,10,105,652,24,1
0,0,958,3,5,5,19,130,0,1,670,1,1,22,284,0,10,38,753,13,2
0,0,492,1,4,5,44,109,1,0,68,0,5,35,37,0,0,59,175,28,0
0,0,206,2,3,3,112,120,1,0,11,0,0,87,62,0,7,133,94,3,1
0,0,397,1,2,2,139,179,0,0,16,0,0,5,33,0,0,49,48,3,1
0,0,466,3,5,5,43,179,0,2,1203,1,3,54,2224,0,10,110,1338,85,3
0,0,2671,1,3,3,7,20,0,0,18,0,0,6,39,0,0,19,42,3,4
0,0,461,6,10,12,377,323,0,1,1021,7,9,118,295,0,11,147,1128,50,0
0,0,512,6,12,15,128,244,0,0,76,1,6,58,294,0,10,90,147,23,0
0,0,139,1,2,2,13,53,0,0,15,0,0,27,37,0,0,44,37,3,1
2,17,1043,70,31,39,634,627,10,16,166,36,55,1115,368,0,10,738,888,105,4
0,0,325,4,3,3,37,54,0,1,18,1,0,20,186,0,9,30,55,10,3
0,0,141,1,2,2,1,14,0,0,9,0,0,3,29,0,6,23,26,3,1
0,0,315,4,3,3,64,81,0,1,18,1,0,20,182,0,9,30,54,10,3
0,0,320,3,7,7,96,255,1,1,68,1,2,84,619,0,11,130,326,17,0
0,0,354,3,6,6,76,237,0,1,999,1,1,51,1462,0,10,153,1218,25,3
0,0,880,3,5,5,19,118,0,1,735,1,1,22,281,0,10,38,818,13,2
0,0,43,1,3,3,13,16,0,0,8,0,0,6,23,0,0,18,25,4,0
0,0,90,2,3,3,28,41,0,0,10,0,2,15,26,0,0,41,32,7,2
0,0,163,1,2,2,15,25,0,0,30,0,0,5,32,0,0,21,55,3,2
0,0,2902,11,29,48,525,563,10,0,375,18,29,671,300,0,26,699,1134,146,3
2,17,738,21,16,17,453,289,5,6,64,39,41,399,240,8,12,467,560,59,4
0,0,211,4,3,3,227,71,1,0,20,3,5,437,201,0,21,309,187,69,3
0,0,1170,25,7,8,1124,1231,1,6,1258,7,8,87,547,0,10,157,1459,33,4
0,0,52,1,3,3,24,28,0,0,8,0,1,8,23,0,0,21,26,5,2
0,0,123,1,3,3,125,22,1,0,11,0,0,97,27,0,0,135,99,3,1
0,0,265,1,2,2,18,22,0,0,14,0,0,5,26,0,0,17,42,3,2
3,40,1011,16,18,22,136,157,17,0,107,16,61,283,127,1,5,296,377,81,4
0,0,59,1,3,3,24,28,0,0,9,0,2,10,23,0,0,27,29,6,2
0,0,154,1,2,2,15,25,0,0,15,0,0,5,27,0,0,21,37,3,2
0,0,215,1,7,10,31,42,0,0,15,0,0,8,26,0,0,15,40,5,3
0,0,85,1,2,2,1,0,0,0,39,0,0,3,31,0,0,15,58,3,1
0,0,412,2,4,4,116,148,0,0,14,0,0,9,34,0,0,33,45,4,4
0,0,94,0,2,2,44,47,0,0,2,5,0,1,19,0,1,20,50,0,2
0,0,436,9,10,12,106,250,0,2,785,6,6,125,302,0,11,162,882,41,0
0,0,69,1,0,0,7,14,0,0,14,0,0,5,22,0,0,19,40,3,0
0,160,2951,13,29,49,146,499,10,1,744,21,29,395,392,0,33,316,1301,338,3
0,0,120,1,2,2,49,65,0,0,14,0,0,7,27,0,0,24,41,3,2
0,0,297,3,3,3,9,14,0,1,14,1,0,18,177,0,8,19,40,10,2
0,0,237,3,3,3,21,44,0,1,19,1,0,28,193,0,8,47,57,10,2
0,0,1041,8,10,12,44,126,3,1,121,3,11,88,202,0,8,129,299,46,3
0,0,268,1,2,2,18,22,0,0,14,0,0,5,26,0,0,17,42,3,2
0,0,78,1,2,2,4,11,0,0,14,0,0,5,21,0,0,17,34,3,1
0,0,223,1,3,3,5,12,0,0,10,0,7,22,52,0,0,53,36,11,1
0,0,237,4,0,0,53,61,1,0,20,7,2,92,187,0,10,88,97,26,3
0,3,517,9,8,8,116,278,1,3,915,1,8,139,409,0,11,216,1097,32,1
0,0,94,0,2,2,44,48,0,0,2,5,0,1,11,0,1,20,50,0,2
1,0,2254,9,19,22,53,66,4,0,61,5,4,83,45,0,0,94,188,29,4
0,0,58,1,0,1,84,50,1,0,10,1,0,88,21,0,0,100,109,15,3
0,159,4237,19,32,68,1061,832,32,0,558,21,37,1429,379,0,61,1375,1893,413,3
0,3,8656,18,5,7,78,235,1,5,95,9,13,99,251,0,8,100,208,27,4
0,0,51,1,3,3,24,28,0,0,8,0,1,8,23,0,0,21,26,5,2
0,0,54,1,3,3,24,28,0,0,8,0,3,12,23,0,0,25,28,7,2
0,0,150,1,3,3,17,28,0,0,16,0,0,7,22,0,0,25,46,3,2
0,0,239,4,0,0,53,61,1,0,20,7,2,92,191,0,10,88,97,26,3
0,0,120,1,3,3,22,32,0,0,15,0,0,8,23,0,0,23,45,4,1
0,0,144,2,3,3,4,5,0,0,10,1,0,6,27,0,0,17,30,3,3
0,0,67,1,0,0,2,3,0,0,8,0,0,3,21,0,0,15,22,3,3
0,0,49,1,3,3,24,28,0,0,8,0,1,8,23,0,0,21,26,5,2
0,0,943,3,5,5,19,127,0,1,771,1,1,22,284,0,10,38,856,13,2
0,0,124,1,3,3,125,22,1,0,11,0,0,97,27,0,0,135,99,3,1
0,0,156,1,2,2,15,27,0,0,15,0,0,5,27,0,0,21,37,3,2
0,0,175,2,2,2,31,45,0,0,35,0,0,9,29,0,0,21,61,3,2
0,0,840,5,9,14,16,127,5,0,240,0,3,132,61,0,1,187,376,57,3
3,154,3303,27,21,41,655,1630,5,6,1436,59,169,987,829,17,29,907,2475,170,4
3,32,3377,20,14,16,1236,450,7,6,127,52,68,1170,80,17,5,1302,1357,99,4
0,0,84,3,3,3,28,41,0,0,10,0,2,15,26,0,0,35,32,7,2
0,0,92,1,3,3,26,33,0,0,10,0,3,12,24,0,0,33,32,7,2
0,0,177,2,2,2,31,45,0,0,35,0,0,9,29,0,0,21,61,3,2
0,0,232,1,1,1,2552,209,1,0,16,0,0,1969,51,0,0,2373,1414,3,1
2,45,958,19,17,18,349,243,12,5,105,20,30,350,128,0,7,391,436,51,4
0,0,341,3,7,7,133,340,1,3,71,6,2,63,633,0,11,106,322,17,0
0,160,2971,14,29,49,135,498,10,1,738,21,29,373,378,0,33,295,1282,338,3
0,0,442,3,5,5,19,131,0,1,679,1,1,22,283,0,10,48,764,13,2
0,0,269,1,3,3,29,39,0,0,15,0,0,73,55,0,0,79,44,3,1
0,0,628,4,7,10,52,151,2,0,77,3,10,430,216,0,26,152,223,102,3
0,3,665,31,9,11,114,209,1,4,33,14,18,183,85,0,8,134,411,45,3
0,0,215,1,3,3,5,12,0,0,10,0,7,22,52,0,0,53,36,11,1
0,0,116,2,3,3,2,29,0,0,9,0,1,14,62,0,0,35,28,7,1
0,0,145,2,3,3,4,5,0,0,10,1,0,6,27,0,0,17,30,3,3
0,0,236,3,10,14,20,30,1,2,19,1,1,36,46,0,0,56,66,7,3
0,0,59,1,3,3,31,35,0,0,8,0,3,12,23,0,0,25,28,7,2
0,3,865,3,4,4,211,160,1,1,25,2,0,102,34,1,0,143,160,4,4
0,0,2917,11,29,48,551,569,10,0,375,18,26,685,301,0,34,720,1145,143,3
0,0,126,2,2,2,31,42,0,0,14,0,0,9,29,0,0,21,35,3,2
0,0,89,1,2,2,14,19,0,0,14,0,0,5,21,0,0,15,34,3,2
0,6,1253,1,21,35,3,48,3,4,212,6,1,18,37,0,1,341,281,7,4
0,0,57,1,3,3,24,28,0,0,8,0,3,12,23,0,0,25,28,7,2
3,16,13683,19,0,0,7,85,2,1,57,10,5,137,94,0,2,64,133,35,4
0,0,156,1,2,2,15,27,0,0,15,0,0,5,27,0,0,21,37,3,2
0,0,316,4,4,4,43,85,0,2,28,3,2,34,191,0,8,36,74,14,0
0,160,2604,13,25,43,185,458,8,1,496,22,25,406,335,0,32,342,1013,309,3
0,0,53,1,3,3,24,28,0,0,8,0,1,8,23,0,0,21,26,5,2
0,0,286,3,5,5,7,151,0,1,784,1,2,44,496,0,11,72,896,25,3
0,0,393,3,5,5,17,96,0,1,69,1,1,22,280,0,10,40,127,13,2
0,0,3468,33,18,46,329,554,7,0,5590,4,24,506,125,0,4,765,6527,13244,3
0,0,31,1,3,3,1,0,0,0,8,0,0,5,23,0,6,19,23,3,3
2,32,477,25,4,14,464,336,6,0,91,40,41,579,90,12,7,539,631,57,4
0,0,170,1,3,3,5,18,0,0,16,0,0,8,33,0,0,74,40,4,1
1,1,791,35,14,24,962,468,5,1,86,6,6,831,247,0,10,973,1080,38,4
0,0,267,3,4,4,33,80,0,1,533,1,0,23,233,0,10,36,583,11,1
0,0,293,1,3,3,29,39,0,0,15,0,0,73,59,0,0,79,44,3,1
0,0,255,1,2,2,43,65,0,0,15,0,0,5,27,0,0,31,44,3,2
0,0,217,4,4,4,25,53,0,0,22,9,3,30,50,0,0,34,60,10,0
0,0,535,6,6,7,61,185,1,1,793,2,2,54,404,0,10,103,929,28,4
0,0,93,1,3,3,26,33,0,0,10,0,3,12,24,0,0,39,32,7,2
0,0,980,46,7,8,366,603,1,8,1887,16,8,123,866,0,10,196,2163,34,4
0,0,136,1,0,2,2,14,1,0,18,2,0,10,27,0,1,17,49,17,0
0,0,132,11,0,0,22,48,0,0,14,6,3,45,42,0,0,45,35,12,0
0,0,116,3,2,2,14,31,0,0,14,0,0,7,25,0,0,20,33,3,4
4,19,1915,18,15,17,27,140,3,1,106,16,24,190,91,0,5,148,268,48,4
0,0,56,1,0,0,1,2,0,0,9,0,0,3,21,0,0,11,24,3,1
0,0,51,1,3,3,24,28,0,0,8,0,1,8,23,0,0,21,26,5,2
0,0,52,1,3,3,24,28,0,0,8,0,1,8,23,0,0,21,26,5,2
0,0,30,1,2,2,1,2,0,0,8,0,0,3,21,0,0,21,23,3,1
0,0,476,3,5,5,19,137,0,1,802,1,1,22,295,0,11,48,894,13,2
0,3,321,4,6,6,9,47,0,3,627,1,2,44,252,0,10,72,695,19,2
0,0,55,1,3,3,24,28,0,0,8,0,1,8,23,0,0,21,26,5,2
0,0,56,1,3,3,24,28,0,0,8,0,3,12,23,0,0,25,28,7,2
0,0,119,1,2,2,49,65,0,0,14,0,0,7,23,0,0,24,41,3,2
0,0,421,3,6,6,41,63,0,2,18,1,0,27,182,0,8,22,61,10,3
0,0,337,2,7,8,46,75,0,1,23,0,5,38,36,0,0,28,70,14,3
0,0,295,3,5,5,6,145,0,1,804,1,2,44,502,0,11,72,918,25,3
0,0,55,1,3,3,24,28,0,0,8,0,3,12,23,0,0,25,28,7,2
0,0,253,1,2,2,17,22,0,0,14,0,0,5,26,0,0,17,34,3,2
0,0,1159,13,19,22,332,204,2,0,89,2,26,559,72,0,5,478,505,86,3
0,0,81,0,2,2,44,47,0,0,2,5,0,1,7,0,1,20,50,0,1
0,0,151,1,2,2,11,61,0,0,15,0,0,33,40,0,0,50,37,3,1
0,0,66,1,0,0,92,9,1,0,9,0,0,73,31,0,0,97,70,3,1
0,3,609,1,5,11,74,103,7,1,109,0,15,96,44,0,1,144,296,36,3
0,11,756,37,7,8,89,277,1,6,201,16,2,81,807,0,14,156,393,32,4
2,32,2953,30,14,20,1578,338,6,1,169,11,34,1378,145,0,6,1601,1257,64,4
0,0,162,1,2,2,15,27,0,0,15,0,0,5,23,0,0,27,36,3,2
0,0,423,11,11,13,8,174,0,1,791,14,6,212,422,0,12,103,976,146,0
0,0,448,9,8,11,302,258,3,0,46,8,6,309,113,0,10,529,276,28,3
0,0,971,3,8,10,52,162,2,0,122,0,10,47,35,0,0,92,272,37,3
0,0,56,1,3,3,24,28,0,0,8,0,3,12,23,0,0,25,28,7,2
0,0,380,1,2,2,128,182,0,0,15,0,0,9,39,0,0,51,43,3,1
0,0,531,72,0,6,516,466,8,0,48,7,2,460,160,0,6,578,529,42,3
0,0,197,3,5,5,8,47,0,1,540,1,2,41,244,0,10,58,603,19,3
0,26,256,4,5,7,18,106,0,0,24,8,6,69,67,0,0,66,89,20,0
0,0,123,1,3,3,33,61,0,0,14,0,0,16,29,0,0,33,44,4,2
0,0,153,1,3,3,16,27,0,0,16,0,0,10,24,0,0,20,38,4,2
0,0,391,4,6,6,71,161,0,2,1130,7,6,61,393,0,10,105,1229,38,1
0,0,193,3,5,5,7,50,0,1,622,1,2,43,264,0,10,61,691,13,4
0,25,909,5,12,21,163,257,1,10,45,3,14,75,70,0,6,156,193,20,4
0,0,196,3,3,3,9,55,0,1,547,1,0,22,248,0,11,21,599,10,3
0,0,176,2,2,2,31,45,0,0,35,0,0,9,29,0,0,21,61,3,2
20,29,753,31,6,7,433,420,2,0,46,0,17,172,75,0,2,301,228,5,4
0,0,55,1,3,3,24,28,0,0,8,0,3,12,23,0,0,25,28,7,2
0,0,275,1,3,3,29,39,0,0,15,0,0,73,55,0,0,79,44,3,1
0,0,162,1,3,3,17,25,0,0,16,0,0,7,22,0,0,25,46,3,2
0,0,148,1,3,3,1,21,0,0,50,0,0,6,46,0,0,31,77,4,1
0,0,33,1,3,3,1,0,0,0,8,0,0,4,22,0,3,15,23,3,3
0,0,51,1,3,3,24,28,0,0,8,0,1,8,23,0,0,21,26,5,2
0,0,53,1,3,3,24,28,0,0,8,0,1,8,23,0,0,21,26,5,2
0,0,386,3,5,5,17,112,0,1,776,1,1,22,265,0,11,48,867,13,2
0,0,41,2,4,5,2,8,0,0,8,0,0,5,28,0,0,21,27,5,1
0,0,124,2,2,2,31,42,0,0,14,0,0,9,25,0,0,21,35,3,2
3,20,696,15,11,14,345,277,3,5,52,26,25,282,62,4,5,351,383,44,4
0,0,219,1,3,3,5,12,0,0,10,0,8,14181,54,0,0,54,37,12,1
0,0,1514,7,24,33,156,286,5,0,187,6,8,274,257,0,15,312,511,74,3
0,0,300,4,1,3,230,102,2,0,38,5,5,474,217,0,31,326,222,90,3
0,0,218,1,3,3,5,12,0,0,10,0,8,14159,54,0,0,54,37,12,1
0,0,56,1,0,0,1,2,0,0,9,0,0,3,21,0,0,11,24,3,1
0,0,2906,11,29,48,538,562,10,0,374,19,29,681,300,0,26,711,1140,146,3
0,0,122,1,3,3,33,61,0,0,14,0,0,16,29,0,0,33,44,4,2
1,28,1546,125,1,48,668,965,22,8,295,35,10,552,302,0,15,481,779,47,4
0,0,541,5,8,9,109,124,2,1,73,2,7,141,226,0,22,158,226,29,3
1,4,719,13,6,7,65,113,2,1,77,8,4,118,206,0,9,152,232,28,4
0,61,1124,38,16,20,509,580,2,0,514,7,33,448,519,0,11,498,852,56,4
0,0,67,1,0,0,2,3,0,0,8,0,0,3,21,0,0,15,22,3,3
0,0,52,1,3,3,24,28,0,0,8,0,1,8,23,0,0,21,26,5,2
0,0,543,7,15,26,40,117,0,1,821,5,7,90,367,0,11,87,936,141,0
0,0,257,1,4,4,21,92,0,0,23,0,17,50,68,16,0,92,65,21,1
0,0,55,1,3,3,24,28,0,0,8,0,3,12,23,0,0,25,28,7,2
0,0,428,5,1,2,72,102,5,0,37,4,2,182,226,0,19,194,133,54,3
0,0,389,3,6,6,17,113,0,1,725,1,7,39,281,0,11,72,810,20,2
0,0,56,1,3,3,24,28,0,0,8,0,3,12,23,0,0,25,28,7,2
0,0,525,2,5,7,10,98,2,0,117,0,3,20,32,0,0,76,246,51,2
0,0,147,1,3,3,5,15,0,0,16,0,0,8,31,0,1,32,40,4,2
0,0,311,3,5,5,6,144,0,1,730,1,2,44,503,0,10,72,842,25,3
0,0,34,1,0,0,1,2,0,0,8,0,0,3,21,0,0,11,22,3,4
0,0,55,1,3,3,24,28,0,0,8,0,3,12,23,0,0,25,28,7,2
0,160,3828,12,32,70,182,637,30,0,501,21,38,722,351,0,59,452,1301,388,3
0,0,215,1,3,3,5,12,0,0,10,0,7,22,52,0,0,53,36,11,1
0,0,150,1,3,3,1,6,0,0,35,0,0,6,28,0,0,33,59,4,1
0,0,799,5,10,14,133,184,3,0,118,1,11,149,52,0,0,178,360,71,0
0,0,46,1,0,1,56,36,1,0,10,1,0,60,21,0,0,72,81,15,3
0,0,646,7,21,29,191,288,1,0,45,1,15,206,112,0,0,163,250,23,4
0,0,222,1,0,0,17,172,0,0,26,0,0,29,75,0,0,94,41,3,1
0,0,166,1,0,0,49,55,0,2,8,0,0,3,24,0,0,27,22,3,0
0,0,155,1,3,3,56,46,1,0,18,0,0,27,30,0,0,56,62,3,1
0,0,83,1,2,2,16,23,0,0,14,0,0,5,22,0,0,15,34,3,2
0,0,2236,2,12,26,258,422,10,0,351,5,49,497,98,0,0,596,943,238,0
1,9,970,55,410,515,1211,1038,1,15,67,268,81,764,63,30,2,1431,972,92,4
0,10,383,12,9,10,171,81,1,2,34,5,5,173,83,2,1,186,201,19,4
1,0,323,4,4,4,40,53,0,1,9,6,6,26,28,2,0,26,37,11,4
0,0,750,17,13,50,362,218,2,0,103,5,4,317,89,0,12,326,411,121,1
0,0,583,25,0,14,64,283,16,0,118,15,2,180,148,0,3,209,325,38,3
1,21,638,12,0,14,236,215,6,5,69,6,9,305,70,0,4,238,235,47,4
0,0,52,1,3,3,24,28,0,0,8,0,1,8,23,0,0,21,26,5,2
0,0,888,7,0,4,60,177,3,0,86,4,6,223,239,0,16,394,246,110,3
0,0,56,1,0,0,1,2,0,0,9,0,0,3,21,0,0,11,24,3,1
0,0,392,5,19,22,21,51,0,0,24,1,0,68,34,0,0,66,74,13,3
2,3,2969,5,8,9,673,233,3,2,79,3,16,194,155,0,1,271,323,56,4
0,0,120,1,2,2,49,65,0,0,14,0,0,7,23,0,0,24,41,3,2
0,0,56,1,0,0,1,2,0,0,9,0,0,3,21,0,0,11,24,3,1
0,0,774,82,5,6,137,315,1,2,179,82,2,109,415,0,11,456,354,28,4
0,0,312,3,5,5,31,93,0,5,796,1,2,46,540,0,11,88,896,28,3
0,0,259,4,4,4,59,73,0,0,18,1,0,27,194,0,8,23,58,10,1
0,0,316,3,5,5,31,96,0,5,831,1,2,46,535,0,11,88,932,28,3
0,0,222,2,4,4,52,87,0,1,15,1,0,30,40,0,0,40,53,10,0
0,0,433,2,3,3,18,49,0,0,25,2,0,11,32,0,0,27,59,7,0
0,0,36,1,1,1,1,9,0,0,8,0,0,7,25,0,0,15,26,3,0
0,0,919,24,12,15,306,629,7,17,1230,2,3,146,520,0,11,212,1413,20,0
0,0,103,2,3,3,18,31,0,0,10,0,3,17,26,0,0,37,33,8,2
0,0,38,2,4,5,2,8,0,0,8,0,0,5,28,0,0,21,27,5,1
0,0,55,1,3,3,24,28,0,0,8,0,3,12,23,0,0,25,28,7,2
0,0,257,1,2,2,43,63,0,0,15,0,0,5,27,0,0,31,44,3,2
0,0,55,1,3,3,24,28,0,0,8,0,3,12,23,0,0,25,28,7,2
1,0,143,4,0,0,1,12,0,0,15,1,1,15,26,0,0,22,33,16,4
0,0,269,3,6,6,15,58,0,1,541,1,2,46,256,0,11,70,607,13,2
0,0,155,1,2,2,15,27,0,0,15,0,0,5,27,0,0,21,37,3,2
0,0,500,12,10,10,132,755,1,2,1749,19,22,195,1277,0,23,288,2251,61,0
0,0,200,2,3,3,18,40,0,0,25,2,0,11,36,0,0,27,59,7,0
0,0,139,3,3,3,48,29,1,0,10,0,0,37,29,0,0,65,62,3,1
0,0,151,1,3,3,16,27,0,0,16,0,0,10,24,0,0,20,38,4,2
0,0,56,1,0,0,1,2,0,0,9,0,0,3,21,0,0,11,24,3,1
0,0,420,2,7,11,3,83,2,0,94,4,1,38,52,0,0,71,189,15,3
0,0,269,1,3,3,28,38,0,0,16,0,0,35,32,0,0,79,46,3,1
3,61,1271,12,13,15,442,235,4,7,79,11,31,351,121,6,6,405,372,43,4
0,0,271,1,4,5,3,50,1,0,69,0,0,14,32,0,0,43,144,14,3
0,0,125,1,2,2,12,22,0,0,15,0,0,5,27,0,0,15,37,3,2
0,160,3983,12,36,66,225,620,12,0,490,21,43,783,338,0,56,502,1258,417,3
0,0,126,1,3,3,125,22,1,0,11,0,0,97,27,0,0,135,99,3,1
0,0,229,8,3,5,26,109,0,0,35,2,0,132,67,0,0,49,74,180,2
0,0,340,1,3,4,2,43,1,0,58,0,0,14,39,0,9,41,125,14,1
0,0,120,1,2,2,49,65,0,0,14,0,0,7,23,0,0,24,41,3,2
0,0,732,8,16,20,154,116,5,0,32,3,12,214,61,1,0,220,238,32,3
0,0,161,1,3,3,56,46,1,0,18,0,0,27,30,0,0,56,62,3,1
0,160,3166,11,28,58,159,593,30,0,810,19,31,402,406,0,34,339,1502,341,3
0,0,277,6,9,11,26,67,0,1,72,6,4,159,208,0,8,73,153,119,0
0,0,387,3,6,6,17,120,0,1,763,1,7,39,281,0,11,72,849,20,2
0,0,106,1,2,2,4,3,0,0,10,0,0,3,22,0,0,14,25,3,2
0,0,319,3,6,6,16,75,0,2,549,1,5,39,248,0,11,81,612,19,2
0,3,1469,1,30,49,9,110,3,4,216,6,2,25,50,0,1,608,418,10,4
0,0,195,3,0,1,8,25,0,0,16,1,0,39,184,0,8,46,44,20,3
0,0,59,1,0,0,1,2,0,0,9,0,0,3,21,0,0,11,24,3,1
0,0,51,1,3,3,24,28,0,0,8,0,1,8,23,0,0,21,26,5,2
0,0,69,1,3,3,37,41,0,0,8,0,0,6,27,0,0,20,25,4,2
0,0,1695,42,23,31,319,456,4,5,2212,7,30,601,415,0,12,496,2842,336,0
2,18,1129,15,13,14,96,190,3,0,59,16,29,185,85,0,3,98,168,31,4
0,0,35,1,0,0,1,2,0,0,8,0,0,3,21,0,0,11,22,3,1
0,0,533,9,5,17,262,202,13,0,115,1,1,81,232,0,8,121,311,12,0
0,0,217,1,3,3,5,12,0,0,10,0,7,22,52,0,0,53,36,11,1
0,0,331,1,4,5,6,55,1,0,64,0,0,12,31,0,0,52,139,14,1
0,0,296,2,5,5,81,112,1,1,16,1,2,46,54,0,0,78,76,13,0
0,0,22,1,0,0,1,2,0,0,8,0,0,3,21,0,0,13,22,3,0
0,3,604,1,5,11,74,103,7,1,109,0,15,96,44,0,1,140,296,36,3
0,0,86,2,3,3,26,39,0,0,10,0,3,17,26,0,0,43,33,8,2
0,0,323,4,3,3,64,81,0,1,18,1,0,20,182,0,9,30,54,10,3
0,0,364,5,2,6,41,110,4,0,47,0,0,21,47,0,0,37,117,3,0
0,0,306,3,5,5,6,154,0,1,748,1,2,44,493,0,10,72,861,25,3
0,0,112,1,2,2,16,23,0,0,14,0,0,5,26,0,0,15,34,3,2
0,3,594,1,5,11,74,103,7,1,109,0,15,96,44,0,1,140,296,36,3
0,0,399,3,6,6,17,114,0,1,778,1,7,39,274,0,11,72,865,20,2
0,0,126,1,2,2,17,25,0,0,14,0,0,7,25,0,0,18,34,3,2
3,30,1387,26,16,18,432,267,3,5,95,24,29,460,257,1,15,485,562,49,4
5,30,1223,54,15,16,401,476,6,11,136,45,41,284,445,1,16,340,434,80,4
0,0,259,5,0,0,105,202,1,0,82,20,6,184,65,0,12,312,162,21,3
0,0,159,1,2,2,1,5,0,0,10,0,0,13,28,0,0,26,27,19,1
0,0,56,1,3,3,24,28,0,0,8,0,3,12,23,0,0,25,28,7,2
0,0,1696,29,11,16,243,344,3,1,70,7,7,166,233,0,10,221,284,26,3
0,0,429,1,2,2,215,250,0,0,16,0,0,5,33,0,0,45,46,3,1
0,0,1581,9,10,11,404,505,2,11,66,1,26,315,290,0,8,303,487,26,3
0,0,420,1,2,2,139,180,0,0,16,0,0,5,29,0,0,49,48,3,1
0,0,245,1,2,2,17,22,0,0,14,0,0,5,26,0,0,17,34,3,2
0,0,1020,4,0,0,12,31,0,0,23,1,1,51,36,0,1,49,59,49,3
0,0,94,1,3,3,26,33,0,0,10,0,3,12,24,0,0,39,32,7,2
0,0,2906,11,29,48,525,563,10,0,375,18,29,671,296,0,26,699,1133,146,3
0,0,271,1,2,2,18,22,0,0,14,0,0,5,30,0,0,17,42,3,2
0,0,241,3,10,14,20,30,1,2,19,1,1,36,42,0,0,58,66,7,3
1,0,637,7,3,3,122,170,0,1,20,5,7,43,44,0,0,42,59,15,4
0,0,36,1,0,0,1,2,0,0,8,0,0,3,21,0,0,11,22,3,3
0,4,567,8,0,3,89,77,3,0,31,2,2,146,47,0,2,97,111,40,3
0,0,394,3,6,6,2435,259,1,1,889,1,1,1895,246,0,10,2298,2281,16,1
0,0,57,1,3,3,24,28,0,0,8,0,3,12,23,0,0,25,28,7,2
0,0,52,1,3,3,24,28,0,0,8,0,1,8,23,0,0,21,26,5,2
0,0,470,3,0,6,58,1077,5,0,54,4,0,205,251,0,16,254,156,27,3
0,0,119,1,2,2,49,65,0,0,14,0,0,7,27,0,0,24,41,3,2
1,7,1873,15,13,17,251,310,8,2,83,3,17,219,188,0,9,252,355,51,4
0,0,2074,2,6,14,301,325,8,0,332,6,18,317,67,0,0,484,994,132,0
0,0,69,0,2,2,44,48,0,0,2,5,0,1,7,0,1,20,50,0,1
0,0,170,1,3,3,5,18,0,0,16,0,0,8,33,0,0,74,40,4,1
0,0,205,2,3,3,112,120,1,0,11,0,0,87,62,0,7,133,94,3,1
0,0,222,1,3,3,5,12,0,0,10,0,8,13652,54,0,0,54,37,12,1
0,0,352,3,3,3,9,13,0,1,13,1,0,18,177,0,8,19,38,10,2
0,0,53,1,3,3,24,28,0,0,8,0,2,10,23,0,0,23,27,6,2
0,0,40,1,0,0,1,2,0,0,8,0,0,3,21,0,0,11,22,3,0
0,0,211,3,5,5,15,51,0,1,570,1,2,41,254,0,10,58,632,16,3
0,0,56,1,3,3,24,28,0,0,8,0,2,10,23,0,0,23,27,6,2
0,0,825,1,4,4,408,507,0,0,116,0,3,22,39,0,0,268,161,7,3
0,0,298,3,5,5,202,102,1,1,597,1,3,171,265,0,11,235,782,14,1
0,0,214,2,3,3,18,40,0,0,25,2,0,11,32,0,0,27,59,7,0
0,0,375,1,4,5,6,55,1,0,65,0,0,12,46,0,0,93,141,14,1
0,0,289,1,4,4,158,124,1,0,15,0,0,79,25,0,0,78,86,56,0
0,0,143,2,3,3,4,5,0,0,10,1,0,6,27,0,0,21,30,3,3
0,0,938,5,12,14,13,254,2,1,1198,2,12,88,2397,0,10,169,1445,62,3
0,0,16,0,0,1,0,5,0,0,733,0,0,10,12,0,0,0,755,0,3
0,0,53,1,3,3,24,28,0,0,8,0,1,8,23,0,0,21,26,5,2
0,0,155,1,2,2,15,25,0,0,15,0,0,5,31,0,0,21,37,3,2
0,0,55,1,3,3,24,28,0,0,8,0,3,12,23,0,0,25,28,7,2
0,0,385,3,6,6,17,114,0,1,727,1,7,39,282,0,11,72,812,20,2
0,0,62,1,3,3,30,37,0,0,10,0,2,10,24,0,0,30,31,6,2
4,19,1634,19,18,20,280,179,7,0,96,14,64,387,108,1,5,350,416,94,4
0,0,119,1,2,2,49,65,0,0,14,0,0,7,23,0,0,24,41,3,2
0,0,83,1,2,2,1,2,0,0,8,0,0,3,21,0,0,9,23,3,4
2,26,819,25,25,42,1629,293,5,4,55,15,15,1362,172,0,13,1667,1724,127,4
0,0,374,3,3,3,132,273,0,1,405,1,0,24,292,0,10,52,469,12,1
0,3,599,1,5,11,74,103,7,1,109,0,15,96,48,0,1,140,296,36,3
0,0,143,1,2,2,3,14,0,0,12,16,0,7,25,0,2,23,32,6,1
0,0,312,4,5,11,53,75,0,3,18,1,0,22,185,0,8,26,62,10,3
0,0,377,3,6,6,19,129,0,1,718,1,7,39,286,0,11,62,805,20,2
0,0,297,3,5,5,7,146,0,1,748,1,2,44,493,0,10,72,859,25,3
0,0,67,1,0,0,2,3,0,0,8,0,0,3,21,0,0,15,22,3,3
0,0,222,2,4,4,50,85,0,1,15,1,1,32,43,0,1,41,54,11,0
0,0,119,1,2,2,49,65,0,0,14,0,0,7,23,0,0,24,41,3,2
3,21,1932,22,14,19,453,361,9,8,113,15,59,559,138,2,4,764,702,90,4
0,0,328,1,4,5,6,55,1,0,64,0,0,12,31,0,0,52,139,14,1
0,0,88,0,2,2,44,47,0,0,2,5,0,1,11,0,1,20,50,0,2
0,0,405,5,1,2,98,105,5,0,37,4,2,201,224,0,16,214,146,54,3
0,0,113,2,3,3,2,29,0,0,9,0,1,14,57,0,0,35,28,7,1
0,0,866,1,4,4,442,535,0,0,91,0,3,22,37,0,0,282,131,7,3
0,0,133,1,2,2,1,5,0,0,10,0,0,13,28,0,0,26,27,19,1
0,160,662,4,7,10,39,139,2,0,89,5,10,445,215,0,27,148,233,294,3
0,0,207,1,3,3,5,12,0,0,10,0,7,22,52,0,0,53,36,11,1
1,8,909,22,10,12,173,312,3,2,1309,19,16,233,600,3,13,300,1666,49,4
0,0,153,1,3,3,16,27,0,0,16,0,0,10,28,0,0,20,38,4,2
0,0,55,1,0,0,1,2,0,0,9,0,0,3,21,0,0,11,24,3,1
0,0,94,1,3,3,26,33,0,0,10,0,3,12,24,0,0,39,32,7,2
0,0,643,3,2,2,163,233,1,2,19,1,0,40,204,0,11,95,77,10,4
0,0,262,1,2,2,18,22,0,0,14,0,0,5,30,0,0,17,42,3,2
0,0,75,1,3,3,9,19,0,0,14,0,0,8,23,0,0,17,38,4,2
0,0,402,3,5,5,19,132,0,1,692,1,1,22,283,0,11,48,782,13,2
27,50,709,26,5,5,297,212,1,0,43,0,5,173,33,0,0,298,255,10,4
1,0,620,17,8,10,389,475,3,1,103,1,12,358,304,0,10,511,402,29,0
0,0,56,1,0,0,1,2,0,0,9,0,0,3,21,0,0,11,24,3,1
0,0,263,1,3,3,29,39,0,0,15,0,0,75,56,0,0,81,44,3,1
1,15,573,11,10,10,293,361,1,4,1283,4,7,289,649,0,14,424,1665,20,4
4,38,1221,21,14,16,500,459,5,6,177,29,39,345,395,1,21,463,631,56,4
0,0,241,1,2,2,43,61,0,0,15,0,0,5,27,0,0,31,44,3,2
0,0,34,1,2,2,1,2,0,0,8,0,0,3,21,0,0,11,23,3,2
2,46,2047,52,26,66,609,778,3,24,1977,11,62,470,532,0,22,770,2731,127,4
0,21,1632,14,16,25,116,195,4,3,93,3,6,183,183,0,9,175,242,38,4
0,6455,2193,12,10,27,609,870,19,2,976,20,82,984,427,0,57,901,1877,214,3
0,0,327,3,6,6,25,93,0,2,468,1,5,39,246,0,11,81,538,19,2
0,0,109,1,2,2,27,46,0,0,14,0,0,7,31,0,0,22,41,3,1
0,0,55,1,0,0,1,2,0,0,9,0,0,3,21,0,0,11,24,3,1
0,0,97,1,3,3,7,17,0,0,15,0,0,8,23,0,0,23,37,4,1
0,0,770,33,0,12,506,902,15,0,112,12,2,608,383,0,15,760,584,69,3
0,0,56,1,0,0,1,2,0,0,9,0,0,3,21,0,0,11,24,3,1
0,0,362,3,4,4,36,127,0,1,701,1,0,23,270,0,11,28,764,11,2
0,0,262,1,2,2,18,25,0,0,14,0,0,5,34,0,0,17,42,3,2
0,0,652,4,5,6,108,105,2,1,70,2,11,123,46,2,1,155,259,35,0
0,0,264,1,2,2,18,22,0,0,14,0,0,5,26,0,0,17,42,3,2
0,0,395,3,3,3,9,13,0,1,13,1,0,18,177,0,8,19,37,10,2
0,0,178,2,2,2,31,45,0,0,35,0,0,9,33,0,0,21,61,3,2
0,0,204,1,3,3,6,25,0,0,10,0,13,14489,58,0,0,59,42,17,1
0,0,86,1,3,3,23,34,0,0,14,1,0,8,23,0,0,18,35,4,2
0,0,358,3,3,3,9,13,0,1,13,1,0,18,177,0,8,19,37,10,2
0,0,294,3,6,6,59,211,0,1,984,1,6,54,685,0,11,153,1130,98,3
0,0,150,1,3,3,1,6,0,0,35,0,0,6,28,0,0,33,59,4,1
0,0,55,1,3,3,24,28,0,0,8,0,3,12,23,0,0,25,28,7,2
0,0,261,1,2,2,18,22,0,0,14,0,0,5,26,0,0,17,42,3,2
0,0,55,1,3,3,24,28,0,0,8,0,3,12,23,0,0,25,28,7,2
0,0,32,1,3,3,1,0,0,0,8,0,0,5,23,0,6,19,23,3,3
0,160,3145,12,28,58,134,594,30,0,621,19,31,380,364,0,36,304,1298,341,3
0,0,156,1,3,3,16,31,0,0,16,0,0,10,24,0,0,20,38,4,2
0,0,56,1,0,0,1,2,0,0,9,0,0,3,21,0,0,11,24,3,1
0,0,308,3,5,5,16,119,0,1,721,1,1,27,286,0,11,138,788,12,2
3,96,1651,50,12,14,575,495,4,9,1050,18,27,426,586,2,20,532,1394,64,4
1,12,1688,27,17,22,1681,453,2,3,80,38,26,1251,194,13,9,1689,1751,52,4
0,0,209,1,3,3,5,12,0,0,10,0,7,22,52,0,0,53,36,11,1
0,0,198,3,5,5,8,47,0,1,570,1,2,41,258,0,10,58,633,19,3
0,0,132,1,2,2,11,61,0,0,15,0,0,33,40,0,0,50,37,3,1
0,0,465,3,5,5,29,176,0,2,1114,1,1,22,325,0,10,53,1224,13,2
0,0,601,5,10,12,148,239,0,1,804,6,3,79,298,0,11,73,894,36,0
0,0,317,4,4,6,27,92,2,0,32,4,1,37,60,0,0,64,107,12,0
0,0,175,1,2,2,16,31,0,0,15,0,0,5,27,0,0,17,37,3,2
0,0,54,1,3,3,24,28,0,0,8,0,3,12,23,0,0,25,28,7,2
0,0,55,1,3,3,24,28,0,0,8,0,3,12,23,0,0,25,28,7,2
2,20,1491,39,8,9,541,365,4,2,103,33,26,499,63,8,5,623,735,54,4
0,0,119,1,2,2,49,65,0,0,14,0,0,7,23,0,0,24,41,3,2
0,0,110,1,2,2,21,48,0,0,14,0,0,19,29,0,0,36,43,3,1
0,0,176,1,2,2,16,31,0,0,15,0,0,5,31,0,0,17,37,3,2
0,0,204,3,3,3,25,42,0,1,23,1,0,20,182,0,8,25,51,10,1
0,105,479,5,7,13,36,187,0,2,70,17,12,92,250,0,8,86,193,30,0
0,0,444,4,9,12,229,196,1,5,15,0,3,71,32,2,0,96,98,16,4
0,158,580,1,3,3,61,79,0,0,130,0,0,12,141,0,5,50,167,3,4
0,0,371,5,6,6,52,119,1,3,514,5,0,49,241,0,10,75,586,15,0
0,0,298,3,6,6,165,109,1,1,627,1,2,135,268,0,10,178,766,16,1
1,3,346,5,4,4,124,88,1,2,23,2,4,94,29,1,0,139,141,9,4
0,0,150,1,3,3,1,6,0,0,35,0,0,6,28,0,0,33,59,4,1
0,0,368,3,14,24,69,276,0,1,959,1,3,61,494,0,11,90,1099,31,4
3,24,1285,20,27,33,229,362,6,2,64,18,19,338,92,2,5,346,573,84,4
0,0,228,3,3,3,32,52,0,1,18,2,0,20,178,0,9,30,55,10,3
0,0,168,1,2,2,15,25,0,0,30,0,0,5,27,0,0,21,55,3,2
3,70,1390,20,18,20,164,229,7,5,96,11,36,296,113,1,6,269,303,68,4
0,0,192,2,3,3,18,40,0,0,25,2,0,11,32,0,0,27,60,7,0
0,0,233,1,3,3,5,12,0,0,10,0,8,14035,54,0,0,54,37,12,1
0,0,332,12,10,12,22,66,1,0,78,3,19,107,76,0,0,81,200,59,0
0,0,154,1,2,2,15,25,0,0,15,0,0,5,27,0,0,21,37,3,2
0,0,51,1,3,3,24,28,0,0,8,0,1,8,23,0,0,21,26,5,2
0,0,2901,10,29,48,538,562,10,0,375,18,29,681,300,0,26,711,1140,146,3
0,5,259,3,5,7,20,99,0,0,24,6,2,42,59,0,0,40,82,15,0
0,0,128,1,3,3,145,22,1,0,11,0,0,113,27,0,0,155,109,3,1
0,0,514,3,6,6,42,54,0,2,17,1,0,27,177,0,8,22,53,10,3
0,6307,2252,12,5,24,608,857,19,2,970,21,77,1012,417,0,57,952,1883,247,3
0,0,41,1,4,4,16,4,1,0,9,0,0,16,21,0,0,32,37,8,4
0,0,54,1,3,3,24,28,0,0,8,0,3,12,23,0,0,25,28,7,2
0,0,315,4,3,3,28,45,0,1,18,1,0,20,186,0,9,30,55,10,3
0,0,226,1,3,3,5,12,0,0,10,0,8,14185,54,0,0,54,37,12,1
0,0,80,0,2,2,45,48,0,0,2,5,0,1,15,0,1,20,50,0,2
0,0,288,3,3,3,9,14,0,1,14,1,0,18,177,0,8,19,40,10,2
0,160,2938,13,29,49,149,503,10,1,555,21,29,387,332,0,33,316,1111,338,3
0,0,35,1,0,0,1,2,0,0,8,0,0,3,21,0,0,11,22,3,0
0,0,1539,3,7,9,43,158,2,0,123,1,11,39,40,0,0,89,265,38,3
0,0,300,3,6,6,61,215,0,1,1022,1,5,54,682,0,10,152,1168,98,3
0,0,113,2,3,3,2,29,0,0,9,0,1,14,57,0,0,35,28,7,1
0,0,119,1,2,2,49,65,0,0,14,0,0,7,23,0,0,24,41,3,2
0,0,118,1,2,2,49,65,0,0,14,0,0,7,23,0,0,24,41,3,2
0,0,147,2,3,3,4,5,0,0,10,1,0,6,27,0,0,21,30,3,3
1,20,3493,23,16,22,456,578,3,16,1452,27,13,244,844,0,15,341,1865,59,4
0,0,55,1,0,0,1,2,0,0,9,0,0,3,21,0,0,11,24,3,1
0,0,138,1,2,2,1,5,0,0,10,10,0,23,28,0,0,30,27,39,1
0,0,54,1,3,3,24,28,0,0,8,0,3,12,23,0,0,25,28,7,2
0,0,379,3,6,6,19,125,0,1,832,1,7,39,285,0,11,71,925,20,2
0,575,1441,9,10,30,238,390,22,3,217,2,0,135,139,0,7,197,617,21,3
0,0,302,3,5,5,7,147,0,1,820,1,2,44,494,0,10,72,933,25,3
0,0,56,1,0,0,1,2,0,0,9,0,0,3,21,0,0,11,24,3,1
0,0,93,1,2,2,20,28,0,0,14,0,0,5,26,0,0,23,42,3,2
0,0,91,1,3,3,19,26,0,0,10,0,3,12,24,0,0,28,32,7,2
0,0,99,1,2,2,21,30,0,0,14,0,0,5,26,0,0,19,40,3,0
0,0,253,1,2,2,18,22,0,0,14,0,0,5,26,0,0,17,42,3,2
0,159,3999,12,36,66,420,687,12,0,491,20,42,965,341,0,56,705,1365,416,3
0,3,333,3,3,3,57,105,0,0,573,1,0,47,248,0,11,61,638,10,4
0,0,268,3,2,2,27,43,0,1,9,4,0,12,30,0,0,24,26,3,3
0,0,2083,89,17,29,107,583,19,0,606,13,4,239,126,0,18,429,1052,222,3
0,16,613,11,7,12,851,156,3,3,36,14,31,741,66,0,2,878,576,46,4
0,0,52,1,3,3,24,28,0,0,8,0,1,8,23,0,0,21,26,5,2
0,0,57,1,0,1,86,51,1,0,10,1,0,90,21,0,0,102,111,15,3
0,0,2659,27,26,50,107,491,40,1,641,16,31,371,337,0,44,343,1324,176,3
0,0,16,0,0,1,0,5,0,0,224,0,0,3,5,0,0,0,239,0,3
0,0,417,4,8,8,98,81,1,3,17,0,0,51,36,0,0,67,73,4,4
0,0,485,3,5,5,19,141,0,1,746,1,1,22,290,0,11,48,837,13,2
0,0,251,1,2,2,18,22,0,0,14,0,0,5,26,0,0,17,42,3,2
0,0,5761,21,19,31,889,497,10,2,11192,11,38,948,354,0,40,1135,12715,27296,3
0,0,942,3,5,5,19,127,0,1,841,1,1,22,284,0,10,38,928,13,2
0,0,244,1,2,2,43,61,0,0,15,0,0,5,31,0,0,31,44,3,2
0,0,429,3,5,5,17,125,0,1,820,1,1,22,286,0,11,48,908,13,2
0,0,400,3,5,5,19,132,0,1,783,1,1,22,290,0,11,48,875,13,2
0,0,287,4,3,4,17,35,0,1,19,1,0,22,182,0,9,30,57,10,3
0,0,176,2,2,2,31,45,0,0,35,0,0,9,29,0,0,21,61,3,2
0,0,153,1,2,2,15,25,0,0,15,0,0,5,27,0,0,21,37,3,2
3,55,1295,12,13,15,426,216,4,7,77,11,33,357,113,6,6,405,370,45,4
0,0,509,6,6,6,151,514,0,8,82,8,4,84,708,0,11,176,341,24,0
0,0,94,0,2,2,46,49,0,0,2,5,0,1,11,0,1,20,50,0,1
0,0,110,1,2,2,27,46,0,0,14,0,0,7,31,0,0,22,41,3,1
0,0,453,2,5,8,85,106,3,0,79,2,0,74,45,0,1,126,209,17,0
0,0,52,1,3,3,24,28,0,0,8,0,1,8,23,0,0,21,26,5,2
0,0,407,7,6,6,59,364,0,4,1119,2,8,62,779,0,11,103,1392,33,3
0,0,156,1,2,2,15,27,0,0,15,0,0,5,27,0,0,21,37,3,2
0,0,36,1,0,0,11,15,0,0,8,0,0,3,22,0,0,15,22,3,0
0,0,92,0,2,2,44,47,0,0,2,5,0,1,7,0,1,20,50,0,1
0,0,16,0,0,1,0,5,0,0,654,0,0,9,11,0,0,0,675,0,3
0,0,626,6,7,8,75,173,1,1,94,3,2,168,220,0,11,200,266,235,0
0,0,169,1,3,3,5,18,0,0,16,0,0,8,33,0,0,74,40,4,1
0,0,402,3,5,5,19,130,0,1,710,1,1,22,284,0,11,48,802,13,2
0,0,176,1,3,3,11,18,0,0,15,0,0,75,55,0,0,75,43,3,1
0,0,436,1,2,2,31,51,0,2,15,0,0,7,30,0,0,21,46,3,4
0,0,146,2,3,3,4,5,0,0,10,1,0,6,27,0,0,17,30,3,3
0,0,55,1,3,3,24,28,0,0,8,0,3,12,23,0,0,25,28,7,2
0,0,89,1,2,2,14,19,0,0,14,0,0,5,21,0,0,15,34,3,2
0,0,542,13,28,43,863,554,5,0,104,17,23,1020,121,0,1,1495,570,78,0
0,0,55,1,3,3,24,28,0,0,8,0,3,12,23,0,0,25,28,7,2
0,0,56,1,0,0,1,2,0,0,9,0,0,3,21,0,0,11,24,3,1
0,0,155,1,3,3,3,23,0,2,16,0,1,10,35,0,0,36,41,5,2
0,0,54,1,3,3,24,28,0,0,8,0,2,10,23,0,1,23,27,6,2
0,0,134,3,3,3,228,119,1,0,10,0,0,217,29,0,0,245,242,3,1
0,0,242,1,2,2,43,61,0,0,15,0,0,5,27,0,0,31,44,3,2
0,0,941,3,5,5,19,124,0,1,717,1,1,22,276,0,10,38,801,13,2
0,0,320,4,7,7,22,66,0,2,500,3,1,27,250,0,10,41,562,16,0
0,0,286,3,3,3,9,14,0,1,14,1,0,18,177,0,8,19,40,10,2
0,0,177,1,2,2,25,39,0,0,15,0,0,5,35,0,1,49,44,3,1
0,0,121,1,2,2,49,65,0,0,14,0,0,7,27,0,0,24,41,3,2
2,3,386,18,5,5,123,99,1,1,23,4,14,104,32,1,1,127,144,19,4
0,0,193,1,3,3,41,73,0,0,15,0,1,18,29,0,0,48,38,5,2
0,0,316,4,3,3,64,81,0,1,18,1,0,20,189,0,9,30,54,10,3
0,0,159,1,3,3,53,88,1,0,16,0,0,18,23,0,0,33,53,3,1
0,0,233,4,5,5,43,109,0,0,15,10,6,62,55,0,0,63,64,21,0
1,11,380,7,12,13,7,37,3,0,39,5,14,113,51,0,3,48,115,20,4
0,0,55,1,3,3,24,28,0,0,8,0,3,12,23,0,0,25,28,7,2
0,0,423,3,6,6,19,127,0,1,727,1,7,39,285,0,11,72,817,20,2
0,0,56,1,0,0,1,2,0,0,9,0,0,3,21,0,0,11,24,3,1
0,0,268,3,6,6,28,47,1,1,574,1,2,55,258,0,10,81,654,19,2
0,0,39,1,0,0,1,2,0,0,8,0,0,3,21,0,0,11,22,3,0
0,0,153,1,3,3,16,27,0,0,16,0,0,10,24,0,0,20,38,4,2
0,0,129,1,2,2,40,58,0,0,15,0,0,5,30,0,0,23,36,3,1
0,0,1399,1,2,5,3,127,2,0,178,0,0,107,36,0,0,155,352,41,3
0,0,278,1,2,2,18,22,0,0,14,0,0,5,30,0,0,17,42,3,2
0,0,319,3,5,5,31,93,0,5,872,1,2,46,527,0,11,88,974,28,3
0,0,58,1,3,3,31,35,0,0,8,0,3,12,23,0,0,25,28,7,2
0,0,90,2,3,3,28,41,0,0,10,0,2,15,26,0,0,41,32,7,2
0,0,289,3,5,5,7,146,0,1,764,1,2,44,485,0,10,72,876,25,3
0,0,371,3,6,6,41,63,0,2,18,1,0,27,178,0,8,22,61,10,3
0,0,553,1,5,6,102,163,2,1,66,4,4,35,35,0,0,58,155,17,0
0,0,577,10,6,6,525,612,0,1,18,7,5,73,220,0,8,83,96,26,0
0,0,296,3,5,5,6,148,0,1,799,1,2,44,498,0,10,72,914,25,3
2,14,710,17,13,14,262,321,3,1,42,15,16,289,82,2,3,333,496,24,4
1,3,324,9,6,6,182,101,1,0,23,14,12,165,36,3,1,220,261,18,4
0,25,514,3,13,25,630,129,1,0,106,1,6,514,51,0,4,411,513,21,4
0,0,307,3,3,3,9,13,0,1,13,1,0,18,177,0,8,19,38,10,2
0,0,376,3,8,8,67,413,0,5,1464,2,3,89,754,0,11,97,1771,28,0
0,0,227,3,5,7,12,60,2,1,31,4,2,35,44,0,0,47,85,13,0
0,0,56,1,0,0,1,2,0,0,9,0,0,3,21,0,0,11,24,3,1
0,0,122,1,2,2,17,25,0,0,14,0,0,7,25,0,0,18,34,3,2
0,0,328,1,4,5,6,55,1,0,64,0,0,12,31,0,0,52,139,14,1
0,0,56,1,3,3,24,28,0,0,8,0,3,12,23,0,0,25,28,7,2
0,0,50,2,2,2,23,24,0,0,8,0,0,3,22,0,0,15,23,3,2
0,0,329,3,5,5,31,93,0,5,816,1,2,46,545,0,11,88,916,28,3
2,33,1220,53,18,22,185,172,4,4,85,8,35,318,97,0,8,265,390,84,4
3,6,2096,20,8,9,257,243,2,0,116,18,22,237,70,3,1,286,439,43,4
0,970,775,88,17,21,293,344,4,0,96,21,79,615,138,0,3,436,554,145,3
0,0,16,0,0,1,0,5,0,0,731,0,0,10,12,0,0,0,754,0,3
0,0,40,1,0,0,1,2,0,0,8,0,0,3,21,0,0,11,22,3,0
0,0,221,1,3,3,6,25,0,0,10,0,13,14045,60,0,0,59,42,17,1
0,0,171,1,3,3,5,18,0,0,16,0,0,8,33,0,0,74,40,4,1
0,0,137,1,3,3,49,60,0,0,14,0,0,8,24,0,0,27,36,4,4
0,0,26,1,0,1,2,9,0,0,9,1,0,8,21,0,0,17,27,15,3
0,0,55,1,3,3,24,28,0,0,8,0,3,12,23,0,0,25,28,7,2
0,443,984,20,0,7,40,199,8,0,259,21,9,206,110,5,9,235,451,57,3
0,0,7470,39,22,43,1042,1156,18,1,13656,16,36,1257,406,0,65,2013,15449,33625,3
1,17,346,6,13,14,106,135,4,0,56,8,45,290,78,0,3,209,238,57,4
0,0,42,1,2,2,1,3,0,0,9,0,0,3,21,0,0,9,25,3,3
0,0,330,1,4,5,6,55,1,0,64,0,0,12,31,0,0,52,139,14,1
0,0,205,2,3,3,112,120,1,0,11,0,0,87,62,0,7,133,94,3,1
0,0,234,1,3,3,5,12,0,0,10,0,8,13911,52,0,0,54,37,12,1
0,0,182,1,2,2,16,31,0,0,15,0,0,5,27,0,0,17,37,3,2
0,160,2963,13,29,49,162,504,10,1,568,21,29,397,351,0,33,334,1130,338,3
0,0,370,1,3,3,107,111,1,0,17,0,0,27,33,0,0,82,66,3,1
2,18,704,16,6,6,596,439,1,3,55,19,14,367,68,1,5,493,501,19,4
0,0,395,3,5,5,17,121,0,1,763,1,1,22,279,0,11,52,850,13,2
0,0,71,1,3,3,20,28,0,0,9,0,1,8,25,0,0,21,28,5,2
0,0,59,1,3,3,24,28,0,0,9,0,2,10,23,0,0,27,29,6,2
1,0,597,6,7,8,72,184,1,2,855,1,9,72,442,0,10,95,953,23,4
0,0,53,1,3,3,24,28,0,0,8,0,3,12,23,0,0,25,28,7,2
0,0,248,4,0,0,53,61,1,0,20,7,2,93,193,0,10,91,97,26,3
0,0,130,3,3,3,48,29,1,0,10,0,0,37,28,0,0,65,62,3,1
0,70,476,5,5,7,203,210,1,2,968,1,6,150,372,0,11,398,1152,19,1
0,0,262,1,2,2,18,22,0,0,14,0,0,5,26,0,0,17,42,3,2
0,0,332,4,4,5,108,213,0,4,30,6,2,60,226,0,8,104,93,22,0
0,0,251,1,3,3,44,83,0,0,16,0,3,30,43,0,0,86,42,7,2
0,0,110,2,0,1,3,19,1,0,2108,0,0,8,24,0,0,16,2172,6,3
0,0,90,2,3,3,28,41,0,0,10,0,2,15,26,0,0,35,32,7,2
0,0,365,221,3,3,85,217,0,2,1241,1,2,53,588,0,10,89,1385,22,2
1,13,1285,7,7,7,307,316,1,4,40,3,0,107,228,0,9,173,154,11,4
0,0,157,1,2,2,15,27,0,0,15,0,0,5,27,0,0,21,37,3,2
0,0,144,3,3,3,4,32,0,0,24,2,0,20,37,0,0,28,48,7,0
0,0,315,4,3,3,64,81,0,1,18,1,0,20,186,0,9,30,54,10,3
0,0,181,2,2,2,31,45,0,0,35,0,0,9,29,0,0,25,61,3,2
2,0,779,9,18,18,151,222,3,6,30,6,31,179,172,0,8,126,162,44,4
0,0,120,1,2,2,49,65,0,0,14,0,0,7,27,0,0,24,41,3,2
0,0,34,1,2,2,1,2,0,0,8,0,0,3,21,0,0,11,23,3,1
0,0,196,3,5,5,6,40,0,1,522,1,2,41,251,0,10,58,582,16,3
0,0,320,1,3,3,61,549,0,0,61,0,2,74,172,0,0,509,83,7,1
0,0,55,1,3,3,24,28,0,0,8,0,3,12,23,0,0,25,28,7,2
0,0,170,1,3,3,5,18,0,0,16,0,0,8,33,0,0,72,40,4,1
0,0,86,2,3,3,26,39,0,0,10,0,3,17,26,0,0,37,33,8,2
0,0,153,1,3,3,16,29,0,0,16,0,0,10,24,0,0,20,38,4,2
0,160,2761,13,29,48,135,460,9,1,505,21,23,356,321,0,33,268,990,321,3
0,0,331,2,4,4,1260,117,1,0,16,1,2,735,59,0,2,927,668,14,0
0,0,150,1,3,3,1,6,0,0,35,0,0,6,28,0,0,33,59,4,1
0,0,85,1,0,0,7,14,0,0,14,0,0,5,22,0,0,15,32,3,4
0,0,533,88,0,6,648,502,8,0,48,5,2,555,169,0,6,704,625,42,3
0,0,538,73,0,6,584,471,8,0,48,5,2,512,164,0,6,641,567,42,3
0,0,1531,3,7,9,43,158,2,0,123,1,11,39,40,0,0,89,265,38,3
0,0,138,3,3,3,226,118,1,0,10,0,0,215,29,0,0,243,240,3,1
0,0,86,1,3,3,20,27,0,0,10,0,3,12,24,0,0,33,32,7,2
0,0,0,0,0,0,0,0,0,0,0,0,0,0,0,0,0,0,0,0,3
0,0,92,1,3,3,1,0,0,0,9,0,0,5,24,0,6,19,25,3,3
0,0,54,1,3,3,24,28,0,0,8,0,3,12,23,0,0,25,28,7,2
0,0,111,1,3,3,15,23,0,0,14,0,0,8,22,0,0,17,45,3,2
0,160,2987,13,29,49,149,503,10,1,718,21,29,387,355,0,33,314,1277,338,3
0,160,2963,14,30,50,133,501,10,1,565,24,29,405,340,0,34,310,1111,336,3
0,0,442,1,5,6,88,88,2,0,69,0,5,110,35,0,0,142,247,38,0
0,0,168,1,3,3,1,5,0,0,8,0,0,6,23,0,0,29,25,4,1
3,39,1182,53,24,35,576,731,5,9,2555,131,42,686,1163,0,32,696,3190,93,4
0,0,245,2,3,3,18,40,0,0,25,2,0,11,36,0,0,27,59,7,0
0,0,359,3939,0,0,29,81,0,0,23,5,6,54,58,0,0,50,53,12,0
0,0,231,4,4,4,135,230,0,0,82,0,23,62,57,0,2,168,164,45,1
1,206,1281,14,29,43,98,117,6,1,109,6,29,293,89,0,11,191,301,147,4
0,0,108,1,2,2,27,46,0,0,14,0,0,7,27,0,0,22,41,3,1
0,0,560,6,10,12,470,437,0,1,908,7,9,118,309,0,11,147,1014,50,0
0,0,54,1,3,3,24,28,0,0,8,0,3,12,23,0,0,25,28,7,2
0,18,837,113,49,53,73,248,2,2,34,5,55,481,173,0,11,245,258,77,4
0,0,276,3,4,4,15,106,0,1,702,1,0,25,270,0,11,24,769,10,2
0,0,131,1,0,0,3,24,4,0,10,4,0,26,31,0,4,19,26,23,3
1,41,1376,44,23,63,259,293,7,6,154,3,27,330,176,0,5,456,713,73,4
0,0,57,1,3,3,24,28,0,0,8,0,3,12,23,0,0,25,28,7,2
0,160,2939,13,29,49,149,502,10,1,565,21,29,387,346,0,34,316,1120,338,3
0,0,125,2,2,2,31,42,0,0,14,0,0,9,25,0,0,21,35,3,2
3,104,2020,36,26,32,594,469,8,6,1775,15,106,938,559,3,17,829,2530,230,4
0,0,270,1,3,3,29,39,0,0,15,0,0,73,55,0,0,79,44,3,1
0,0,362,1,3,3,28,44,0,0,95,0,0,8,39,0,1,27,143,9,4
0,0,463,3,5,5,29,180,0,2,1163,1,1,22,318,0,10,55,1275,13,2
0,2,597,1,5,11,74,103,7,1,109,0,15,96,44,0,1,144,296,36,3
0,0,90,1,3,3,26,33,0,0,10,0,3,12,24,0,0,39,32,7,2
0,0,111,1,2,2,31,50,0,0,14,0,0,7,27,0,0,22,43,3,1
3,36,693,10,9,11,285,276,3,0,53,14,18,156,90,0,3,189,266,23,4
0,0,137,2,3,3,4,5,0,0,10,1,0,6,26,0,0,21,29,3,3
0,0,51,1,3,3,24,28,0,0,8,0,1,8,23,0,0,21,26,5,2
3,282,2265,32,17,23,881,599,12,8,144,28,26,816,366,4,18,963,994,84,4
0,0,304,3,3,3,9,14,0,1,14,1,0,18,177,0,8,19,40,10,2
0,0,435,1,2,2,154,188,0,0,26,0,0,5,33,0,0,37,58,3,1
0,0,271,3,6,6,15,58,0,1,507,1,2,46,256,0,11,70,572,13,1
0,0,56,1,3,3,24,28,0,0,8,0,2,10,23,0,0,23,27,6,2
0,0,299,3,3,3,9,14,0,1,14,1,0,18,177,0,8,19,40,10,2
0,6,529,5,7,11,148,176,3,0,124,11,3,152,57,0,0,193,358,54,0
0,0,214,1,3,3,7,26,0,0,10,0,20,10791,58,0,0,66,49,24,1
0,160,2991,13,29,49,146,500,10,1,561,21,29,385,342,0,33,316,1117,338,3
1,0,1204,3,7,8,63,158,2,1,63,2,1,74,50,1,0,95,163,18,4
0,0,2330,1,0,0,1,8,0,0,12,1,0,9,24,0,1,13,31,13,3
0,0,89,1,3,3,20,27,0,0,10,0,3,12,24,0,0,39,32,7,2
6,8,1568,85,21,32,1040,398,18,0,220,27,53,1083,243,0,3,1124,1197,185,1
3,13,979,8,22,25,226,302,5,28,106,5,18,159,63,0,2,109,235,27,4
0,0,47,1,0,1,56,36,1,0,10,1,0,60,25,0,0,72,81,15,3
0,0,54,1,3,3,24,28,0,0,8,0,3,12,23,0,0,25,28,7,2
0,0,370,3,15,25,79,289,0,1,1363,1,4,57,444,1,24,80,1507,38,4
0,0,87,1,3,3,26,33,0,0,10,0,3,12,24,0,0,33,32,7,2
0,0,210,1,4,4,8,77,0,0,61,0,0,13,77,8,0,153,95,4,3
0,0,368,3,4,4,33,132,0,1,714,1,1,25,274,0,11,33,779,12,2
0,0,271,1,4,5,25,75,1,0,69,0,0,14,33,0,0,39,144,14,3
0,0,297,3,4,4,6,71,0,1,487,1,0,27,224,0,10,404,534,11,1
0,0,217,1,3,3,6,25,0,0,10,0,13,13771,58,0,0,59,42,17,1
0,0,1130,3,7,9,208,182,1,4,36,2,1,86,196,0,8,113,136,12,4
0,168,2949,13,29,49,146,499,10,1,566,21,29,387,340,0,33,316,1121,338,3
0,0,152,2,4,4,24,47,0,0,9,1,2,29,36,0,0,34,37,13,0
0,0,69,1,2,2,4,17,0,0,9,0,0,3,29,0,0,23,26,3,1
0,0,180,1,3,3,22,47,0,0,14,0,0,12,26,0,0,40,44,4,2
0,0,1366,41,23,29,104,179,4,0,87,28,98,412,90,0,0,265,398,156,3
0,0,159,1,2,2,30,59,0,0,10,0,0,7,42,0,8,27,27,3,1
0,0,57,1,3,3,24,28,0,0,8,0,3,12,23,0,1,25,28,7,2
0,0,2904,11,29,48,551,564,10,0,375,18,29,691,296,0,26,723,1147,146,3
0,0,264,2,3,3,51,98,0,0,15,0,0,13,35,0,0,28,65,3,4
0,0,485,8,12,15,40,181,0,4,1090,8,11,143,371,0,11,108,1222,52,0
0,0,711,6043,6,7,39,120,1,1,68,2,8,58,213,0,8,85,207,31,0
0,0,56,1,0,0,28,29,0,0,8,0,0,3,22,0,0,15,22,3,0
0,0,55,1,3,3,24,28,0,0,8,0,3,12,23,0,0,25,28,7,2
3,0,638,18,6,6,198,184,1,2,30,6,1192,2563,258,1,8,1409,1441,1207,4
0,0,304,3,5,5,7,151,0,1,764,1,2,44,486,0,11,72,876,25,3
0,0,170,1,3,3,5,18,0,0,16,0,0,8,33,0,0,74,40,4,1
5,38,925,58,20,25,109,341,8,0,98,21,111,555,427,0,16,384,443,137,4
0,0,203,1,3,3,20,40,0,0,16,0,1,15,27,0,0,29,49,6,2
0,0,157,1,3,3,16,31,0,0,16,0,0,10,28,0,0,20,38,4,2
2,31,1311,18,16,18,237,288,5,3,119,22,28,317,112,3,4,333,459,55,4
0,0,53,1,3,3,24,28,0,0,8,0,1,8,23,0,0,21,26,5,2
0,0,155,1,2,2,15,27,0,0,15,0,0,5,27,0,0,21,37,3,2
0,0,57,1,0,1,82,49,1,0,10,1,0,86,21,0,0,98,107,15,3
0,3,600,1,5,11,74,103,7,1,109,0,15,96,44,0,1,140,296,36,3
0,0,164,1,2,2,17,29,0,0,15,0,0,5,27,0,0,17,37,3,2
0,0,35,1,0,0,1,2,0,0,8,0,0,3,21,0,0,11,22,3,3
0,0,263,1,2,2,18,22,0,0,14,0,0,5,26,0,0,17,42,3,2
0,66,1090,23,11,17,274,337,4,3,83,7,211,950,197,0,8,638,788,423,4
0,0,132,1,2,2,11,61,0,0,15,0,0,33,40,0,0,50,37,3,1
0,0,494,5,5,5,68,143,0,2,767,4,3,59,298,0,12,92,849,25,0
0,0,412,5,0,3,73,103,5,0,38,4,2,188,221,0,16,194,138,67,3
0,0,31,1,3,3,1,0,0,0,8,0,0,5,23,0,6,19,23,3,3
0,0,297,3,5,5,202,102,1,1,632,1,3,171,268,0,11,231,817,14,1
0,160,2900,12,29,49,149,504,10,1,569,21,29,393,346,0,33,316,1124,338,3
3,60,1443,52,23,42,167,464,21,3,710,31,31,379,710,0,21,306,1021,118,4
0,0,1982,59,15,36,574,949,23,3,590,8,21,716,126,0,50,1591,1061,60,1
0,0,415,3,6,6,99,147,1,1,555,1,12,97,258,12,10,153,654,23,1
0,0,210,2,3,5,52,82,2,1,31,3,0,11,31,0,0,31,75,4,0
4,28,1781,32,22,38,541,681,6,10,1314,31,61,472,446,8,17,511,1833,101,4
1,5,425,14,8,9,290,166,1,0,25,21,24,300,51,7,1,375,384,29,4
0,0,160,1,3,3,16,27,0,0,16,0,0,10,28,0,0,20,38,4,2
0,0,204,3,3,3,25,42,0,1,23,1,0,20,182,0,8,25,51,10,1
0,0,398,3,5,5,17,119,0,1,783,1,1,22,287,0,11,52,870,13,2
0,0,320,2,0,1,47,30,1,0,3342,1,0,42,37,0,0,64,3805,8425,3
0,0,241,6,7,9,38,87,0,0,15,7,5,65,47,0,0,63,65,29,0
0,0,513,8,10,14,130,147,1,4,22,1,1,44,47,0,0,71,77,9,3
0,0,301,3,3,3,9,13,0,1,13,1,0,18,177,0,8,19,38,10,2
0,0,57,1,3,3,24,28,0,0,8,0,3,12,23,0,0,25,28,7,2
0,0,365,3,6,6,72,225,0,1,786,1,1,51,1416,0,11,152,991,19,3
0,0,90,3,3,3,28,41,0,0,10,0,2,15,26,0,0,35,32,7,2
0,0,250,1,2,2,17,22,0,0,14,0,0,5,26,0,0,17,34,3,2
0,0,176,1,2,2,16,32,0,0,15,0,0,5,27,0,0,17,37,3,2
0,0,108,1,0,0,24,37,0,0,15,1,0,11,23,0,0,17,40,3,3
0,0,159,1,2,2,15,27,0,0,15,0,0,5,27,0,0,21,37,3,2
0,0,16,0,0,1,0,5,0,0,734,0,0,10,12,0,0,0,756,0,3
0,0,168,2,3,3,37,64,0,0,16,0,5,23,32,0,0,57,54,10,2
0,0,210,1,8,16,20,27,0,0,15,0,0,18,27,0,0,19,47,5,3
0,0,161,1,2,2,15,27,0,0,15,0,0,5,27,0,0,21,37,3,2
0,0,90,2,3,3,28,41,0,0,10,0,2,15,26,0,0,35,32,7,2
0,0,246,4,0,0,53,61,1,0,20,7,2,93,193,0,10,91,97,26,3
0,0,452,3,5,5,22,94,0,5,69,1,2,42,269,1,10,88,118,19,1
0,0,219,1,4,4,8,76,0,0,61,0,0,13,73,8,0,153,95,4,3
0,0,996,5,8,14,214,292,1,1,482,1,24,108,234,1,10,118,579,42,1
0,0,103,1,2,2,1,2,0,0,8,0,0,3,21,0,0,9,23,3,4
0,0,1422,9,10,11,408,516,2,11,66,1,28,319,290,0,9,305,489,26,3
0,0,257,1,2,2,43,65,0,0,15,0,0,5,31,0,0,31,44,3,2
2,63,1171,22,16,20,429,372,3,0,77,14,18,397,123,1,8,447,444,45,4
0,0,372,2,4,4,27,82,0,1,17,13,0,23,49,0,0,100,62,7,0
1,11,379,10,9,10,36,70,4,1,63,13,19,56,52,0,2,53,169,24,4
4,73,2939,51,25,30,1263,639,4,9,2374,16,54,1182,504,3,21,1299,3429,100,4
0,0,105,1,2,2,16,20,0,0,14,0,0,5,26,0,0,15,34,3,2
0,0,119,1,2,2,49,65,0,0,14,0,0,7,27,0,0,24,41,3,2
2,8,699,21,7,7,524,350,1,4,31,18,51,454,185,4,10,515,515,65,4
0,0,62,1,3,3,30,37,0,0,10,0,2,10,24,0,0,29,31,6,2
0,0,391,11,5,5,146,283,0,0,27,9,10,89,185,0,9,106,91,27,0
0,0,283,1,2,2,60,86,0,0,18,0,0,13,33,0,0,66,36,3,1
0,0,313,4,3,3,37,54,0,1,18,1,0,20,182,0,9,30,55,10,3
0,0,90,1,3,3,26,33,0,0,10,0,3,12,24,0,0,33,32,7,2
0,0,54,1,3,3,24,28,0,0,8,0,3,12,23,0,0,25,28,7,2
3,22,1475,24,14,18,496,335,4,6,68,29,35,472,264,8,14,535,584,67,4
0,0,907,3,8,10,47,160,2,0,128,1,10,44,40,0,0,90,275,37,3
5,35,545,39,12,13,244,166,2,2,62,13,29,278,68,2,5,331,405,37,4
0,0,118,3,4,4,0,5,0,0,21,5,0,10,27,0,0,16,41,6,3
0,0,217,1,2,2,21,29,0,1,15,0,0,5,26,0,0,17,42,3,3
0,0,479,3,97,257,92,379,3,1,1447,1,2,351,632,0,12,261,1920,37,4
3,15,1147,19,12,13,694,507,2,6,50,48,41,546,102,14,3,614,655,51,4
0,0,87,1,0,2,70,48,1,0,10,0,0,76,21,0,0,86,95,16,3
0,160,3157,11,29,59,134,599,30,0,809,21,34,483,402,0,36,324,1493,364,3
0,0,740,11,6,7,101,229,1,2,795,27,3,58,426,0,10,164,940,28,1
0,0,278,6,6,6,139,98,1,1,507,1,2,115,256,0,11,154,625,16,1
0,0,252,3,6,6,60,299,0,2,70,5,2,51,649,0,11,88,304,17,0
0,0,242,1,3,3,29,39,0,0,15,0,0,75,56,0,0,81,44,3,1
0,0,376,1,4,4,188,136,1,0,15,0,0,91,33,0,0,78,86,80,0
0,0,711,3,7,7,122,473,0,1,3944,1,4,156,799,0,10,532,4254,34,1
0,0,118,1,2,2,15,13,0,0,8,0,0,3,22,0,0,15,23,3,2
0,0,324,3,8,8,54,94,0,2,586,1,2,48,267,0,10,60,656,19,3
0,0,60,1,3,3,24,28,0,0,9,0,2,10,23,0,0,27,29,6,2
0,0,370,3,8,10,35,70,4,0,30,5,2,140,39,0,0,81,117,113,0
0,0,56,1,0,0,1,2,0,0,9,0,0,3,21,0,0,11,24,3,1
0,0,375,6,5,9,27,125,4,1,49,11,5,49,65,0,0,75,144,17,0
0,0,101,1,2,2,41,80,0,0,14,0,0,5,27,0,0,27,42,3,2
0,0,108,2,0,2,26,29,0,0,10,0,0,11,22,0,0,22,33,16,3
0,0,220,2,0,2,2,45,3,0,20,2,2,66,44,0,2,77,47,38,3
0,0,169,1,3,3,5,18,0,0,16,0,0,8,33,0,0,74,40,4,1
0,0,169,1,3,3,43,53,0,0,16,0,0,8,25,0,0,25,38,4,2
0,0,90,2,3,3,28,41,0,0,10,0,2,15,26,0,0,35,32,7,2
0,0,319,8,7,9,54,116,0,0,30,11,5,63,53,0,0,74,79,25,0
0,0,76,1,0,0,2,6,1,0,13,1,0,8,22,0,0,18,31,15,3
0,0,160,1,2,2,1,5,0,0,10,0,0,13,28,0,0,26,27,19,1
0,0,90,2,3,3,28,41,0,0,10,0,2,15,26,0,0,35,32,7,2
0,3,488,16,9,13,133,223,2,0,70,6,7,93,134,0,0,87,204,38,1
8,84,2829,74,25,42,1183,795,7,12,136,120,121,1424,386,29,27,1368,1372,220,4
0,0,411,3,5,5,19,136,0,1,783,1,1,22,290,0,11,48,875,13,2
0,0,152,2,3,3,4,5,0,0,10,1,0,6,27,0,0,17,30,3,3
0,0,267,1,2,2,18,22,0,0,14,0,0,5,26,0,0,17,42,3,2
0,0,99,1,2,2,19,28,0,0,14,0,0,7,23,0,0,16,34,3,2
0,0,215,2,3,3,35,51,0,1,14,0,0,19,26,0,0,48,53,4,1
0,0,155,1,2,2,15,27,0,0,15,0,0,5,27,0,0,21,37,3,2
0,0,57,1,3,3,24,28,0,0,8,0,3,12,23,0,0,25,28,7,2
0,0,875,6,1,5,74,185,3,0,96,4,7,238,245,0,23,439,272,115,3
0,0,381,3,3,3,9,14,0,1,14,1,0,18,177,0,8,19,40,10,2
0,4,3035,21,12,37,2595,1252,4,22,79,7,11,1722,197,0,9,2123,1959,50,4
0,0,52,1,3,3,24,28,0,0,8,0,1,8,23,0,0,21,26,5,2
0,0,345,1,2,2,160,180,0,0,14,0,0,5,26,0,0,35,41,3,1
0,0,255,3,6,10,38,59,0,2,16,0,0,9,23,0,0,21,57,3,3
0,0,169,1,2,2,16,32,0,0,15,0,0,5,31,0,0,17,37,3,2
0,6843,2168,17,10,27,608,851,19,2,978,22,76,984,405,0,64,885,1871,212,3
0,0,299,4,7,7,24,62,0,1,524,3,1,27,251,0,10,41,586,16,0
0,0,28,1,0,0,1,5,0,0,8,0,0,5,26,0,0,12,22,3,1
0,0,169,1,2,2,60,72,0,0,14,0,0,5,26,0,0,19,34,3,4
0,0,831,1,4,4,409,495,0,0,116,0,3,22,43,0,0,268,161,7,3
0,0,226,1,3,3,11,16,0,0,16,0,0,131,59,0,0,75,45,3,1
0,0,186,3,0,2,2,51,3,0,21,2,2,69,43,0,7,76,48,38,3
0,0,176,2,2,2,31,45,0,0,35,0,0,9,29,0,0,21,61,3,2
0,0,61,1,0,0,18,19,0,0,8,0,0,3,21,0,0,15,22,3,4
0,0,170,1,3,3,5,18,0,0,16,0,0,8,33,0,0,74,40,4,1
0,0,245,1,3,3,151,57,1,2,15,0,0,103,23,0,0,142,139,3,4
0,0,91,1,2,2,21,29,0,0,14,0,0,7,28,0,0,16,34,3,2
0,4,215,4,4,4,8,15,0,3,110,1,0,23,198,0,9,31,138,10,2
0,0,46,1,0,1,56,36,1,0,10,1,0,60,21,0,0,72,81,15,3
0,0,1683,5,10,12,58,207,2,1,701,2,13,77,297,0,10,135,895,51,3
0,0,462,14,9,13,177,164,1,1,22,9,12,166,58,2,2,158,174,50,3
0,0,90,2,3,3,28,41,0,0,10,0,2,15,26,0,0,41,32,7,2
0,0,181,1,2,2,16,32,0,0,15,0,0,5,27,0,0,21,37,3,2
3,114,1841,36,18,21,445,343,9,1,191,18,69,659,302,1,25,692,812,112,4
2,21,538,10,6,6,8528,3292,1,1,36,37,34,7622,50,12,3,8350,8362,43,4
0,0,51,1,3,3,24,28,0,0,8,0,1,8,23,0,0,21,26,5,2
4,40,1269,49,22,27,365,448,9,7,95,19,59,609,326,4,15,517,606,102,4
0,0,58,1,0,1,84,50,1,0,10,1,0,88,21,0,0,100,109,15,3
0,0,872,3,5,5,19,120,0,1,735,1,1,22,281,0,10,38,818,13,2
0,0,252,1,3,3,29,39,0,0,15,0,0,75,56,0,0,81,44,3,1
0,0,308,2,3,3,18,40,0,0,25,2,0,11,36,0,0,27,60,7,0
0,0,252,3,8,10,69,105,0,0,31,5,18,175,58,0,0,62,140,131,0
0,0,287,3,6,6,54,255,0,1,63,4,2,47,598,0,11,85,272,17,0
0,0,451,3,6,6,17,113,0,1,727,1,7,39,281,0,11,72,812,20,2
0,0,240,1,3,3,11,24,0,0,14,36,0,28,30,0,18,27,43,5,0
0,0,444,10,10,10,57,121,0,2,610,1,8,90,274,0,10,99,694,32,3
0,0,470,1,6,6,1648,549,1,0,21,2,0,1584,37,0,0,2732,1480,4,0
0,0,144,1,2,2,11,61,0,0,15,0,0,33,40,0,0,50,37,3,1
0,0,16,0,0,1,0,5,0,0,734,0,0,10,12,0,0,0,757,0,3
0,0,877,3,5,5,19,119,0,1,700,1,1,22,281,0,10,38,782,13,2
0,0,166,2,3,3,38,51,0,0,15,0,0,9,34,1,0,20,34,3,4
0,0,518,11,3,4,86,190,1,2,90,4,0,57,205,0,8,179,173,22,4
0,0,55,1,3,3,24,28,0,0,8,0,3,12,23,0,0,25,28,7,2
0,0,87,0,2,2,45,48,0,0,2,5,0,1,15,0,1,20,50,0,2
0,0,55,1,3,3,24,28,0,0,8,0,3,12,23,0,0,25,28,7,2
0,2,958,12,6,6,2919,540,1,8,648,0,0,3967,44,0,0,4830,3606,10,4
0,0,416,3,5,5,19,145,0,1,802,1,1,22,297,0,11,48,894,13,2
0,0,55,1,3,3,24,28,0,0,8,0,3,12,23,0,0,25,28,7,2
0,0,45,1,0,0,3,4,0,0,8,0,0,3,22,0,0,15,22,3,0
0,0,134,1,3,3,3,15,0,0,15,0,0,57,49,0,0,65,50,3,1
0,0,258,1,2,2,18,22,0,0,14,0,0,5,30,0,0,17,42,3,2
0,0,1460,26,1,10,314,411,20,1,355,25,31,636,385,0,21,534,856,159,3
0,0,202,7,3,3,31,45,0,0,45,0,0,10,44,0,0,22,74,4,2
0,0,162,1,3,3,56,46,1,0,18,0,0,27,30,0,6,56,62,3,1
0,0,296,3,5,5,6,151,0,1,821,1,2,44,497,0,10,72,936,25,3
0,0,55,1,3,3,24,28,0,0,8,0,3,12,23,0,0,25,28,7,2
0,0,380,3,4,4,192,640,0,1,822,1,0,21,623,0,12,20,1053,10,4
0,0,396,3,6,6,17,116,0,1,674,1,7,39,272,0,11,72,758,20,2
0,0,447,1,4,5,3,41,1,0,96,0,0,39,51,0,0,48,166,15,1
0,0,91,1,2,2,14,19,0,0,14,0,0,5,21,0,0,15,34,3,1
0,0,33,1,2,2,1,2,0,0,8,0,0,3,21,0,0,11,23,3,3
0,0,947,3,5,5,19,128,0,1,827,1,1,22,288,0,10,38,913,13,2
0,0,54,1,2,2,2,2,0,0,8,0,0,46,21,0,0,11,23,3,3
0,0,68,1,3,3,36,43,0,0,10,0,2,10,24,0,0,29,31,6,2
0,13,860,24,7,8,81,327,1,5,2109,11,3,83,914,0,14,154,2356,32,4
0,0,346,3,3,3,9,13,0,1,13,1,0,18,177,0,8,19,37,10,2
0,0,679,15,0,5,110,187,10,2,84,14,5,147,273,0,16,121,242,36,3
0,6,803,7,5,5,85,104,1,0,1269,1,1,2550,57,0,0,3830,1325,9,4
0,0,214,2,3,3,35,51,0,1,14,0,0,19,30,0,0,48,53,4,1
0,0,226,1,3,3,6,25,0,0,10,0,13,14612,56,0,0,59,42,17,1
1,3,640,8,9,10,116,234,2,1,120,6,3,101,430,0,10,177,293,31,4
0,0,139,3,3,3,48,29,1,0,10,0,0,37,29,0,0,65,62,3,1
0,0,174,1,2,2,16,31,0,0,15,0,0,5,27,0,0,17,37,3,2
0,0,206,2,4,4,19,54,0,0,15,1,1,33,48,0,0,40,55,12,0
0,70,488,5,5,7,203,213,1,2,970,1,6,150,374,0,11,399,1154,19,1
0,0,2547,11,25,42,522,497,8,0,309,16,25,623,279,0,25,664,992,117,3
0,0,658,1,2,2,113,131,0,7,14,0,0,5,30,0,0,41,42,3,4
0,0,88,1,2,2,13,17,0,0,14,0,0,5,21,0,0,15,42,3,2
0,0,353,4,4,5,33,51,0,1,19,1,0,24,182,0,9,30,58,13,3
0,0,878,3,5,5,19,116,0,1,825,1,1,22,307,0,10,38,910,13,2
0,0,270,3,6,6,15,58,0,1,486,1,2,46,265,0,12,70,550,13,2
0,0,301,3,6,6,61,221,0,1,982,1,5,54,676,0,10,164,1127,98,3
0,0,322,6,4,4,27,98,0,1,591,1,8,58,254,0,10,71,657,21,0
0,0,462,3,5,5,19,136,0,1,818,1,1,22,290,0,11,48,911,13,2
0,0,88,1,3,3,20,27,0,0,10,0,3,12,24,0,0,33,32,7,2
0,0,161,1,2,2,15,25,0,0,30,0,0,5,28,0,0,21,55,3,2
0,0,753,1,6,8,21,570,1,0,64,3,1,19,64,0,0,74,147,17,3
0,12,204,7,7,9,41,63,1,0,25,4,2,53,42,0,0,62,112,10,0
0,0,145,2,3,3,4,5,0,0,10,1,0,6,27,0,0,17,30,3,3
0,0,341,3,6,6,70,108,1,1,410,1,2,53,229,2,10,101,480,13,1
0,0,225,1,3,3,6,25,0,0,10,0,13,14261,58,0,0,59,42,17,1
0,0,298,3,5,5,6,147,0,1,748,1,2,44,498,0,10,72,861,25,3
0,0,490,7,6,7,116,206,0,1,732,4,3,48,268,0,11,97,813,23,3
0,0,57,1,0,1,82,49,1,0,10,1,0,86,21,0,0,98,107,15,3
0,0,323,1,4,5,6,55,1,0,64,0,0,12,31,0,0,52,139,14,1
0,160,2942,13,29,49,149,502,10,1,556,22,29,384,333,0,33,314,1111,338,3
0,160,2947,13,29,49,149,504,10,1,556,21,29,393,335,0,33,316,1111,338,3
0,0,58,1,0,0,1,2,0,0,9,0,0,3,21,0,0,11,24,3,1
0,0,52,1,0,0,2,4,0,0,8,0,0,3,21,0,0,9,22,3,1
0,0,328,1,4,5,6,55,1,0,64,0,0,12,31,0,0,52,139,14,1
0,0,90,2,3,3,28,41,0,0,10,0,2,15,26,0,0,35,32,7,2
0,0,455,3,3,3,9,13,0,1,13,1,0,18,177,0,8,19,37,10,2
0,0,180,1,3,3,22,44,0,0,14,0,0,12,26,0,0,40,44,4,2
0,0,200,2,3,3,18,40,0,0,25,2,0,11,32,0,0,27,59,7,0
0,0,384,2,3,3,18,40,0,0,25,3,0,11,36,0,0,27,59,7,0
0,0,95,2,3,3,1,2,0,0,8,1,0,4,21,0,0,11,23,3,3
0,0,50,1,3,3,24,28,0,0,8,0,1,8,23,0,0,21,26,5,2
0,0,277,3,6,6,15,57,0,1,473,1,2,46,256,0,11,70,537,13,2
637,4,2683,24,700,976,611,619,1,5,110,5,32,653,101,1,1,248,2780,170,4
0,0,121,1,2,2,49,65,0,0,14,0,0,7,27,0,0,24,33,3,2
0,0,295,3,5,5,7,147,0,1,748,1,2,44,494,0,10,72,859,25,3
4,21,6451,25,39,53,535,530,5,0,504,13,60,648,1812,0,17,832,1364,146,4
0,160,2939,14,29,49,149,508,10,1,396,23,29,413,300,0,34,330,950,338,3
0,0,81,1,2,2,4,12,0,0,14,0,0,5,22,0,0,17,33,3,4
1,0,511,11,0,0,110,80,1,0,21,14,5,264,43,5,0,275,206,8,4
0,0,238,4,0,0,53,61,1,0,20,7,2,92,195,0,10,88,97,26,3
4,29,3279,37,8,9,998,650,4,6,104,75,55,858,110,25,7,1008,1068,105,4
0,0,253,6,7,9,37,86,0,0,15,7,5,65,49,0,0,63,65,29,0
0,0,158,2,3,3,28,48,0,0,20,0,0,8,26,0,0,17,43,4,2
0,0,191,2,3,3,113,106,1,0,11,0,0,87,57,0,6,131,94,3,1
0,0,87,1,3,3,20,27,0,0,10,0,3,12,24,0,0,33,32,7,2
2,16,1754,16,0,3,64,91,1,2,55,6,3,128,118,0,3,123,116,27,4
0,0,483,1,3,3,6,15,0,0,16,0,0,6,28,2,0,21,40,3,4
0,0,189,7,0,0,43,80,1,0,25,12,5,65,42,0,3,68,73,10,0
0,0,592,20,9,13,350,663,1,8,1758,15,22,220,578,0,11,320,2081,107,0
0,0,154,3,0,0,3,37,0,0,10,0,1,14,36,0,0,23,33,4,1
0,0,33,1,2,2,5,8,0,0,8,0,0,3,22,0,0,13,23,3,2
0,0,255,3,2,8,42,67,0,3,17,0,0,8,29,0,0,25,54,3,3
7,52,4563,38,17,22,252,243,7,3,89,12,26,261,126,1,3,304,334,59,4
0,160,3144,12,28,58,132,586,30,0,790,19,31,380,396,0,35,304,1462,341,3
0,0,261,1,2,2,18,22,0,0,14,0,0,5,26,0,0,17,42,3,2
3,22,1119,34,6,11,58,327,6,5,168,20,10,110,356,0,14,117,291,39,4
0,0,146,1,0,0,1,6,0,0,11,0,0,7,23,0,0,16,31,13,1
0,0,42,1,0,0,1,2,0,0,9,0,0,3,21,0,0,11,24,3,1
0,0,382,2,3,3,640,403,0,0,15,1,3,36,34,0,0,89,52,9,0
0,0,137,3,3,3,228,119,1,0,10,0,0,217,29,0,0,245,242,3,1
0,0,162,1,2,2,15,25,0,0,30,0,0,5,28,0,0,21,55,3,2
0,0,156,1,2,2,15,27,0,0,15,0,0,5,27,0,0,21,37,3,2
0,0,55,1,3,3,24,28,0,0,8,0,3,12,23,0,0,25,28,7,2
1,0,984,51,4,4,185,236,0,6,18,84,33,99,198,4,8,127,95,47,4
0,0,1346,20,23,31,160,400,4,1,168,7,32,280,127,2,0,250,615,152,1
0,0,236,1,4,4,138,108,1,0,15,0,0,63,37,0,0,78,86,24,0
0,0,346,3,4,4,33,129,0,1,749,1,4,33,269,0,11,40,815,15,2
0,0,405,11,4,4,29,141,0,4,687,1,8,94,301,0,10,115,753,21,0
0,0,150,1,3,3,1,6,0,0,35,0,0,6,28,0,0,33,59,4,1
0,0,222,2,0,2,2,45,3,0,20,2,2,66,44,0,2,77,47,38,3
0,0,151,1,3,3,16,27,0,0,16,0,0,10,24,0,0,20,38,4,2
3,6,345,7,7,7,65,66,1,1,23,1,3,90,204,0,9,103,107,17,2
0,0,355,3,6,6,80,202,0,1,926,1,1,51,1429,0,11,154,1142,19,3
0,0,56,1,0,0,1,2,0,0,9,0,0,3,21,0,0,11,24,3,1
0,0,342,3,3,3,9,13,0,1,13,1,0,18,177,0,8,19,37,10,2
0,0,37,2,4,5,2,8,0,0,8,0,0,5,28,0,0,21,27,5,1
0,0,560,11,5,3,47,154,0,1,76,15,11,99,236,0,8,100,155,29,0
0,0,853,12,7,8,34,263,1,8,133,3,8,89,493,0,10,125,264,35,4
0,159,1358,7,10,17,93,254,5,0,204,8,15,552,237,0,28,271,506,335,3
0,0,881,3,5,5,19,118,0,1,770,1,1,22,281,0,10,38,854,13,2
0,0,516,16,8,8,64,279,0,1,66,2,6,108,362,0,10,133,142,29,0
0,0,266,3,3,3,28,108,0,1,718,1,0,20,269,0,11,26,776,10,2
2,98,1788,60,10,10,250,431,1,6,259,3,37,290,345,0,29,360,429,42,4
0,14,840,35,7,8,196,452,1,13,2624,15,3,94,937,0,14,164,2891,29,4
0,0,94,1,3,3,20,28,0,0,9,0,1,8,25,0,0,21,28,5,2
0,0,56,1,3,3,24,28,0,0,8,0,3,12,23,0,0,25,28,7,2
0,0,154,1,2,2,5,28,0,0,15,0,0,17,38,0,0,40,36,3,2
0,0,324,4,4,6,230,102,2,0,37,5,6,479,217,0,30,328,227,94,3
0,0,146,1,2,2,11,61,0,0,15,0,0,33,40,0,0,50,37,3,1
0,0,540,6,6,12,114,884,7,4,1405,4,2,67,770,0,11,117,1786,22,0
1,8,420,15,14,22,94,121,1,0,29,8,3,100,71,0,1,84,119,16,4
0,0,84,3,3,3,26,39,0,0,10,0,3,17,26,0,0,37,33,8,2
0,0,118,1,2,2,15,13,0,0,8,0,0,3,22,0,0,15,23,3,2
0,0,42,1,2,2,1,3,0,0,9,0,0,3,21,0,0,9,25,3,3
0,0,877,3,5,5,19,120,0,1,648,1,1,22,273,0,10,38,729,13,2
0,0,309,1,3,3,43,81,0,0,16,0,3,28,38,0,0,84,42,7,2
0,0,2620,26,26,50,107,491,40,1,644,15,31,371,345,0,44,343,1327,176,3
0,0,535,7,16,26,218,690,1,0,201,3,16,150,551,0,11,147,443,42,4
0,0,222,2,0,2,2,48,3,0,20,2,2,66,48,0,7,77,47,38,3
0,0,339,11,13,16,217,178,1,2,41,2,9,240,61,0,1,230,217,90,0
0,0,93,1,3,3,26,33,0,0,10,0,3,12,24,0,0,33,32,7,2
0,0,328,5,6,6,303,161,1,2,24,5,1,155,214,0,8,175,162,36,0
0,0,145,1,2,2,15,26,0,0,15,0,0,5,27,0,0,21,37,3,2
0,0,482,7,10,14,130,144,1,4,66,1,1,44,59,0,0,73,123,9,3
0,0,257,3,5,5,14,62,0,0,19,9,5,36,57,0,0,48,65,16,0
0,0,53,1,3,3,24,28,0,0,8,0,1,8,23,0,0,21,26,5,2
0,0,235,3,3,3,21,44,0,1,19,1,0,28,191,0,8,47,57,10,2
0,0,211,1,2,3,26,40,0,0,17,0,0,6,30,0,0,33,47,19,1
0,0,125,1,2,2,41,51,0,0,14,0,0,7,23,0,0,20,33,3,2
0,0,249,4,0,0,53,61,1,0,20,7,2,93,201,0,10,91,97,26,3
0,0,451,1,2,2,65,72,0,1,14,0,0,5,22,0,0,17,41,3,3
0,0,328,3,5,5,22,199,0,1,862,1,2,45,1041,0,11,85,1008,22,4
0,0,701,15,0,5,109,186,10,2,84,13,5,146,272,0,16,125,242,36,3
0,0,282,1,2,2,43,61,0,0,15,0,0,5,27,0,0,31,44,3,2
3,54,2056,20,17,25,2050,753,7,6,239,18,50,1829,770,0,20,2095,2301,93,4
0,14,4089,29,18,32,229,501,22,1,339,14,53,805,339,0,25,1290,1014,163,3
0,0,306,3,5,5,6,154,0,1,767,1,2,44,504,0,10,72,880,25,3
0,0,425,7,9,12,285,404,0,0,25,12,18,112,71,0,0,112,111,47,0
1,11,475,14,9,16,125,194,2,0,48,21,0,63,67,0,3,106,125,8,4
0,0,54,1,0,0,1,2,0,0,9,0,0,3,21,0,0,11,24,3,1
3,18,1038,36,6,11,55,338,8,5,1111,20,10,119,358,0,14,120,1257,39,4
0,0,151,1,3,3,56,46,1,0,18,0,0,27,30,0,0,56,62,3,1
0,0,424,3,5,5,19,129,0,1,762,1,1,22,276,0,11,48,856,13,2
0,0,376,1,3,3,94,110,1,0,17,0,0,17,35,0,0,70,60,3,1
0,0,384,4,4,8,47,138,4,0,48,3,2,44,75,0,0,55,134,13,0
0,7,492,4,11,21,205,328,0,8,78,0,0,82,50,0,0,289,123,7,4
0,0,430,1,3,3,6,72,0,0,21,0,4,16,36,0,0,37,50,8,1
0,0,215,2,2,2,31,45,0,0,75,0,0,9,33,0,1,27,109,3,2
0,0,229,3,1,1,13,21,1,0,15,7,3,35,37,0,0,39,50,18,4
0,0,294,4,7,7,24,62,0,1,472,3,1,27,240,0,10,41,533,16,0
0,0,76,1,2,2,36,43,0,0,8,0,0,7,24,0,0,18,23,3,2
0,0,235,1,3,3,6,25,0,0,10,0,13,13888,58,0,0,59,42,17,1
0,0,338,12,6,6,26,121,0,1,712,1,4,58,444,0,10,108,812,19,1
0,0,159,2,3,3,28,48,0,0,20,0,0,8,26,0,0,17,43,4,2
0,0,92,1,3,3,26,33,0,0,10,0,3,12,24,0,0,33,32,7,2
0,0,491,3,5,5,19,139,0,1,763,1,1,22,283,0,11,48,853,13,2
0,0,322,4,3,3,37,54,0,1,18,1,0,20,186,0,9,30,55,10,3
0,0,71,1,2,2,1,3,0,0,9,0,0,3,21,0,0,15,25,3,3
0,0,54,1,3,3,24,28,0,0,8,0,3,12,23,0,0,25,28,7,2
0,0,108,1,2,2,27,46,0,0,14,0,0,7,27,0,0,22,41,3,1
0,0,57,1,3,3,24,28,0,0,8,0,3,12,23,0,0,25,28,7,2
0,0,67,1,3,3,20,27,0,0,10,0,3,12,24,0,0,33,32,7,2
1,14,283,7,10,11,10,50,3,0,59,5,15,122,56,0,1,60,149,22,4
4,43,863,48,15,16,426,362,6,1,100,26,55,580,188,2,8,541,711,73,4
0,0,72,1,3,3,20,28,0,0,9,0,2,10,25,0,0,23,29,6,2
0,0,154,1,2,2,15,25,0,0,15,0,0,5,27,0,0,21,37,3,2
0,0,274,3,6,6,28,47,1,1,608,1,2,55,257,0,10,81,689,16,2
0,0,53,1,3,3,24,28,0,0,8,0,1,8,23,0,0,21,26,5,2
2,11,486,14,7,7,157,154,3,1,31,8,5,130,45,0,2,162,182,17,4
0,0,177,1,2,2,16,31,0,0,15,0,0,5,27,0,0,17,37,3,2
0,0,170,1,3,3,5,18,0,0,16,0,0,8,33,0,0,74,40,4,1
0,0,671,4,6,12,71,114,7,1,103,2,9,102,209,0,8,125,296,39,3
0,0,56,1,0,0,1,2,0,0,9,0,0,3,21,0,0,11,24,3,1
1,11,796,11,10,11,148,392,2,4,2046,4,3,114,854,0,12,192,2299,49,4
0,0,514,4,14,20,194,314,0,1,513,3,3,87,275,0,10,92,643,36,4
0,0,573,3,5,5,73,511,0,2,2262,1,2,82,7637,0,11,186,2559,31,1
3,24,764,22,12,13,229,188,5,2,66,19,34,287,83,2,4,321,392,50,4
0,0,43,1,0,0,1,2,0,0,8,0,0,3,21,0,0,11,22,3,4
0,0,1519,3,7,9,43,158,2,0,123,1,11,39,36,0,0,89,265,38,3
0,0,145,4,3,3,10,35,0,0,52,3,0,17,42,0,0,28,76,5,0
0,0,90,2,3,3,28,41,0,0,10,0,2,15,26,0,0,35,32,7,2
0,0,337,6,10,15,11,79,0,1,707,3,2,47,293,0,11,63,784,27,0
0,0,268,1,3,3,54,88,0,0,15,0,0,54,34,0,0,83,94,3,1
0,0,3232,19,22,43,262,617,13,2,1407,20,43,544,429,0,43,523,2184,200,3
0,0,264,1,2,2,18,22,0,0,14,0,0,5,30,0,0,17,42,3,2
0,168,2943,13,29,49,132,496,10,1,556,20,29,373,334,0,33,295,1098,338,3
0,0,50,1,3,3,24,28,0,0,8,0,1,8,23,0,0,21,26,5,2
0,0,319,3,6,6,66,126,0,2,596,1,2,44,291,0,10,81,669,17,2
0,0,430,1,3,3,3,14,0,0,30,3,1,13,392,0,0,18,56,5,3
2,18,1343,25,17,18,399,534,4,10,1284,15,61,426,1294,3,14,428,1722,103,4
0,0,258,3,5,5,11,41,0,2,550,1,3,45,256,0,10,72,615,21,1
0,0,156,2,3,3,1,2,0,0,10,1,0,7,26,0,0,17,33,3,3
0,0,297,1,3,3,20,40,0,0,16,0,1,15,27,0,0,29,49,6,2
0,0,1624,26,8,11,221,272,3,0,71,7,7,148,80,0,3,199,279,19,3
0,0,87,1,3,3,20,27,0,0,10,0,3,12,24,0,0,33,32,7,2
0,0,56,1,3,3,24,28,0,0,8,0,2,10,23,0,0,23,27,6,2
0,0,431,1,2,2,139,180,0,0,16,0,0,5,33,0,0,49,48,3,1
0,0,108,2,0,2,26,29,0,0,10,0,0,11,22,0,0,22,33,16,3
0,0,879,3,5,5,19,118,0,1,735,1,1,22,281,0,10,38,818,13,2
0,0,101,1,2,2,19,28,0,0,14,0,0,7,27,0,0,16,34,3,2
0,0,59,1,3,3,31,35,0,0,8,0,3,12,23,0,0,25,28,7,2
0,0,258,1,3,3,20,37,0,0,16,0,0,10,26,0,0,23,47,4,2
0,0,124,2,3,3,4,5,0,0,10,1,0,6,25,0,0,17,29,3,3
0,0,246,3,0,1,9,35,0,0,22,1,0,43,190,0,8,50,54,20,3
0,0,223,2,0,2,2,48,3,0,20,2,2,66,48,0,7,77,47,38,3
0,0,22,1,0,0,1,2,0,0,8,0,0,3,21,0,0,11,22,3,1
0,0,124,1,3,3,33,61,0,0,14,0,0,16,33,0,0,33,44,4,2
0,0,241,1,2,2,37,41,0,0,14,0,0,5,26,0,0,17,41,3,2
0,0,171,1,3,3,95,102,0,0,26,0,0,44,28,0,0,16,70,4,3
0,0,1532,3,7,9,43,157,2,0,123,1,11,39,44,0,0,89,265,38,3
0,0,356,3,9,9,19,278,0,2,828,1,2,53,1174,0,10,85,1044,145,3
0,0,34,1,2,2,1,2,0,0,8,0,0,3,21,0,0,11,23,3,1
0,5,1403,1,16,27,4,80,3,4,210,6,1,17,33,0,1,333,390,9,4
0,0,483,3,3,3,9,14,0,1,14,1,0,18,177,0,8,19,40,10,2
0,0,56,1,0,0,1,2,0,0,9,0,0,3,21,0,0,11,24,3,1
0,0,396,5,1,4,112,93,2,0,37,4,2,203,220,0,14,225,157,59,3
0,160,3171,11,29,59,175,608,30,0,796,20,34,499,400,0,36,359,1512,366,3
0,0,132,1,2,2,11,61,0,0,15,0,0,33,40,0,0,50,37,3,1
0,0,269,1,2,2,18,22,0,0,14,0,0,5,26,0,0,17,42,3,2
0,0,308,3,8,8,33,73,0,2,536,1,2,48,260,0,10,61,605,19,3
0,0,143,1,3,3,1,21,0,0,50,0,0,6,45,0,0,31,77,4,1
0,0,42,1,3,3,1,2,0,0,8,0,0,8,21,0,0,18,23,3,3
0,0,234,1,2,2,19,26,0,0,14,0,0,5,22,0,0,15,34,3,2
0,0,369,4,7,7,80,299,0,2,74,7,4,75,621,0,11,114,298,27,0
0,159,4185,12,36,76,550,785,32,0,784,21,44,1038,430,0,61,865,1860,419,3
0,6,1754,39,11,19,340,691,11,2,2078,33,224,859,431,0,39,901,2843,295,1
0,0,163,1,3,3,56,46,1,0,18,0,0,27,30,0,16,56,62,3,1
5,37,1451,55,21,23,885,865,8,8,160,340,82,1017,178,1,5,1188,1108,117,4
0,0,256,1,2,2,43,63,0,0,15,0,0,5,27,0,0,31,44,3,2
0,0,404,5,0,3,73,107,5,0,46,5,2,186,226,0,23,194,149,67,3
0,0,214,2,2,4,46,86,2,1,32,1,0,13,38,0,0,26,90,3,0
0,0,214,4,4,4,4,9,0,0,13,2,0,22,180,0,8,22,42,10,3
0,0,29,1,0,1,2,11,0,0,9,1,0,8,25,0,0,17,27,15,3
0,0,230,9,9,13,48,113,0,0,15,6,8,43,54,0,0,75,68,19,0
0,0,344,2,0,0,17,16,1,0,15,0,0,25,30,0,0,34,52,11,3
0,0,305,4,3,3,49,64,0,1,18,1,0,20,186,0,9,30,54,10,3
0,0,52,1,3,3,24,28,0,0,8,0,1,8,23,0,0,21,26,5,2
1,0,866,32,7,7,180,375,0,2,22,145,37,578,286,2,8,1449,138,63,1
0,0,50,1,3,3,24,28,0,0,8,0,1,8,23,0,0,21,26,5,2
0,0,273,1,2,2,18,22,0,0,14,0,0,5,26,0,0,17,42,3,2
0,0,322,2,5,5,1183,161,1,0,15,1,3,89,58,0,0,83,75,15,0
0,0,52,1,3,3,24,28,0,0,8,0,1,8,23,0,0,21,26,5,2
1,6,1083,13,15,18,69,158,4,2,84,6,22,145,93,1,1,139,232,43,4
0,3,325,8,10,13,59,97,0,2,16,1,3,34,30,0,0,49,61,20,4
0,0,393,1,2,2,215,250,0,0,26,0,0,5,33,0,0,45,58,3,1
0,0,151,1,3,6,55,76,1,0,21,0,0,13,32,0,0,19,59,3,3
0,0,54,1,3,3,24,28,0,0,8,0,3,12,23,0,0,25,28,7,2
0,0,155,1,2,2,15,27,0,0,15,0,0,5,27,0,0,21,37,3,2
0,0,156,1,2,2,15,27,0,0,15,0,0,5,27,0,0,21,37,3,2
0,0,391,4,5,9,81,152,4,2,52,6,2,53,54,0,0,60,143,13,0
0,0,63,1,0,0,1,4,0,0,8,0,0,4,21,0,0,23,22,5,3
0,0,181,2,2,2,31,45,0,0,35,0,0,9,29,0,0,25,61,3,2
0,0,92,1,3,3,26,33,0,0,10,0,3,12,24,0,0,33,32,7,2
0,0,93,7,8,10,29,47,1,0,16,2,0,42,34,0,0,53,67,23,0
0,0,1499,7,24,33,94,285,5,0,187,6,8,210,241,0,15,268,447,74,3
0,0,880,3,5,5,19,118,0,1,735,1,1,22,281,0,10,38,818,13,2
0,0,53,1,3,3,24,28,0,0,8,0,1,8,23,0,0,21,26,5,2
0,0,95,2,3,3,1,2,0,0,8,1,0,4,21,0,0,11,23,3,3
0,0,2547,11,25,42,535,498,8,0,309,16,25,633,283,0,25,676,999,117,3
0,22,339,5,4,6,29,101,0,1,29,9,5,41,57,0,0,41,85,15,0
0,0,156,2,3,3,1,2,0,0,10,1,0,7,26,0,0,17,33,3,3
0,0,346,3,6,6,72,233,0,1,885,1,1,51,1421,0,11,152,1093,22,3
0,0,346,1,2,2,159,211,0,0,26,0,0,5,29,0,0,45,66,3,1
0,0,173,2,4,4,10,47,0,0,15,1,2,34,41,0,0,45,47,13,0
0,0,300,4,6,6,44,64,1,0,19,2,2,55,191,0,8,58,80,19,0
1,3,1086,17,8,9,117,156,2,3,79,4,7,104,235,0,9,146,237,32,4
0,0,3181,163,37,80,2345,1915,56,4,564,34,49,2504,710,0,67,2630,2988,449,3
0,0,52,1,3,3,24,28,0,0,8,0,1,8,23,0,0,21,26,5,2
0,0,273,1,2,2,18,22,0,0,14,0,0,5,30,0,0,17,42,3,2
0,0,266,1,3,3,48,80,0,0,14,0,2,22,35,0,0,54,45,6,2
0,0,180,1,3,3,22,47,0,0,14,0,0,12,26,0,0,40,44,4,2
0,0,2956,11,29,48,551,564,10,0,375,18,29,691,292,0,26,723,1147,146,3
0,0,418,5,1,2,72,102,5,0,37,3,2,181,221,0,16,190,133,54,3
0,0,226,2,6,10,30,55,0,2,16,0,0,9,22,0,0,21,64,3,3
0,0,144,1,2,2,11,61,0,0,15,0,0,33,40,0,0,50,37,3,1
0,0,943,3,5,5,19,132,0,1,771,1,1,22,284,0,10,38,856,13,2
0,0,192,3,5,5,32,67,0,0,15,5,1,27,41,0,0,32,54,11,0
1,13,746,16,14,20,80,313,5,2,56,15,22,135,73,0,2,130,204,30,4
0,0,34,1,0,0,1,2,0,0,8,0,0,3,21,0,0,11,22,3,1
0,0,379,32,3,3,129,153,0,0,14,7,2,12,31,0,0,49,37,6,4
0,0,140,3,3,3,48,29,1,0,10,0,0,37,29,0,0,69,62,3,1
1,24,689,20,10,10,62,139,1,0,78,9,29,189,230,2,13,140,209,49,4
0,0,52,1,3,3,24,28,0,0,8,0,1,8,23,0,1,21,26,5,2
0,0,301,1,3,3,43,81,0,0,15,0,3,28,42,0,0,84,40,7,2
0,0,305,3,5,5,7,147,0,1,786,1,2,44,506,0,10,72,897,25,3
0,0,402,6,10,14,140,179,1,4,19,6,3,116,207,0,8,132,137,30,0
0,0,405,3,5,5,19,135,0,1,782,1,1,22,290,0,11,48,874,13,2
0,0,146,1,2,2,25,36,0,0,15,0,0,7,30,0,0,18,44,3,1
0,0,108,2,0,2,26,29,0,0,10,0,0,11,22,0,0,22,33,16,3
0,0,290,2,3,3,18,40,0,0,25,2,0,11,32,0,0,27,59,7,0
0,474,362,8,0,2,60,98,3,0,39,5,1,59,49,0,5,47,90,7,4
0,0,52,1,3,3,24,28,0,0,8,0,1,8,23,0,0,21,26,5,2
0,0,87,1,3,3,26,33,0,0,10,0,3,12,24,0,0,33,32,7,2
0,0,330,1,4,5,6,55,1,0,64,0,0,12,35,0,0,52,139,14,1
0,0,251,1,2,2,18,22,0,0,14,0,0,5,26,0,0,17,42,3,2
0,0,225,1,3,3,5,12,0,0,10,0,8,14043,54,0,0,54,37,12,1
0,0,753,1,6,8,21,594,1,0,64,3,1,19,66,0,0,74,147,17,3
0,0,110,1,0,0,3,10,0,0,9,3,0,9,27,0,2,13,25,13,3
0,0,213,1,7,10,31,42,0,0,15,0,0,8,26,0,0,15,40,5,3
0,160,4001,12,36,66,225,619,12,0,491,21,42,781,334,0,56,501,1259,416,3
0,0,329,1,4,5,6,55,1,0,64,0,0,12,31,0,0,52,139,14,1
0,0,186,1,3,3,22,47,0,0,14,0,0,12,26,0,0,40,44,4,2
0,0,466,4,12,16,285,395,0,0,24,6,11,102,58,0,0,90,100,35,0
0,0,239,2,3,3,112,168,1,0,11,0,0,87,82,0,11,137,94,3,1
0,0,80,1,2,2,12,19,0,0,14,0,0,5,22,0,0,15,34,3,2
0,0,0,0,0,0,0,0,0,0,0,0,0,0,0,0,0,0,0,0,2
0,0,35,1,2,2,1,2,0,0,8,0,0,3,21,0,0,11,23,3,3
0,0,272,1,4,5,3,50,1,0,69,0,0,14,32,0,0,47,144,14,3
0,0,281,3,7,10,30,46,0,3,17,0,0,7,24,0,4,25,50,3,3
0,0,308,4,3,3,42,59,0,1,18,1,0,20,182,0,9,30,55,10,3
0,0,56,1,0,0,1,2,0,0,9,0,0,3,21,0,0,11,24,3,1
0,0,57,1,3,3,24,28,0,0,8,0,3,12,23,0,0,25,28,7,2
0,0,219,1,3,3,56,69,0,0,15,0,0,8,29,0,0,15,37,4,2
0,0,42,2,4,5,2,8,0,0,8,0,0,5,32,0,0,21,27,5,1
0,0,34,1,0,0,1,2,0,0,8,0,0,3,21,0,0,15,22,3,4
0,0,52,1,3,3,24,28,0,0,8,0,1,8,23,0,0,21,26,5,2
0,0,169,1,3,3,5,18,0,0,16,0,0,8,33,0,0,74,40,4,1
0,0,391,3,6,6,17,114,0,1,763,1,7,39,281,0,11,72,849,20,2
0,0,103,1,2,2,16,22,0,0,14,0,0,5,22,0,0,15,34,3,2
0,0,51,1,3,3,24,28,0,0,8,0,1,8,23,0,0,21,26,5,2
0,6391,2580,17,10,28,719,952,20,2,1018,25,84,1119,449,0,66,1067,2053,258,3
0,0,943,3,5,5,19,126,0,1,701,1,1,22,284,0,10,38,784,13,2
0,0,56,1,0,0,1,2,0,0,9,0,0,3,21,0,0,11,24,3,1
0,0,94,1,3,3,26,33,0,0,10,0,3,12,24,0,0,39,32,7,2
0,0,26,1,0,1,2,9,0,0,9,1,0,8,21,0,0,17,27,15,3
0,0,256,1,2,2,18,22,0,0,14,0,0,5,30,0,0,17,42,3,2
0,0,235,2,0,1,4,11,0,0,11,0,0,11,28,0,0,16,29,6,4
0,0,153,1,3,3,17,25,0,0,16,0,0,7,26,0,0,25,46,3,2
0,0,55,1,3,3,24,28,0,0,8,0,1,8,23,0,0,21,26,5,2
0,0,243,1,2,2,18,22,0,0,14,0,0,5,26,0,0,17,42,3,2
1,0,1386,84,10,12,151,446,2,3,1316,80,3,137,527,0,11,503,1584,44,4
0,160,3154,13,29,59,130,594,30,0,792,22,28,465,407,0,38,316,1455,356,3
0,0,54,1,3,3,24,28,0,0,8,0,3,12,23,0,1,25,28,7,2
3,17,1068,20,13,16,2330,879,5,4,73,29,55,2066,717,4,6,2362,2450,47,4
0,0,487,9,10,12,68,271,0,4,1183,11,25,147,392,0,11,136,1317,76,0
0,0,252,1,2,2,18,22,0,0,14,0,0,5,26,0,0,17,42,3,2
0,0,428,3,5,5,19,136,0,1,746,1,1,22,290,0,11,48,837,13,2
0,0,56,1,3,3,24,28,0,0,8,0,2,10,23,0,0,23,27,6,2
0,0,87,1,3,3,20,27,0,0,10,0,3,12,24,0,0,33,32,7,2
0,0,38,1,0,0,1,2,0,0,8,0,0,3,21,0,0,11,22,3,0
0,4092,1202,35,41,55,172,16993,0,1,1081,6,25,318,17108,0,14,212,1605,87,0
0,0,49,1,0,1,66,41,1,0,10,1,0,70,21,0,0,82,91,15,3
0,0,56,1,3,3,24,28,0,0,8,0,3,12,23,0,0,25,28,7,2
0,0,162,1,3,3,56,46,1,0,18,0,0,27,30,0,0,56,62,3,1
0,0,355,3,3,3,9,13,0,1,13,1,0,18,177,0,8,19,37,10,2
0,0,269,1,4,5,3,50,1,0,69,0,0,14,28,0,0,43,144,14,3
0,0,205,2,3,3,18,49,0,0,25,2,0,11,32,0,0,27,59,7,0
0,5,1672,1,26,48,5,132,4,4,231,6,1,26,42,0,1,374,458,15,4
0,0,316,4,3,3,37,54,0,1,18,1,0,20,186,0,9,30,55,10,3
0,0,44,1,2,2,1,3,0,0,9,0,0,3,21,0,0,9,25,3,3
0,0,2901,11,29,48,551,566,10,0,375,18,29,691,296,0,26,723,1147,146,3
0,0,38,2,4,5,2,10,0,0,8,0,0,5,28,0,0,21,27,5,1
0,0,2189,75,15,23,66,328,58,0,496,7,13,200,90,1,7,398,789,61,3
0,0,93,0,2,2,45,48,0,0,2,5,0,1,19,0,1,20,50,0,2
0,0,270,3,6,6,60,288,0,2,70,5,2,51,609,0,11,88,283,17,0
6,8,1545,88,21,32,1042,396,18,0,215,26,54,1083,244,0,4,1125,1192,186,1
0,0,271,3,6,6,15,58,0,1,541,1,2,46,256,0,11,70,607,13,2
0,0,136,2,0,0,33,52,0,0,16,1,0,15,25,0,0,24,44,3,0
0,0,382,5,11,14,38,172,0,2,556,6,5,87,312,0,11,93,652,53,0
0,0,465,74,4,4,14955,830,1,0,78,68,18,10180,45,0,0,12909,7654,24,1
0,0,91,1,3,3,26,33,0,0,10,0,3,12,24,0,0,33,32,7,2
0,0,266,2,3,3,62,116,0,0,15,1,1,36,43,0,0,48,49,9,0
4,31,1146,33,15,16,498,316,2,5,97,22,39,530,263,1,17,563,629,62,4
0,0,109,1,2,2,16,23,0,0,14,0,0,5,22,0,0,15,34,3,2
0,0,945,1,5,5,87,108,0,2,16,0,0,14,24,1,0,38,50,6,4
0,18,593,8,10,15,84,311,2,1,45,9,5,199,280,0,8,91,146,104,0
0,0,330,4,6,6,117,144,0,3,18,5,0,14,26,0,0,39,44,8,4
0,0,75,2,3,3,20,33,0,0,10,0,3,17,26,0,0,43,33,8,2
0,0,182,1,3,3,61,42,1,0,15,0,0,23,22,0,0,44,63,3,4
0,0,880,3,5,5,19,115,0,1,754,1,1,22,285,0,10,38,837,13,2
1,44,1586,57,21,36,729,330,9,2,108,15,148,1147,293,3,20,1009,903,185,4
0,0,146,1,2,2,11,61,0,0,15,0,0,33,40,0,0,50,37,3,1
0,0,51,1,3,3,24,28,0,0,8,0,1,8,23,0,0,21,26,5,2
0,0,57,1,0,0,11,11,1,0,8,0,0,18,26,0,0,23,29,5,3
0,0,477,3,5,5,29,186,0,2,1132,1,1,22,314,0,10,55,1242,13,2
0,0,272,5,4,4,65,98,4,1,16,14,1,24,41,0,0,103,52,13,0
0,0,55,1,3,3,24,28,0,0,8,0,3,12,23,0,0,25,28,7,2
0,0,843,11,14,20,95,248,4,2,124,8,12,174,87,0,0,221,346,97,0
0,0,263,1,2,2,18,22,0,0,14,0,0,5,30,0,0,17,42,3,2
0,0,218,5,0,2,17,67,2,1,34,4,2,33,46,0,0,40,82,5,3
0,0,51,1,3,3,24,28,0,0,8,0,1,8,23,0,0,21,26,5,2
0,0,236,2,6,8,32,44,0,2,16,0,0,5,26,0,0,21,46,3,3
0,0,166,3,3,3,9,20,0,1,17,1,0,20,177,0,8,24,44,10,0
0,0,942,4,3,5,40,182,3,0,126,3,10,413,218,0,26,155,307,111,3
0,0,158,1,2,2,15,25,0,0,15,0,0,5,27,0,0,21,37,3,2
0,0,219,5,0,0,20,34,1,1,15,3,0,38,183,0,8,28,37,10,0
0,0,864,3,5,5,19,116,0,1,665,1,1,22,281,0,10,38,746,13,2
0,0,294,4,5,5,13,95,0,0,63,1,2,49,263,0,10,64,113,16,4
1,0,957,4,5,5,177,156,1,0,16,4,7,81,34,0,0,95,107,12,4
0,0,182,7,7,9,8,45,0,0,15,5,4,51,41,0,0,45,63,28,0
0,0,252,1,3,3,14,24,0,0,16,0,0,10,28,0,0,26,41,3,2
0,0,136,1,3,3,5,14,0,0,13,0,0,7,30,2,0,33,32,3,1
0,0,121,1,4,4,53,38,1,0,11,0,0,56,31,0,6,88,82,4,3
0,0,292,3,5,5,7,147,0,1,784,1,2,44,492,0,10,72,896,25,3
0,0,234,3,10,14,20,30,1,2,19,1,1,36,39,0,0,56,66,7,3
0,0,47,1,0,1,56,35,1,0,10,1,0,60,29,0,0,72,81,15,3
0,0,221,1,5,6,52,84,0,0,14,0,0,11,28,0,0,57,54,4,0
0,0,2961,11,29,48,538,560,10,0,375,18,29,681,300,0,26,711,1140,146,3
0,0,256,2,3,3,18,40,0,0,25,2,0,11,36,0,0,27,59,7,0
0,0,163,1,3,3,56,46,1,0,18,0,0,27,30,0,0,56,62,3,1
0,0,57,1,3,3,24,28,0,0,8,0,3,12,23,0,0,25,28,7,2
0,0,427,3,5,5,19,117,0,1,816,1,1,22,281,0,10,46,902,13,2
1,10,1345,3,8,25,263,367,3,2,200,5,4,202,233,0,19,305,518,31,4
0,0,131,3,3,3,48,29,1,0,10,0,0,37,28,0,0,65,62,3,1
0,0,407,14,6,6,32,117,0,1,913,1,5,60,300,0,10,124,1005,20,1
1,13,686,20,8,9,212,331,2,0,1153,6,2,161,533,0,11,232,1413,31,4
5,34,1819,30,22,28,178,221,4,2,1021,12,19,327,516,0,16,327,1317,57,4
0,0,1532,9,10,11,399,495,2,11,66,1,28,319,292,0,8,305,489,26,3
0,0,401,34,15,27,26,92,0,0,719,2,11,101,298,1,10,141,820,29,3
0,0,131,1,0,0,3,24,4,0,10,4,0,26,31,0,4,19,26,23,3
0,0,473,3,5,5,19,140,0,1,818,1,1,22,290,0,11,48,911,13,2
0,0,150,1,3,3,1,6,0,0,35,0,0,6,28,0,0,33,59,4,1
0,0,340,1,4,5,6,55,1,0,65,0,0,12,31,0,0,62,141,14,1
0,0,283,3,11,14,1517,1087,1,1,19,4,2,466,53,0,0,616,378,11,0
0,0,322,4,1,3,230,102,2,0,30,4,5,476,217,0,22,328,212,90,3
0,0,529,1,0,0,13,32,0,0,27,1,0,10,23,0,0,25,58,15,4
0,0,89,0,2,2,45,48,0,0,2,5,0,1,7,0,1,20,50,0,2
0,0,225,1,3,3,5,12,0,0,10,0,8,13783,54,0,0,54,37,12,1
0,0,359,3,6,6,16,75,0,2,582,1,5,38,248,0,11,78,646,19,2
0,0,154,1,2,2,15,25,0,0,15,0,0,5,27,0,0,21,37,3,2
0,0,383,3,9,9,32,135,0,2,787,1,2,58,552,0,10,93,895,16,3
0,0,266,1,3,3,29,39,0,0,15,0,0,75,60,0,0,81,44,3,1
0,0,52,1,3,3,24,28,0,0,8,0,1,8,23,0,0,21,26,5,2
0,0,404,3,5,5,19,136,0,1,819,1,1,22,290,0,11,48,912,13,2
0,0,156,1,2,2,15,25,0,0,15,0,0,5,27,0,0,21,37,3,2
0,0,450,387,3,3,27,47,0,0,15,0,7,2320,46,0,0,2336,52,12,0
0,0,2900,11,29,48,525,562,10,0,375,18,29,671,296,0,26,699,1133,146,3
0,0,177,2,2,2,31,45,0,0,35,0,0,9,29,0,0,21,61,3,2
0,0,54,1,3,3,24,28,0,0,8,0,3,12,23,0,0,25,28,7,2
0,0,291,3,5,5,7,145,0,1,767,1,2,44,499,0,10,72,878,25,3
0,0,118,1,2,2,15,13,0,0,8,0,0,3,22,0,0,15,23,3,2
0,0,200,7,3,3,31,45,0,0,45,0,0,10,38,0,0,22,74,4,2
0,0,188,2,3,3,18,40,0,0,25,3,0,11,32,0,0,27,59,7,0
0,0,256,1,2,2,37,64,0,0,16,0,0,5,42,0,0,34,52,15,1
0,0,458,3,5,5,29,175,0,2,1200,1,1,22,315,0,10,53,1312,13,2
0,0,88,2,3,3,26,40,0,0,10,0,3,17,26,0,0,37,33,8,2
0,0,93,1,2,2,14,19,0,0,14,0,0,5,21,0,0,15,34,3,2
0,0,16,0,0,1,0,5,0,0,661,0,0,9,11,0,0,0,682,0,3
0,0,394,3,6,6,17,113,0,1,763,1,7,39,281,0,11,72,849,20,2
0,0,120,1,2,2,39,47,0,2,14,0,0,5,26,0,0,19,41,3,1
0,0,2894,11,29,48,538,562,10,0,375,18,26,691,296,0,35,718,1137,143,3
0,0,170,1,3,3,5,18,0,0,16,0,0,8,33,0,0,74,40,4,1
0,0,167,1,2,2,15,25,0,0,15,0,0,5,27,0,0,21,37,3,2
0,0,412,3,5,5,19,138,0,1,728,1,1,22,298,0,11,48,818,13,2
0,0,90,2,3,3,28,41,0,0,10,0,2,15,26,0,0,35,32,7,2
0,0,108,2,0,2,26,29,0,0,10,0,0,11,22,0,0,22,33,16,3
0,0,108,1,2,2,31,38,0,0,14,0,0,7,25,0,0,15,33,3,2
0,0,79,1,3,3,26,33,0,0,10,0,3,12,24,0,0,39,32,7,2
0,0,872,3,5,5,19,120,0,1,715,1,1,22,274,0,11,38,798,13,2
0,0,94,1,3,3,26,33,0,0,10,0,3,12,24,0,0,33,32,7,2
0,0,135,7,7,9,8,47,0,0,9,4,2,40,47,0,0,36,37,18,0
2,0,615,10,13,13,137,198,1,1,885,4,12,148,319,1,10,158,1030,29,4
0,4,3542,12,6,9,77,227,4,1,95,2,0,108,742,0,11,131,1504,76,4
0,0,381,2,3,3,18,40,0,0,25,2,0,11,32,0,0,27,59,7,0
0,0,377,6,133,134,81,464,2,0,1460,3,19,576,774,0,11,263,2021,37,4
0,0,206,2,3,3,112,120,1,0,11,0,0,87,62,0,7,133,94,3,1
0,0,42,1,2,2,1,3,0,0,9,0,0,3,21,0,0,9,25,3,3
2,0,1022,14,9,11,214,140,1,0,19,10,23,221,110,3,2,245,226,31,4
0,0,2362,21,19,28,332,796,6,15,1002,27,45,474,387,0,16,945,1646,253,0
0,0,112,1,2,2,16,22,0,0,14,0,0,5,22,0,0,15,34,3,2
1,2,503,24,4,4,170,263,2,20,24,22,2,28,38,0,1,119,55,6,4
0,0,914,3,8,10,50,166,2,0,127,0,10,47,43,0,0,92,278,37,3
0,0,181,1,2,2,16,31,0,0,15,0,0,5,27,0,0,17,37,3,2
0,0,237,4,0,0,53,61,1,0,20,7,2,92,191,0,10,88,97,26,3
0,0,2894,12,29,48,538,563,10,0,374,18,29,681,296,0,26,711,1140,146,3
0,0,288,4,2,4,230,102,2,0,30,4,6,486,217,0,25,325,217,93,3
0,22,582,17,7,10,161,151,1,0,71,47,29,196,44,0,7,283,343,57,3
0,26,458,5,3,5,51,181,0,1,922,6,5,152,329,0,11,112,1038,94,0
4,28,1219,62,13,14,489,354,2,4,71,41,33,543,252,16,15,586,650,55,4
0,0,129,1,2,2,1,5,0,0,10,10,0,23,28,0,0,30,27,39,1
0,0,300,4,1,3,231,103,2,0,34,5,10,503,217,0,22,348,225,96,3
0,0,166,1,3,3,21,46,0,0,14,0,0,12,26,0,0,32,44,4,2
0,0,363,6,6,6,31,419,0,4,1209,2,7,64,945,0,12,97,1570,33,3
0,0,396,1,8,11,78,189,0,3,68,0,8,118,66,0,0,65,105,10,4
0,0,870,3,5,5,19,116,0,1,735,1,1,22,281,0,11,38,818,13,2
1,0,987,7,8,12,92,124,1,0,19,7,8,81,106,3,3,209,100,15,4
0,0,115,1,0,0,3,10,0,0,9,3,0,9,27,0,2,13,25,13,3
0,0,213,1,4,4,14,30,0,0,18,0,0,15,22594,9,1,65,38,4,1
0,0,55,1,3,3,24,28,0,0,8,0,3,12,23,0,0,25,28,7,2
0,0,1245,21,12,14,1768,343,1,2,1077,26,15,321,364,1,12,246,1271,152,0
0,0,46,1,0,1,56,36,1,0,10,1,0,60,21,0,0,72,81,15,3
1,49,2273,20,12,16,387,298,10,4,131,21,39,283,100,0,6,397,475,59,4
0,0,169,2,3,3,44,71,0,0,16,0,5,25,36,0,0,58,54,10,2
0,0,36,1,0,0,1,2,0,0,8,0,0,3,21,0,0,11,22,3,0
0,0,90,2,3,3,28,41,0,0,10,0,2,15,26,0,0,35,32,7,2
0,0,502,6,9,9,204,480,1,2,1349,4,20,137,1346,0,10,191,1591,74,1
0,0,93,1,3,3,26,33,0,0,10,0,3,12,24,0,0,33,32,7,2
0,0,1576,2,9,13,4137,208,1,4,15,0,0,198,25,0,0,223,229,9,4
0,0,912,3,8,10,50,160,2,0,122,0,10,45,39,0,0,92,270,37,3
0,0,343,3,6,6,25,91,0,2,501,1,5,39,246,0,11,81,572,19,2
0,97,731,16,9,11,179,279,1,3,101,5,5,142,288,1,14,236,210,20,4
0,0,16,0,0,1,0,5,0,0,732,0,0,10,12,0,0,0,754,0,3
0,0,357,4,7,8,3719,231,1,0,22,2,2,2771,61,1,0,3187,2117,422,0
2,6,1338,26,6,7,2108,1797,1,0,29,35,12,606,82,1,1,826,748,20,4
0,5,1253,1,21,35,3,48,3,4,212,6,1,18,33,0,1,341,281,7,4
0,0,57,1,3,3,24,28,0,0,8,0,3,12,23,0,0,25,28,7,2
0,0,90,2,3,3,28,41,0,0,10,0,2,15,26,0,0,35,32,7,2
1,0,575,11,10,29,255,251,7,0,17,2,3,97,45,0,0,143,130,7,4
0,0,231,2,14,17,41,85,2,0,20,1,1,44,38,0,4,68,67,6,0
0,0,295,3,3,3,9,13,0,1,13,1,0,18,177,0,8,19,38,10,2
1,9,1092,23,11,21,1065,845,3,10,924,62,45,740,715,21,13,886,1826,68,4
5,30,1417,20,23,58,1398,593,22,0,4120,2,18,1209,145,4,1,1343,6435,36,4
0,0,3265,18,22,43,397,665,13,2,1411,26,43,660,441,0,48,662,2265,201,3
0,0,53,1,3,3,24,28,0,0,8,0,3,12,23,0,0,25,28,7,2
0,0,272,3,5,5,96,118,0,0,17,1,0,31,187,0,8,28,50,11,3
0,1,806,5,4,4,152,178,0,0,17,0,0,9,47,0,0,42,49,4,4
0,0,408,3,6,6,17,119,0,1,765,1,7,39,282,0,11,72,851,20,2
5,13,810,25,10,11,146,398,2,3,1276,6,2,213,781,0,12,298,1540,29,4
0,0,369,3,6,6,72,214,0,1,965,1,1,51,1414,0,10,152,1175,22,3
0,0,254,1,2,2,18,22,0,0,14,0,0,5,34,0,0,17,42,3,2
0,0,124,1,2,2,12,22,0,0,15,0,0,5,23,0,0,15,37,3,2
0,10,613,5,5,8,49,144,1,5,79,8,3,61,202,0,8,65,189,37,0
0,0,109,1,2,2,29,48,0,0,14,0,0,7,27,0,0,22,43,3,1
0,0,324,1,4,5,6,55,1,0,64,0,0,12,31,0,0,52,139,14,1
0,0,135,1,2,2,11,61,0,0,15,0,0,33,40,0,0,50,37,3,1
0,4,1509,3,8,9,902,678,2,0,49,1,31,663,55,0,0,559,441,45,0
0,0,394,3,3,7,47,119,4,0,48,2,0,21,54,0,0,39,124,4,0
0,0,506,4,4,4,101,129,0,5,17,1,9,49,186,0,8,57,58,21,4
0,0,213,2,2,2,31,47,0,0,75,0,0,9,33,0,1,27,117,3,2
2,40,4494,29,19,21,461,491,3,36,163,10,21,323,343,2,14,533,566,67,4
0,0,602,9,8,9,41,148,2,1,673,14,4,133,293,0,10,138,850,59,0
0,0,57,1,0,0,1,2,0,0,9,0,0,3,21,0,0,11,24,3,1
